# Stamina — Y-up, arena-scale units
mtllib top_stamina.mtl
o Stamina
v 0.001080 0.000000 0.000000
v 0.001071 0.000000 0.000141
v 0.001043 0.000000 0.000280
v 0.000998 0.000000 0.000413
v 0.000935 0.000000 0.000540
v 0.000857 0.000000 0.000657
v 0.000764 0.000000 0.000764
v 0.000657 0.000000 0.000857
v 0.000540 0.000000 0.000935
v 0.000413 0.000000 0.000998
v 0.000280 0.000000 0.001043
v 0.000141 0.000000 0.001071
v 0.000000 0.000000 0.001080
v -0.000141 0.000000 0.001071
v -0.000280 0.000000 0.001043
v -0.000413 0.000000 0.000998
v -0.000540 0.000000 0.000935
v -0.000657 0.000000 0.000857
v -0.000764 0.000000 0.000764
v -0.000857 0.000000 0.000657
v -0.000935 0.000000 0.000540
v -0.000998 0.000000 0.000413
v -0.001043 0.000000 0.000280
v -0.001071 0.000000 0.000141
v -0.001080 0.000000 0.000000
v -0.001071 0.000000 -0.000141
v -0.001043 0.000000 -0.000280
v -0.000998 0.000000 -0.000413
v -0.000935 0.000000 -0.000540
v -0.000857 0.000000 -0.000657
v -0.000764 0.000000 -0.000764
v -0.000657 0.000000 -0.000857
v -0.000540 0.000000 -0.000935
v -0.000413 0.000000 -0.000998
v -0.000280 0.000000 -0.001043
v -0.000141 0.000000 -0.001071
v -0.000000 0.000000 -0.001080
v 0.000141 0.000000 -0.001071
v 0.000280 0.000000 -0.001043
v 0.000413 0.000000 -0.000998
v 0.000540 0.000000 -0.000935
v 0.000657 0.000000 -0.000857
v 0.000764 0.000000 -0.000764
v 0.000857 0.000000 -0.000657
v 0.000935 0.000000 -0.000540
v 0.000998 0.000000 -0.000413
v 0.001043 0.000000 -0.000280
v 0.001071 0.000000 -0.000141
v 0.000000 0.000000 0.000000
v 0.002296 0.001200 0.000000
v 0.002276 0.001200 0.000300
v 0.002218 0.001200 0.000594
v 0.002121 0.001200 0.000879
v 0.001988 0.001200 0.001148
v 0.001821 0.001200 0.001398
v 0.001623 0.001200 0.001623
v 0.001398 0.001200 0.001821
v 0.001148 0.001200 0.001988
v 0.000879 0.001200 0.002121
v 0.000594 0.001200 0.002218
v 0.000300 0.001200 0.002276
v 0.000000 0.001200 0.002296
v -0.000300 0.001200 0.002276
v -0.000594 0.001200 0.002218
v -0.000879 0.001200 0.002121
v -0.001148 0.001200 0.001988
v -0.001398 0.001200 0.001821
v -0.001623 0.001200 0.001623
v -0.001821 0.001200 0.001398
v -0.001988 0.001200 0.001148
v -0.002121 0.001200 0.000879
v -0.002218 0.001200 0.000594
v -0.002276 0.001200 0.000300
v -0.002296 0.001200 0.000000
v -0.002276 0.001200 -0.000300
v -0.002218 0.001200 -0.000594
v -0.002121 0.001200 -0.000879
v -0.001988 0.001200 -0.001148
v -0.001821 0.001200 -0.001398
v -0.001623 0.001200 -0.001623
v -0.001398 0.001200 -0.001821
v -0.001148 0.001200 -0.001988
v -0.000879 0.001200 -0.002121
v -0.000594 0.001200 -0.002218
v -0.000300 0.001200 -0.002276
v -0.000000 0.001200 -0.002296
v 0.000300 0.001200 -0.002276
v 0.000594 0.001200 -0.002218
v 0.000879 0.001200 -0.002121
v 0.001148 0.001200 -0.001988
v 0.001398 0.001200 -0.001821
v 0.001623 0.001200 -0.001623
v 0.001821 0.001200 -0.001398
v 0.001988 0.001200 -0.001148
v 0.002121 0.001200 -0.000879
v 0.002218 0.001200 -0.000594
v 0.002276 0.001200 -0.000300
v 0.002741 0.002400 0.000000
v 0.002718 0.002400 0.000358
v 0.002648 0.002400 0.000709
v 0.002532 0.002400 0.001049
v 0.002374 0.002400 0.001371
v 0.002175 0.002400 0.001669
v 0.001938 0.002400 0.001938
v 0.001669 0.002400 0.002175
v 0.001371 0.002400 0.002374
v 0.001049 0.002400 0.002532
v 0.000709 0.002400 0.002648
v 0.000358 0.002400 0.002718
v 0.000000 0.002400 0.002741
v -0.000358 0.002400 0.002718
v -0.000709 0.002400 0.002648
v -0.001049 0.002400 0.002532
v -0.001371 0.002400 0.002374
v -0.001669 0.002400 0.002175
v -0.001938 0.002400 0.001938
v -0.002175 0.002400 0.001669
v -0.002374 0.002400 0.001371
v -0.002532 0.002400 0.001049
v -0.002648 0.002400 0.000709
v -0.002718 0.002400 0.000358
v -0.002741 0.002400 0.000000
v -0.002718 0.002400 -0.000358
v -0.002648 0.002400 -0.000709
v -0.002532 0.002400 -0.001049
v -0.002374 0.002400 -0.001371
v -0.002175 0.002400 -0.001669
v -0.001938 0.002400 -0.001938
v -0.001669 0.002400 -0.002175
v -0.001371 0.002400 -0.002374
v -0.001049 0.002400 -0.002532
v -0.000709 0.002400 -0.002648
v -0.000358 0.002400 -0.002718
v -0.000000 0.002400 -0.002741
v 0.000358 0.002400 -0.002718
v 0.000709 0.002400 -0.002648
v 0.001049 0.002400 -0.002532
v 0.001371 0.002400 -0.002374
v 0.001669 0.002400 -0.002175
v 0.001938 0.002400 -0.001938
v 0.002175 0.002400 -0.001669
v 0.002374 0.002400 -0.001371
v 0.002532 0.002400 -0.001049
v 0.002648 0.002400 -0.000709
v 0.002718 0.002400 -0.000358
v 0.003073 0.003600 0.000000
v 0.003047 0.003600 0.000401
v 0.002969 0.003600 0.000795
v 0.002840 0.003600 0.001176
v 0.002662 0.003600 0.001537
v 0.002438 0.003600 0.001871
v 0.002173 0.003600 0.002173
v 0.001871 0.003600 0.002438
v 0.001537 0.003600 0.002662
v 0.001176 0.003600 0.002840
v 0.000795 0.003600 0.002969
v 0.000401 0.003600 0.003047
v 0.000000 0.003600 0.003073
v -0.000401 0.003600 0.003047
v -0.000795 0.003600 0.002969
v -0.001176 0.003600 0.002840
v -0.001537 0.003600 0.002662
v -0.001871 0.003600 0.002438
v -0.002173 0.003600 0.002173
v -0.002438 0.003600 0.001871
v -0.002662 0.003600 0.001537
v -0.002840 0.003600 0.001176
v -0.002969 0.003600 0.000795
v -0.003047 0.003600 0.000401
v -0.003073 0.003600 0.000000
v -0.003047 0.003600 -0.000401
v -0.002969 0.003600 -0.000795
v -0.002840 0.003600 -0.001176
v -0.002662 0.003600 -0.001537
v -0.002438 0.003600 -0.001871
v -0.002173 0.003600 -0.002173
v -0.001871 0.003600 -0.002438
v -0.001537 0.003600 -0.002662
v -0.001176 0.003600 -0.002840
v -0.000795 0.003600 -0.002969
v -0.000401 0.003600 -0.003047
v -0.000000 0.003600 -0.003073
v 0.000401 0.003600 -0.003047
v 0.000795 0.003600 -0.002969
v 0.001176 0.003600 -0.002840
v 0.001537 0.003600 -0.002662
v 0.001871 0.003600 -0.002438
v 0.002173 0.003600 -0.002173
v 0.002438 0.003600 -0.001871
v 0.002662 0.003600 -0.001537
v 0.002840 0.003600 -0.001176
v 0.002969 0.003600 -0.000795
v 0.003047 0.003600 -0.000401
v 0.003349 0.004800 0.000000
v 0.003320 0.004800 0.000437
v 0.003235 0.004800 0.000867
v 0.003094 0.004800 0.001282
v 0.002900 0.004800 0.001675
v 0.002657 0.004800 0.002039
v 0.002368 0.004800 0.002368
v 0.002039 0.004800 0.002657
v 0.001675 0.004800 0.002900
v 0.001282 0.004800 0.003094
v 0.000867 0.004800 0.003235
v 0.000437 0.004800 0.003320
v 0.000000 0.004800 0.003349
v -0.000437 0.004800 0.003320
v -0.000867 0.004800 0.003235
v -0.001282 0.004800 0.003094
v -0.001675 0.004800 0.002900
v -0.002039 0.004800 0.002657
v -0.002368 0.004800 0.002368
v -0.002657 0.004800 0.002039
v -0.002900 0.004800 0.001675
v -0.003094 0.004800 0.001282
v -0.003235 0.004800 0.000867
v -0.003320 0.004800 0.000437
v -0.003349 0.004800 0.000000
v -0.003320 0.004800 -0.000437
v -0.003235 0.004800 -0.000867
v -0.003094 0.004800 -0.001282
v -0.002900 0.004800 -0.001675
v -0.002657 0.004800 -0.002039
v -0.002368 0.004800 -0.002368
v -0.002039 0.004800 -0.002657
v -0.001675 0.004800 -0.002900
v -0.001282 0.004800 -0.003094
v -0.000867 0.004800 -0.003235
v -0.000437 0.004800 -0.003320
v -0.000000 0.004800 -0.003349
v 0.000437 0.004800 -0.003320
v 0.000867 0.004800 -0.003235
v 0.001282 0.004800 -0.003094
v 0.001675 0.004800 -0.002900
v 0.002039 0.004800 -0.002657
v 0.002368 0.004800 -0.002368
v 0.002657 0.004800 -0.002039
v 0.002900 0.004800 -0.001675
v 0.003094 0.004800 -0.001282
v 0.003235 0.004800 -0.000867
v 0.003320 0.004800 -0.000437
v 0.003589 0.006000 0.000000
v 0.003558 0.006000 0.000468
v 0.003466 0.006000 0.000929
v 0.003316 0.006000 0.001373
v 0.003108 0.006000 0.001794
v 0.002847 0.006000 0.002185
v 0.002538 0.006000 0.002538
v 0.002185 0.006000 0.002847
v 0.001794 0.006000 0.003108
v 0.001373 0.006000 0.003316
v 0.000929 0.006000 0.003466
v 0.000468 0.006000 0.003558
v 0.000000 0.006000 0.003589
v -0.000468 0.006000 0.003558
v -0.000929 0.006000 0.003466
v -0.001373 0.006000 0.003316
v -0.001794 0.006000 0.003108
v -0.002185 0.006000 0.002847
v -0.002538 0.006000 0.002538
v -0.002847 0.006000 0.002185
v -0.003108 0.006000 0.001794
v -0.003316 0.006000 0.001373
v -0.003466 0.006000 0.000929
v -0.003558 0.006000 0.000468
v -0.003589 0.006000 0.000000
v -0.003558 0.006000 -0.000468
v -0.003466 0.006000 -0.000929
v -0.003316 0.006000 -0.001373
v -0.003108 0.006000 -0.001794
v -0.002847 0.006000 -0.002185
v -0.002538 0.006000 -0.002538
v -0.002185 0.006000 -0.002847
v -0.001794 0.006000 -0.003108
v -0.001373 0.006000 -0.003316
v -0.000929 0.006000 -0.003466
v -0.000468 0.006000 -0.003558
v -0.000000 0.006000 -0.003589
v 0.000468 0.006000 -0.003558
v 0.000929 0.006000 -0.003466
v 0.001373 0.006000 -0.003316
v 0.001794 0.006000 -0.003108
v 0.002185 0.006000 -0.002847
v 0.002538 0.006000 -0.002538
v 0.002847 0.006000 -0.002185
v 0.003108 0.006000 -0.001794
v 0.003316 0.006000 -0.001373
v 0.003466 0.006000 -0.000929
v 0.003558 0.006000 -0.000468
v 0.003803 0.007200 0.000000
v 0.003771 0.007200 0.000496
v 0.003674 0.007200 0.000984
v 0.003514 0.007200 0.001455
v 0.003294 0.007200 0.001902
v 0.003017 0.007200 0.002315
v 0.002689 0.007200 0.002689
v 0.002315 0.007200 0.003017
v 0.001902 0.007200 0.003294
v 0.001455 0.007200 0.003514
v 0.000984 0.007200 0.003674
v 0.000496 0.007200 0.003771
v 0.000000 0.007200 0.003803
v -0.000496 0.007200 0.003771
v -0.000984 0.007200 0.003674
v -0.001455 0.007200 0.003514
v -0.001902 0.007200 0.003294
v -0.002315 0.007200 0.003017
v -0.002689 0.007200 0.002689
v -0.003017 0.007200 0.002315
v -0.003294 0.007200 0.001902
v -0.003514 0.007200 0.001455
v -0.003674 0.007200 0.000984
v -0.003771 0.007200 0.000496
v -0.003803 0.007200 0.000000
v -0.003771 0.007200 -0.000496
v -0.003674 0.007200 -0.000984
v -0.003514 0.007200 -0.001455
v -0.003294 0.007200 -0.001902
v -0.003017 0.007200 -0.002315
v -0.002689 0.007200 -0.002689
v -0.002315 0.007200 -0.003017
v -0.001902 0.007200 -0.003294
v -0.001455 0.007200 -0.003514
v -0.000984 0.007200 -0.003674
v -0.000496 0.007200 -0.003771
v -0.000000 0.007200 -0.003803
v 0.000496 0.007200 -0.003771
v 0.000984 0.007200 -0.003674
v 0.001455 0.007200 -0.003514
v 0.001902 0.007200 -0.003294
v 0.002315 0.007200 -0.003017
v 0.002689 0.007200 -0.002689
v 0.003017 0.007200 -0.002315
v 0.003294 0.007200 -0.001902
v 0.003514 0.007200 -0.001455
v 0.003674 0.007200 -0.000984
v 0.003771 0.007200 -0.000496
v 0.003999 0.008400 0.000000
v 0.003965 0.008400 0.000522
v 0.003863 0.008400 0.001035
v 0.003694 0.008400 0.001530
v 0.003463 0.008400 0.001999
v 0.003172 0.008400 0.002434
v 0.002828 0.008400 0.002828
v 0.002434 0.008400 0.003172
v 0.001999 0.008400 0.003463
v 0.001530 0.008400 0.003694
v 0.001035 0.008400 0.003863
v 0.000522 0.008400 0.003965
v 0.000000 0.008400 0.003999
v -0.000522 0.008400 0.003965
v -0.001035 0.008400 0.003863
v -0.001530 0.008400 0.003694
v -0.001999 0.008400 0.003463
v -0.002434 0.008400 0.003172
v -0.002828 0.008400 0.002828
v -0.003172 0.008400 0.002434
v -0.003463 0.008400 0.001999
v -0.003694 0.008400 0.001530
v -0.003863 0.008400 0.001035
v -0.003965 0.008400 0.000522
v -0.003999 0.008400 0.000000
v -0.003965 0.008400 -0.000522
v -0.003863 0.008400 -0.001035
v -0.003694 0.008400 -0.001530
v -0.003463 0.008400 -0.001999
v -0.003172 0.008400 -0.002434
v -0.002828 0.008400 -0.002828
v -0.002434 0.008400 -0.003172
v -0.001999 0.008400 -0.003463
v -0.001530 0.008400 -0.003694
v -0.001035 0.008400 -0.003863
v -0.000522 0.008400 -0.003965
v -0.000000 0.008400 -0.003999
v 0.000522 0.008400 -0.003965
v 0.001035 0.008400 -0.003863
v 0.001530 0.008400 -0.003694
v 0.001999 0.008400 -0.003463
v 0.002434 0.008400 -0.003172
v 0.002828 0.008400 -0.002828
v 0.003172 0.008400 -0.002434
v 0.003463 0.008400 -0.001999
v 0.003694 0.008400 -0.001530
v 0.003863 0.008400 -0.001035
v 0.003965 0.008400 -0.000522
v 0.004180 0.009600 0.000000
v 0.004144 0.009600 0.000546
v 0.004037 0.009600 0.001082
v 0.003861 0.009600 0.001599
v 0.003620 0.009600 0.002090
v 0.003316 0.009600 0.002544
v 0.002955 0.009600 0.002955
v 0.002544 0.009600 0.003316
v 0.002090 0.009600 0.003620
v 0.001599 0.009600 0.003861
v 0.001082 0.009600 0.004037
v 0.000546 0.009600 0.004144
v 0.000000 0.009600 0.004180
v -0.000546 0.009600 0.004144
v -0.001082 0.009600 0.004037
v -0.001599 0.009600 0.003861
v -0.002090 0.009600 0.003620
v -0.002544 0.009600 0.003316
v -0.002955 0.009600 0.002955
v -0.003316 0.009600 0.002544
v -0.003620 0.009600 0.002090
v -0.003861 0.009600 0.001599
v -0.004037 0.009600 0.001082
v -0.004144 0.009600 0.000546
v -0.004180 0.009600 0.000000
v -0.004144 0.009600 -0.000546
v -0.004037 0.009600 -0.001082
v -0.003861 0.009600 -0.001599
v -0.003620 0.009600 -0.002090
v -0.003316 0.009600 -0.002544
v -0.002955 0.009600 -0.002955
v -0.002544 0.009600 -0.003316
v -0.002090 0.009600 -0.003620
v -0.001599 0.009600 -0.003861
v -0.001082 0.009600 -0.004037
v -0.000546 0.009600 -0.004144
v -0.000000 0.009600 -0.004180
v 0.000546 0.009600 -0.004144
v 0.001082 0.009600 -0.004037
v 0.001599 0.009600 -0.003861
v 0.002090 0.009600 -0.003620
v 0.002544 0.009600 -0.003316
v 0.002955 0.009600 -0.002955
v 0.003316 0.009600 -0.002544
v 0.003620 0.009600 -0.002090
v 0.003861 0.009600 -0.001599
v 0.004037 0.009600 -0.001082
v 0.004144 0.009600 -0.000546
v 0.004348 0.010800 0.000000
v 0.004311 0.010800 0.000568
v 0.004200 0.010800 0.001125
v 0.004017 0.010800 0.001664
v 0.003766 0.010800 0.002174
v 0.003450 0.010800 0.002647
v 0.003075 0.010800 0.003075
v 0.002647 0.010800 0.003450
v 0.002174 0.010800 0.003766
v 0.001664 0.010800 0.004017
v 0.001125 0.010800 0.004200
v 0.000568 0.010800 0.004311
v 0.000000 0.010800 0.004348
v -0.000568 0.010800 0.004311
v -0.001125 0.010800 0.004200
v -0.001664 0.010800 0.004017
v -0.002174 0.010800 0.003766
v -0.002647 0.010800 0.003450
v -0.003075 0.010800 0.003075
v -0.003450 0.010800 0.002647
v -0.003766 0.010800 0.002174
v -0.004017 0.010800 0.001664
v -0.004200 0.010800 0.001125
v -0.004311 0.010800 0.000568
v -0.004348 0.010800 0.000000
v -0.004311 0.010800 -0.000568
v -0.004200 0.010800 -0.001125
v -0.004017 0.010800 -0.001664
v -0.003766 0.010800 -0.002174
v -0.003450 0.010800 -0.002647
v -0.003075 0.010800 -0.003075
v -0.002647 0.010800 -0.003450
v -0.002174 0.010800 -0.003766
v -0.001664 0.010800 -0.004017
v -0.001125 0.010800 -0.004200
v -0.000568 0.010800 -0.004311
v -0.000000 0.010800 -0.004348
v 0.000568 0.010800 -0.004311
v 0.001125 0.010800 -0.004200
v 0.001664 0.010800 -0.004017
v 0.002174 0.010800 -0.003766
v 0.002647 0.010800 -0.003450
v 0.003075 0.010800 -0.003075
v 0.003450 0.010800 -0.002647
v 0.003766 0.010800 -0.002174
v 0.004017 0.010800 -0.001664
v 0.004200 0.010800 -0.001125
v 0.004311 0.010800 -0.000568
v 0.004507 0.012000 0.000000
v 0.004468 0.012000 0.000588
v 0.004353 0.012000 0.001166
v 0.004164 0.012000 0.001725
v 0.003903 0.012000 0.002253
v 0.003576 0.012000 0.002744
v 0.003187 0.012000 0.003187
v 0.002744 0.012000 0.003576
v 0.002253 0.012000 0.003903
v 0.001725 0.012000 0.004164
v 0.001166 0.012000 0.004353
v 0.000588 0.012000 0.004468
v 0.000000 0.012000 0.004507
v -0.000588 0.012000 0.004468
v -0.001166 0.012000 0.004353
v -0.001725 0.012000 0.004164
v -0.002253 0.012000 0.003903
v -0.002744 0.012000 0.003576
v -0.003187 0.012000 0.003187
v -0.003576 0.012000 0.002744
v -0.003903 0.012000 0.002253
v -0.004164 0.012000 0.001725
v -0.004353 0.012000 0.001166
v -0.004468 0.012000 0.000588
v -0.004507 0.012000 0.000000
v -0.004468 0.012000 -0.000588
v -0.004353 0.012000 -0.001166
v -0.004164 0.012000 -0.001725
v -0.003903 0.012000 -0.002253
v -0.003576 0.012000 -0.002744
v -0.003187 0.012000 -0.003187
v -0.002744 0.012000 -0.003576
v -0.002253 0.012000 -0.003903
v -0.001725 0.012000 -0.004164
v -0.001166 0.012000 -0.004353
v -0.000588 0.012000 -0.004468
v -0.000000 0.012000 -0.004507
v 0.000588 0.012000 -0.004468
v 0.001166 0.012000 -0.004353
v 0.001725 0.012000 -0.004164
v 0.002253 0.012000 -0.003903
v 0.002744 0.012000 -0.003576
v 0.003187 0.012000 -0.003187
v 0.003576 0.012000 -0.002744
v 0.003903 0.012000 -0.002253
v 0.004164 0.012000 -0.001725
v 0.004353 0.012000 -0.001166
v 0.004468 0.012000 -0.000588
v 0.004657 0.013200 0.000000
v 0.004617 0.013200 0.000608
v 0.004498 0.013200 0.001205
v 0.004303 0.013200 0.001782
v 0.004033 0.013200 0.002329
v 0.003695 0.013200 0.002835
v 0.003293 0.013200 0.003293
v 0.002835 0.013200 0.003695
v 0.002329 0.013200 0.004033
v 0.001782 0.013200 0.004303
v 0.001205 0.013200 0.004498
v 0.000608 0.013200 0.004617
v 0.000000 0.013200 0.004657
v -0.000608 0.013200 0.004617
v -0.001205 0.013200 0.004498
v -0.001782 0.013200 0.004303
v -0.002329 0.013200 0.004033
v -0.002835 0.013200 0.003695
v -0.003293 0.013200 0.003293
v -0.003695 0.013200 0.002835
v -0.004033 0.013200 0.002329
v -0.004303 0.013200 0.001782
v -0.004498 0.013200 0.001205
v -0.004617 0.013200 0.000608
v -0.004657 0.013200 0.000000
v -0.004617 0.013200 -0.000608
v -0.004498 0.013200 -0.001205
v -0.004303 0.013200 -0.001782
v -0.004033 0.013200 -0.002329
v -0.003695 0.013200 -0.002835
v -0.003293 0.013200 -0.003293
v -0.002835 0.013200 -0.003695
v -0.002329 0.013200 -0.004033
v -0.001782 0.013200 -0.004303
v -0.001205 0.013200 -0.004498
v -0.000608 0.013200 -0.004617
v -0.000000 0.013200 -0.004657
v 0.000608 0.013200 -0.004617
v 0.001205 0.013200 -0.004498
v 0.001782 0.013200 -0.004303
v 0.002329 0.013200 -0.004033
v 0.002835 0.013200 -0.003695
v 0.003293 0.013200 -0.003293
v 0.003695 0.013200 -0.002835
v 0.004033 0.013200 -0.002329
v 0.004303 0.013200 -0.001782
v 0.004498 0.013200 -0.001205
v 0.004617 0.013200 -0.000608
v 0.004800 0.014400 0.000000
v 0.004759 0.014400 0.000627
v 0.004636 0.014400 0.001242
v 0.004435 0.014400 0.001837
v 0.004157 0.014400 0.002400
v 0.003808 0.014400 0.002922
v 0.003394 0.014400 0.003394
v 0.002922 0.014400 0.003808
v 0.002400 0.014400 0.004157
v 0.001837 0.014400 0.004435
v 0.001242 0.014400 0.004636
v 0.000627 0.014400 0.004759
v 0.000000 0.014400 0.004800
v -0.000627 0.014400 0.004759
v -0.001242 0.014400 0.004636
v -0.001837 0.014400 0.004435
v -0.002400 0.014400 0.004157
v -0.002922 0.014400 0.003808
v -0.003394 0.014400 0.003394
v -0.003808 0.014400 0.002922
v -0.004157 0.014400 0.002400
v -0.004435 0.014400 0.001837
v -0.004636 0.014400 0.001242
v -0.004759 0.014400 0.000627
v -0.004800 0.014400 0.000000
v -0.004759 0.014400 -0.000627
v -0.004636 0.014400 -0.001242
v -0.004435 0.014400 -0.001837
v -0.004157 0.014400 -0.002400
v -0.003808 0.014400 -0.002922
v -0.003394 0.014400 -0.003394
v -0.002922 0.014400 -0.003808
v -0.002400 0.014400 -0.004157
v -0.001837 0.014400 -0.004435
v -0.001242 0.014400 -0.004636
v -0.000627 0.014400 -0.004759
v -0.000000 0.014400 -0.004800
v 0.000627 0.014400 -0.004759
v 0.001242 0.014400 -0.004636
v 0.001837 0.014400 -0.004435
v 0.002400 0.014400 -0.004157
v 0.002922 0.014400 -0.003808
v 0.003394 0.014400 -0.003394
v 0.003808 0.014400 -0.002922
v 0.004157 0.014400 -0.002400
v 0.004435 0.014400 -0.001837
v 0.004636 0.014400 -0.001242
v 0.004759 0.014400 -0.000627
v 0.014880 0.014400 0.000000
v 0.014872 0.014400 0.000487
v 0.014848 0.014400 0.000973
v 0.014808 0.014400 0.001458
v 0.014753 0.014400 0.001942
v 0.014681 0.014400 0.002424
v 0.014594 0.014400 0.002903
v 0.014491 0.014400 0.003379
v 0.014373 0.014400 0.003851
v 0.014239 0.014400 0.004319
v 0.014090 0.014400 0.004783
v 0.013926 0.014400 0.005241
v 0.013747 0.014400 0.005694
v 0.013554 0.014400 0.006141
v 0.013345 0.014400 0.006581
v 0.013123 0.014400 0.007014
v 0.012886 0.014400 0.007440
v 0.012636 0.014400 0.007858
v 0.012372 0.014400 0.008267
v 0.012095 0.014400 0.008667
v 0.011805 0.014400 0.009058
v 0.011502 0.014400 0.009440
v 0.011187 0.014400 0.009811
v 0.010860 0.014400 0.010172
v 0.010522 0.014400 0.010522
v 0.010172 0.014400 0.010860
v 0.009811 0.014400 0.011187
v 0.009440 0.014400 0.011502
v 0.009058 0.014400 0.011805
v 0.008667 0.014400 0.012095
v 0.008267 0.014400 0.012372
v 0.007858 0.014400 0.012636
v 0.007440 0.014400 0.012886
v 0.007014 0.014400 0.013123
v 0.006581 0.014400 0.013345
v 0.006141 0.014400 0.013554
v 0.005694 0.014400 0.013747
v 0.005241 0.014400 0.013926
v 0.004783 0.014400 0.014090
v 0.004319 0.014400 0.014239
v 0.003851 0.014400 0.014373
v 0.003379 0.014400 0.014491
v 0.002903 0.014400 0.014594
v 0.002424 0.014400 0.014681
v 0.001942 0.014400 0.014753
v 0.001458 0.014400 0.014808
v 0.000973 0.014400 0.014848
v 0.000487 0.014400 0.014872
v 0.000000 0.014400 0.014880
v -0.000487 0.014400 0.014872
v -0.000973 0.014400 0.014848
v -0.001458 0.014400 0.014808
v -0.001942 0.014400 0.014753
v -0.002424 0.014400 0.014681
v -0.002903 0.014400 0.014594
v -0.003379 0.014400 0.014491
v -0.003851 0.014400 0.014373
v -0.004319 0.014400 0.014239
v -0.004783 0.014400 0.014090
v -0.005241 0.014400 0.013926
v -0.005694 0.014400 0.013747
v -0.006141 0.014400 0.013554
v -0.006581 0.014400 0.013345
v -0.007014 0.014400 0.013123
v -0.007440 0.014400 0.012886
v -0.007858 0.014400 0.012636
v -0.008267 0.014400 0.012372
v -0.008667 0.014400 0.012095
v -0.009058 0.014400 0.011805
v -0.009440 0.014400 0.011502
v -0.009811 0.014400 0.011187
v -0.010172 0.014400 0.010860
v -0.010522 0.014400 0.010522
v -0.010860 0.014400 0.010172
v -0.011187 0.014400 0.009811
v -0.011502 0.014400 0.009440
v -0.011805 0.014400 0.009058
v -0.012095 0.014400 0.008667
v -0.012372 0.014400 0.008267
v -0.012636 0.014400 0.007858
v -0.012886 0.014400 0.007440
v -0.013123 0.014400 0.007014
v -0.013345 0.014400 0.006581
v -0.013554 0.014400 0.006141
v -0.013747 0.014400 0.005694
v -0.013926 0.014400 0.005241
v -0.014090 0.014400 0.004783
v -0.014239 0.014400 0.004319
v -0.014373 0.014400 0.003851
v -0.014491 0.014400 0.003379
v -0.014594 0.014400 0.002903
v -0.014681 0.014400 0.002424
v -0.014753 0.014400 0.001942
v -0.014808 0.014400 0.001458
v -0.014848 0.014400 0.000973
v -0.014872 0.014400 0.000487
v -0.014880 0.014400 0.000000
v -0.014872 0.014400 -0.000487
v -0.014848 0.014400 -0.000973
v -0.014808 0.014400 -0.001458
v -0.014753 0.014400 -0.001942
v -0.014681 0.014400 -0.002424
v -0.014594 0.014400 -0.002903
v -0.014491 0.014400 -0.003379
v -0.014373 0.014400 -0.003851
v -0.014239 0.014400 -0.004319
v -0.014090 0.014400 -0.004783
v -0.013926 0.014400 -0.005241
v -0.013747 0.014400 -0.005694
v -0.013554 0.014400 -0.006141
v -0.013345 0.014400 -0.006581
v -0.013123 0.014400 -0.007014
v -0.012886 0.014400 -0.007440
v -0.012636 0.014400 -0.007858
v -0.012372 0.014400 -0.008267
v -0.012095 0.014400 -0.008667
v -0.011805 0.014400 -0.009058
v -0.011502 0.014400 -0.009440
v -0.011187 0.014400 -0.009811
v -0.010860 0.014400 -0.010172
v -0.010522 0.014400 -0.010522
v -0.010172 0.014400 -0.010860
v -0.009811 0.014400 -0.011187
v -0.009440 0.014400 -0.011502
v -0.009058 0.014400 -0.011805
v -0.008667 0.014400 -0.012095
v -0.008267 0.014400 -0.012372
v -0.007858 0.014400 -0.012636
v -0.007440 0.014400 -0.012886
v -0.007014 0.014400 -0.013123
v -0.006581 0.014400 -0.013345
v -0.006141 0.014400 -0.013554
v -0.005694 0.014400 -0.013747
v -0.005241 0.014400 -0.013926
v -0.004783 0.014400 -0.014090
v -0.004319 0.014400 -0.014239
v -0.003851 0.014400 -0.014373
v -0.003379 0.014400 -0.014491
v -0.002903 0.014400 -0.014594
v -0.002424 0.014400 -0.014681
v -0.001942 0.014400 -0.014753
v -0.001458 0.014400 -0.014808
v -0.000973 0.014400 -0.014848
v -0.000487 0.014400 -0.014872
v -0.000000 0.014400 -0.014880
v 0.000487 0.014400 -0.014872
v 0.000973 0.014400 -0.014848
v 0.001458 0.014400 -0.014808
v 0.001942 0.014400 -0.014753
v 0.002424 0.014400 -0.014681
v 0.002903 0.014400 -0.014594
v 0.003379 0.014400 -0.014491
v 0.003851 0.014400 -0.014373
v 0.004319 0.014400 -0.014239
v 0.004783 0.014400 -0.014090
v 0.005241 0.014400 -0.013926
v 0.005694 0.014400 -0.013747
v 0.006141 0.014400 -0.013554
v 0.006581 0.014400 -0.013345
v 0.007014 0.014400 -0.013123
v 0.007440 0.014400 -0.012886
v 0.007858 0.014400 -0.012636
v 0.008267 0.014400 -0.012372
v 0.008667 0.014400 -0.012095
v 0.009058 0.014400 -0.011805
v 0.009440 0.014400 -0.011502
v 0.009811 0.014400 -0.011187
v 0.010172 0.014400 -0.010860
v 0.010522 0.014400 -0.010522
v 0.010860 0.014400 -0.010172
v 0.011187 0.014400 -0.009811
v 0.011502 0.014400 -0.009440
v 0.011805 0.014400 -0.009058
v 0.012095 0.014400 -0.008667
v 0.012372 0.014400 -0.008267
v 0.012636 0.014400 -0.007858
v 0.012886 0.014400 -0.007440
v 0.013123 0.014400 -0.007014
v 0.013345 0.014400 -0.006581
v 0.013554 0.014400 -0.006141
v 0.013747 0.014400 -0.005694
v 0.013926 0.014400 -0.005241
v 0.014090 0.014400 -0.004783
v 0.014239 0.014400 -0.004319
v 0.014373 0.014400 -0.003851
v 0.014491 0.014400 -0.003379
v 0.014594 0.014400 -0.002903
v 0.014681 0.014400 -0.002424
v 0.014753 0.014400 -0.001942
v 0.014808 0.014400 -0.001458
v 0.014848 0.014400 -0.000973
v 0.014872 0.014400 -0.000487
v 0.022560 0.017760 0.000000
v 0.022548 0.017760 0.000738
v 0.022512 0.017760 0.001475
v 0.021944 0.017760 0.002161
v 0.020945 0.017760 0.002757
v 0.019931 0.017760 0.003291
v 0.018906 0.017760 0.003761
v 0.017873 0.017760 0.004167
v 0.016834 0.017760 0.004511
v 0.016536 0.017760 0.005016
v 0.016363 0.017760 0.005554
v 0.016172 0.017760 0.006087
v 0.015965 0.017760 0.006613
v 0.015740 0.017760 0.007132
v 0.015498 0.017760 0.007643
v 0.015240 0.017760 0.008146
v 0.014965 0.017760 0.008640
v 0.014674 0.017760 0.009125
v 0.014368 0.017760 0.009600
v 0.014046 0.017760 0.010065
v 0.013709 0.017760 0.010519
v 0.013358 0.017760 0.010962
v 0.012992 0.017760 0.011393
v 0.012612 0.017760 0.011812
v 0.012219 0.017760 0.012219
v 0.011812 0.017760 0.012612
v 0.011393 0.017760 0.012992
v 0.010962 0.017760 0.013358
v 0.010519 0.017760 0.013709
v 0.010065 0.017760 0.014046
v 0.009600 0.017760 0.014368
v 0.009125 0.017760 0.014674
v 0.008640 0.017760 0.014965
v 0.008146 0.017760 0.015240
v 0.007643 0.017760 0.015498
v 0.007132 0.017760 0.015740
v 0.006613 0.017760 0.015965
v 0.006087 0.017760 0.016172
v 0.005554 0.017760 0.016363
v 0.005016 0.017760 0.016536
v 0.004511 0.017760 0.016834
v 0.004167 0.017760 0.017873
v 0.003761 0.017760 0.018906
v 0.003291 0.017760 0.019931
v 0.002757 0.017760 0.020945
v 0.002161 0.017760 0.021944
v 0.001475 0.017760 0.022512
v 0.000738 0.017760 0.022548
v 0.000000 0.017760 0.022560
v -0.000738 0.017760 0.022548
v -0.001475 0.017760 0.022512
v -0.002161 0.017760 0.021944
v -0.002757 0.017760 0.020945
v -0.003291 0.017760 0.019931
v -0.003761 0.017760 0.018906
v -0.004167 0.017760 0.017873
v -0.004511 0.017760 0.016834
v -0.005016 0.017760 0.016536
v -0.005554 0.017760 0.016363
v -0.006087 0.017760 0.016172
v -0.006613 0.017760 0.015965
v -0.007132 0.017760 0.015740
v -0.007643 0.017760 0.015498
v -0.008146 0.017760 0.015240
v -0.008640 0.017760 0.014965
v -0.009125 0.017760 0.014674
v -0.009600 0.017760 0.014368
v -0.010065 0.017760 0.014046
v -0.010519 0.017760 0.013709
v -0.010962 0.017760 0.013358
v -0.011393 0.017760 0.012992
v -0.011812 0.017760 0.012612
v -0.012219 0.017760 0.012219
v -0.012612 0.017760 0.011812
v -0.012992 0.017760 0.011393
v -0.013358 0.017760 0.010962
v -0.013709 0.017760 0.010519
v -0.014046 0.017760 0.010065
v -0.014368 0.017760 0.009600
v -0.014674 0.017760 0.009125
v -0.014965 0.017760 0.008640
v -0.015240 0.017760 0.008146
v -0.015498 0.017760 0.007643
v -0.015740 0.017760 0.007132
v -0.015965 0.017760 0.006613
v -0.016172 0.017760 0.006087
v -0.016363 0.017760 0.005554
v -0.016536 0.017760 0.005016
v -0.016834 0.017760 0.004511
v -0.017873 0.017760 0.004167
v -0.018906 0.017760 0.003761
v -0.019931 0.017760 0.003291
v -0.020945 0.017760 0.002757
v -0.021944 0.017760 0.002161
v -0.022512 0.017760 0.001475
v -0.022548 0.017760 0.000738
v -0.022560 0.017760 0.000000
v -0.022548 0.017760 -0.000738
v -0.022512 0.017760 -0.001475
v -0.021944 0.017760 -0.002161
v -0.020945 0.017760 -0.002757
v -0.019931 0.017760 -0.003291
v -0.018906 0.017760 -0.003761
v -0.017873 0.017760 -0.004167
v -0.016834 0.017760 -0.004511
v -0.016536 0.017760 -0.005016
v -0.016363 0.017760 -0.005554
v -0.016172 0.017760 -0.006087
v -0.015965 0.017760 -0.006613
v -0.015740 0.017760 -0.007132
v -0.015498 0.017760 -0.007643
v -0.015240 0.017760 -0.008146
v -0.014965 0.017760 -0.008640
v -0.014674 0.017760 -0.009125
v -0.014368 0.017760 -0.009600
v -0.014046 0.017760 -0.010065
v -0.013709 0.017760 -0.010519
v -0.013358 0.017760 -0.010962
v -0.012992 0.017760 -0.011393
v -0.012612 0.017760 -0.011812
v -0.012219 0.017760 -0.012219
v -0.011812 0.017760 -0.012612
v -0.011393 0.017760 -0.012992
v -0.010962 0.017760 -0.013358
v -0.010519 0.017760 -0.013709
v -0.010065 0.017760 -0.014046
v -0.009600 0.017760 -0.014368
v -0.009125 0.017760 -0.014674
v -0.008640 0.017760 -0.014965
v -0.008146 0.017760 -0.015240
v -0.007643 0.017760 -0.015498
v -0.007132 0.017760 -0.015740
v -0.006613 0.017760 -0.015965
v -0.006087 0.017760 -0.016172
v -0.005554 0.017760 -0.016363
v -0.005016 0.017760 -0.016536
v -0.004511 0.017760 -0.016834
v -0.004167 0.017760 -0.017873
v -0.003761 0.017760 -0.018906
v -0.003291 0.017760 -0.019931
v -0.002757 0.017760 -0.020945
v -0.002161 0.017760 -0.021944
v -0.001475 0.017760 -0.022512
v -0.000738 0.017760 -0.022548
v -0.000000 0.017760 -0.022560
v 0.000738 0.017760 -0.022548
v 0.001475 0.017760 -0.022512
v 0.002161 0.017760 -0.021944
v 0.002757 0.017760 -0.020945
v 0.003291 0.017760 -0.019931
v 0.003761 0.017760 -0.018906
v 0.004167 0.017760 -0.017873
v 0.004511 0.017760 -0.016834
v 0.005016 0.017760 -0.016536
v 0.005554 0.017760 -0.016363
v 0.006087 0.017760 -0.016172
v 0.006613 0.017760 -0.015965
v 0.007132 0.017760 -0.015740
v 0.007643 0.017760 -0.015498
v 0.008146 0.017760 -0.015240
v 0.008640 0.017760 -0.014965
v 0.009125 0.017760 -0.014674
v 0.009600 0.017760 -0.014368
v 0.010065 0.017760 -0.014046
v 0.010519 0.017760 -0.013709
v 0.010962 0.017760 -0.013358
v 0.011393 0.017760 -0.012992
v 0.011812 0.017760 -0.012612
v 0.012219 0.017760 -0.012219
v 0.012612 0.017760 -0.011812
v 0.012992 0.017760 -0.011393
v 0.013358 0.017760 -0.010962
v 0.013709 0.017760 -0.010519
v 0.014046 0.017760 -0.010065
v 0.014368 0.017760 -0.009600
v 0.014674 0.017760 -0.009125
v 0.014965 0.017760 -0.008640
v 0.015240 0.017760 -0.008146
v 0.015498 0.017760 -0.007643
v 0.015740 0.017760 -0.007132
v 0.015965 0.017760 -0.006613
v 0.016172 0.017760 -0.006087
v 0.016363 0.017760 -0.005554
v 0.016536 0.017760 -0.005016
v 0.016834 0.017760 -0.004511
v 0.017873 0.017760 -0.004167
v 0.018906 0.017760 -0.003761
v 0.019931 0.017760 -0.003291
v 0.020945 0.017760 -0.002757
v 0.021944 0.017760 -0.002161
v 0.022512 0.017760 -0.001475
v 0.022548 0.017760 -0.000738
v 0.022560 0.024960 0.000000
v 0.022548 0.024960 0.000738
v 0.022512 0.024960 0.001475
v 0.021944 0.024960 0.002161
v 0.020945 0.024960 0.002757
v 0.019931 0.024960 0.003291
v 0.018906 0.024960 0.003761
v 0.017873 0.024960 0.004167
v 0.016834 0.024960 0.004511
v 0.016536 0.024960 0.005016
v 0.016363 0.024960 0.005554
v 0.016172 0.024960 0.006087
v 0.015965 0.024960 0.006613
v 0.015740 0.024960 0.007132
v 0.015498 0.024960 0.007643
v 0.015240 0.024960 0.008146
v 0.014965 0.024960 0.008640
v 0.014674 0.024960 0.009125
v 0.014368 0.024960 0.009600
v 0.014046 0.024960 0.010065
v 0.013709 0.024960 0.010519
v 0.013358 0.024960 0.010962
v 0.012992 0.024960 0.011393
v 0.012612 0.024960 0.011812
v 0.012219 0.024960 0.012219
v 0.011812 0.024960 0.012612
v 0.011393 0.024960 0.012992
v 0.010962 0.024960 0.013358
v 0.010519 0.024960 0.013709
v 0.010065 0.024960 0.014046
v 0.009600 0.024960 0.014368
v 0.009125 0.024960 0.014674
v 0.008640 0.024960 0.014965
v 0.008146 0.024960 0.015240
v 0.007643 0.024960 0.015498
v 0.007132 0.024960 0.015740
v 0.006613 0.024960 0.015965
v 0.006087 0.024960 0.016172
v 0.005554 0.024960 0.016363
v 0.005016 0.024960 0.016536
v 0.004511 0.024960 0.016834
v 0.004167 0.024960 0.017873
v 0.003761 0.024960 0.018906
v 0.003291 0.024960 0.019931
v 0.002757 0.024960 0.020945
v 0.002161 0.024960 0.021944
v 0.001475 0.024960 0.022512
v 0.000738 0.024960 0.022548
v 0.000000 0.024960 0.022560
v -0.000738 0.024960 0.022548
v -0.001475 0.024960 0.022512
v -0.002161 0.024960 0.021944
v -0.002757 0.024960 0.020945
v -0.003291 0.024960 0.019931
v -0.003761 0.024960 0.018906
v -0.004167 0.024960 0.017873
v -0.004511 0.024960 0.016834
v -0.005016 0.024960 0.016536
v -0.005554 0.024960 0.016363
v -0.006087 0.024960 0.016172
v -0.006613 0.024960 0.015965
v -0.007132 0.024960 0.015740
v -0.007643 0.024960 0.015498
v -0.008146 0.024960 0.015240
v -0.008640 0.024960 0.014965
v -0.009125 0.024960 0.014674
v -0.009600 0.024960 0.014368
v -0.010065 0.024960 0.014046
v -0.010519 0.024960 0.013709
v -0.010962 0.024960 0.013358
v -0.011393 0.024960 0.012992
v -0.011812 0.024960 0.012612
v -0.012219 0.024960 0.012219
v -0.012612 0.024960 0.011812
v -0.012992 0.024960 0.011393
v -0.013358 0.024960 0.010962
v -0.013709 0.024960 0.010519
v -0.014046 0.024960 0.010065
v -0.014368 0.024960 0.009600
v -0.014674 0.024960 0.009125
v -0.014965 0.024960 0.008640
v -0.015240 0.024960 0.008146
v -0.015498 0.024960 0.007643
v -0.015740 0.024960 0.007132
v -0.015965 0.024960 0.006613
v -0.016172 0.024960 0.006087
v -0.016363 0.024960 0.005554
v -0.016536 0.024960 0.005016
v -0.016834 0.024960 0.004511
v -0.017873 0.024960 0.004167
v -0.018906 0.024960 0.003761
v -0.019931 0.024960 0.003291
v -0.020945 0.024960 0.002757
v -0.021944 0.024960 0.002161
v -0.022512 0.024960 0.001475
v -0.022548 0.024960 0.000738
v -0.022560 0.024960 0.000000
v -0.022548 0.024960 -0.000738
v -0.022512 0.024960 -0.001475
v -0.021944 0.024960 -0.002161
v -0.020945 0.024960 -0.002757
v -0.019931 0.024960 -0.003291
v -0.018906 0.024960 -0.003761
v -0.017873 0.024960 -0.004167
v -0.016834 0.024960 -0.004511
v -0.016536 0.024960 -0.005016
v -0.016363 0.024960 -0.005554
v -0.016172 0.024960 -0.006087
v -0.015965 0.024960 -0.006613
v -0.015740 0.024960 -0.007132
v -0.015498 0.024960 -0.007643
v -0.015240 0.024960 -0.008146
v -0.014965 0.024960 -0.008640
v -0.014674 0.024960 -0.009125
v -0.014368 0.024960 -0.009600
v -0.014046 0.024960 -0.010065
v -0.013709 0.024960 -0.010519
v -0.013358 0.024960 -0.010962
v -0.012992 0.024960 -0.011393
v -0.012612 0.024960 -0.011812
v -0.012219 0.024960 -0.012219
v -0.011812 0.024960 -0.012612
v -0.011393 0.024960 -0.012992
v -0.010962 0.024960 -0.013358
v -0.010519 0.024960 -0.013709
v -0.010065 0.024960 -0.014046
v -0.009600 0.024960 -0.014368
v -0.009125 0.024960 -0.014674
v -0.008640 0.024960 -0.014965
v -0.008146 0.024960 -0.015240
v -0.007643 0.024960 -0.015498
v -0.007132 0.024960 -0.015740
v -0.006613 0.024960 -0.015965
v -0.006087 0.024960 -0.016172
v -0.005554 0.024960 -0.016363
v -0.005016 0.024960 -0.016536
v -0.004511 0.024960 -0.016834
v -0.004167 0.024960 -0.017873
v -0.003761 0.024960 -0.018906
v -0.003291 0.024960 -0.019931
v -0.002757 0.024960 -0.020945
v -0.002161 0.024960 -0.021944
v -0.001475 0.024960 -0.022512
v -0.000738 0.024960 -0.022548
v -0.000000 0.024960 -0.022560
v 0.000738 0.024960 -0.022548
v 0.001475 0.024960 -0.022512
v 0.002161 0.024960 -0.021944
v 0.002757 0.024960 -0.020945
v 0.003291 0.024960 -0.019931
v 0.003761 0.024960 -0.018906
v 0.004167 0.024960 -0.017873
v 0.004511 0.024960 -0.016834
v 0.005016 0.024960 -0.016536
v 0.005554 0.024960 -0.016363
v 0.006087 0.024960 -0.016172
v 0.006613 0.024960 -0.015965
v 0.007132 0.024960 -0.015740
v 0.007643 0.024960 -0.015498
v 0.008146 0.024960 -0.015240
v 0.008640 0.024960 -0.014965
v 0.009125 0.024960 -0.014674
v 0.009600 0.024960 -0.014368
v 0.010065 0.024960 -0.014046
v 0.010519 0.024960 -0.013709
v 0.010962 0.024960 -0.013358
v 0.011393 0.024960 -0.012992
v 0.011812 0.024960 -0.012612
v 0.012219 0.024960 -0.012219
v 0.012612 0.024960 -0.011812
v 0.012992 0.024960 -0.011393
v 0.013358 0.024960 -0.010962
v 0.013709 0.024960 -0.010519
v 0.014046 0.024960 -0.010065
v 0.014368 0.024960 -0.009600
v 0.014674 0.024960 -0.009125
v 0.014965 0.024960 -0.008640
v 0.015240 0.024960 -0.008146
v 0.015498 0.024960 -0.007643
v 0.015740 0.024960 -0.007132
v 0.015965 0.024960 -0.006613
v 0.016172 0.024960 -0.006087
v 0.016363 0.024960 -0.005554
v 0.016536 0.024960 -0.005016
v 0.016834 0.024960 -0.004511
v 0.017873 0.024960 -0.004167
v 0.018906 0.024960 -0.003761
v 0.019931 0.024960 -0.003291
v 0.020945 0.024960 -0.002757
v 0.021944 0.024960 -0.002161
v 0.022512 0.024960 -0.001475
v 0.022548 0.024960 -0.000738
v 0.012960 0.028800 0.000000
v 0.012953 0.028800 0.000424
v 0.012932 0.028800 0.000848
v 0.012898 0.028800 0.001270
v 0.012849 0.028800 0.001692
v 0.012787 0.028800 0.002111
v 0.012711 0.028800 0.002528
v 0.012621 0.028800 0.002943
v 0.012518 0.028800 0.003354
v 0.012402 0.028800 0.003762
v 0.012272 0.028800 0.004166
v 0.012129 0.028800 0.004565
v 0.011973 0.028800 0.004960
v 0.011805 0.028800 0.005349
v 0.011623 0.028800 0.005732
v 0.011430 0.028800 0.006109
v 0.011224 0.028800 0.006480
v 0.011006 0.028800 0.006844
v 0.010776 0.028800 0.007200
v 0.010534 0.028800 0.007549
v 0.010282 0.028800 0.007890
v 0.010018 0.028800 0.008222
v 0.009744 0.028800 0.008545
v 0.009459 0.028800 0.008859
v 0.009164 0.028800 0.009164
v 0.008859 0.028800 0.009459
v 0.008545 0.028800 0.009744
v 0.008222 0.028800 0.010018
v 0.007890 0.028800 0.010282
v 0.007549 0.028800 0.010534
v 0.007200 0.028800 0.010776
v 0.006844 0.028800 0.011006
v 0.006480 0.028800 0.011224
v 0.006109 0.028800 0.011430
v 0.005732 0.028800 0.011623
v 0.005349 0.028800 0.011805
v 0.004960 0.028800 0.011973
v 0.004565 0.028800 0.012129
v 0.004166 0.028800 0.012272
v 0.003762 0.028800 0.012402
v 0.003354 0.028800 0.012518
v 0.002943 0.028800 0.012621
v 0.002528 0.028800 0.012711
v 0.002111 0.028800 0.012787
v 0.001692 0.028800 0.012849
v 0.001270 0.028800 0.012898
v 0.000848 0.028800 0.012932
v 0.000424 0.028800 0.012953
v 0.000000 0.028800 0.012960
v -0.000424 0.028800 0.012953
v -0.000848 0.028800 0.012932
v -0.001270 0.028800 0.012898
v -0.001692 0.028800 0.012849
v -0.002111 0.028800 0.012787
v -0.002528 0.028800 0.012711
v -0.002943 0.028800 0.012621
v -0.003354 0.028800 0.012518
v -0.003762 0.028800 0.012402
v -0.004166 0.028800 0.012272
v -0.004565 0.028800 0.012129
v -0.004960 0.028800 0.011973
v -0.005349 0.028800 0.011805
v -0.005732 0.028800 0.011623
v -0.006109 0.028800 0.011430
v -0.006480 0.028800 0.011224
v -0.006844 0.028800 0.011006
v -0.007200 0.028800 0.010776
v -0.007549 0.028800 0.010534
v -0.007890 0.028800 0.010282
v -0.008222 0.028800 0.010018
v -0.008545 0.028800 0.009744
v -0.008859 0.028800 0.009459
v -0.009164 0.028800 0.009164
v -0.009459 0.028800 0.008859
v -0.009744 0.028800 0.008545
v -0.010018 0.028800 0.008222
v -0.010282 0.028800 0.007890
v -0.010534 0.028800 0.007549
v -0.010776 0.028800 0.007200
v -0.011006 0.028800 0.006844
v -0.011224 0.028800 0.006480
v -0.011430 0.028800 0.006109
v -0.011623 0.028800 0.005732
v -0.011805 0.028800 0.005349
v -0.011973 0.028800 0.004960
v -0.012129 0.028800 0.004565
v -0.012272 0.028800 0.004166
v -0.012402 0.028800 0.003762
v -0.012518 0.028800 0.003354
v -0.012621 0.028800 0.002943
v -0.012711 0.028800 0.002528
v -0.012787 0.028800 0.002111
v -0.012849 0.028800 0.001692
v -0.012898 0.028800 0.001270
v -0.012932 0.028800 0.000848
v -0.012953 0.028800 0.000424
v -0.012960 0.028800 0.000000
v -0.012953 0.028800 -0.000424
v -0.012932 0.028800 -0.000848
v -0.012898 0.028800 -0.001270
v -0.012849 0.028800 -0.001692
v -0.012787 0.028800 -0.002111
v -0.012711 0.028800 -0.002528
v -0.012621 0.028800 -0.002943
v -0.012518 0.028800 -0.003354
v -0.012402 0.028800 -0.003762
v -0.012272 0.028800 -0.004166
v -0.012129 0.028800 -0.004565
v -0.011973 0.028800 -0.004960
v -0.011805 0.028800 -0.005349
v -0.011623 0.028800 -0.005732
v -0.011430 0.028800 -0.006109
v -0.011224 0.028800 -0.006480
v -0.011006 0.028800 -0.006844
v -0.010776 0.028800 -0.007200
v -0.010534 0.028800 -0.007549
v -0.010282 0.028800 -0.007890
v -0.010018 0.028800 -0.008222
v -0.009744 0.028800 -0.008545
v -0.009459 0.028800 -0.008859
v -0.009164 0.028800 -0.009164
v -0.008859 0.028800 -0.009459
v -0.008545 0.028800 -0.009744
v -0.008222 0.028800 -0.010018
v -0.007890 0.028800 -0.010282
v -0.007549 0.028800 -0.010534
v -0.007200 0.028800 -0.010776
v -0.006844 0.028800 -0.011006
v -0.006480 0.028800 -0.011224
v -0.006109 0.028800 -0.011430
v -0.005732 0.028800 -0.011623
v -0.005349 0.028800 -0.011805
v -0.004960 0.028800 -0.011973
v -0.004565 0.028800 -0.012129
v -0.004166 0.028800 -0.012272
v -0.003762 0.028800 -0.012402
v -0.003354 0.028800 -0.012518
v -0.002943 0.028800 -0.012621
v -0.002528 0.028800 -0.012711
v -0.002111 0.028800 -0.012787
v -0.001692 0.028800 -0.012849
v -0.001270 0.028800 -0.012898
v -0.000848 0.028800 -0.012932
v -0.000424 0.028800 -0.012953
v -0.000000 0.028800 -0.012960
v 0.000424 0.028800 -0.012953
v 0.000848 0.028800 -0.012932
v 0.001270 0.028800 -0.012898
v 0.001692 0.028800 -0.012849
v 0.002111 0.028800 -0.012787
v 0.002528 0.028800 -0.012711
v 0.002943 0.028800 -0.012621
v 0.003354 0.028800 -0.012518
v 0.003762 0.028800 -0.012402
v 0.004166 0.028800 -0.012272
v 0.004565 0.028800 -0.012129
v 0.004960 0.028800 -0.011973
v 0.005349 0.028800 -0.011805
v 0.005732 0.028800 -0.011623
v 0.006109 0.028800 -0.011430
v 0.006480 0.028800 -0.011224
v 0.006844 0.028800 -0.011006
v 0.007200 0.028800 -0.010776
v 0.007549 0.028800 -0.010534
v 0.007890 0.028800 -0.010282
v 0.008222 0.028800 -0.010018
v 0.008545 0.028800 -0.009744
v 0.008859 0.028800 -0.009459
v 0.009164 0.028800 -0.009164
v 0.009459 0.028800 -0.008859
v 0.009744 0.028800 -0.008545
v 0.010018 0.028800 -0.008222
v 0.010282 0.028800 -0.007890
v 0.010534 0.028800 -0.007549
v 0.010776 0.028800 -0.007200
v 0.011006 0.028800 -0.006844
v 0.011224 0.028800 -0.006480
v 0.011430 0.028800 -0.006109
v 0.011623 0.028800 -0.005732
v 0.011805 0.028800 -0.005349
v 0.011973 0.028800 -0.004960
v 0.012129 0.028800 -0.004565
v 0.012272 0.028800 -0.004166
v 0.012402 0.028800 -0.003762
v 0.012518 0.028800 -0.003354
v 0.012621 0.028800 -0.002943
v 0.012711 0.028800 -0.002528
v 0.012787 0.028800 -0.002111
v 0.012849 0.028800 -0.001692
v 0.012898 0.028800 -0.001270
v 0.012932 0.028800 -0.000848
v 0.012953 0.028800 -0.000424
v 0.012518 0.029421 0.000000
v 0.012512 0.029421 0.000410
v 0.012492 0.029421 0.000819
v 0.012458 0.029421 0.001227
v 0.012411 0.029421 0.001634
v 0.012351 0.029421 0.002039
v 0.012278 0.029421 0.002442
v 0.012191 0.029421 0.002843
v 0.012092 0.029421 0.003240
v 0.011979 0.029421 0.003634
v 0.011854 0.029421 0.004024
v 0.011716 0.029421 0.004410
v 0.011565 0.029421 0.004791
v 0.011403 0.029421 0.005166
v 0.011227 0.029421 0.005537
v 0.011040 0.029421 0.005901
v 0.010841 0.029421 0.006259
v 0.010631 0.029421 0.006611
v 0.010409 0.029421 0.006955
v 0.010176 0.029421 0.007292
v 0.009932 0.029421 0.007621
v 0.009677 0.029421 0.007942
v 0.009412 0.029421 0.008254
v 0.009137 0.029421 0.008557
v 0.008852 0.029421 0.008852
v 0.008557 0.029421 0.009137
v 0.008254 0.029421 0.009412
v 0.007942 0.029421 0.009677
v 0.007621 0.029421 0.009932
v 0.007292 0.029421 0.010176
v 0.006955 0.029421 0.010409
v 0.006611 0.029421 0.010631
v 0.006259 0.029421 0.010841
v 0.005901 0.029421 0.011040
v 0.005537 0.029421 0.011227
v 0.005166 0.029421 0.011403
v 0.004791 0.029421 0.011565
v 0.004410 0.029421 0.011716
v 0.004024 0.029421 0.011854
v 0.003634 0.029421 0.011979
v 0.003240 0.029421 0.012092
v 0.002843 0.029421 0.012191
v 0.002442 0.029421 0.012278
v 0.002039 0.029421 0.012351
v 0.001634 0.029421 0.012411
v 0.001227 0.029421 0.012458
v 0.000819 0.029421 0.012492
v 0.000410 0.029421 0.012512
v 0.000000 0.029421 0.012518
v -0.000410 0.029421 0.012512
v -0.000819 0.029421 0.012492
v -0.001227 0.029421 0.012458
v -0.001634 0.029421 0.012411
v -0.002039 0.029421 0.012351
v -0.002442 0.029421 0.012278
v -0.002843 0.029421 0.012191
v -0.003240 0.029421 0.012092
v -0.003634 0.029421 0.011979
v -0.004024 0.029421 0.011854
v -0.004410 0.029421 0.011716
v -0.004791 0.029421 0.011565
v -0.005166 0.029421 0.011403
v -0.005537 0.029421 0.011227
v -0.005901 0.029421 0.011040
v -0.006259 0.029421 0.010841
v -0.006611 0.029421 0.010631
v -0.006955 0.029421 0.010409
v -0.007292 0.029421 0.010176
v -0.007621 0.029421 0.009932
v -0.007942 0.029421 0.009677
v -0.008254 0.029421 0.009412
v -0.008557 0.029421 0.009137
v -0.008852 0.029421 0.008852
v -0.009137 0.029421 0.008557
v -0.009412 0.029421 0.008254
v -0.009677 0.029421 0.007942
v -0.009932 0.029421 0.007621
v -0.010176 0.029421 0.007292
v -0.010409 0.029421 0.006955
v -0.010631 0.029421 0.006611
v -0.010841 0.029421 0.006259
v -0.011040 0.029421 0.005901
v -0.011227 0.029421 0.005537
v -0.011403 0.029421 0.005166
v -0.011565 0.029421 0.004791
v -0.011716 0.029421 0.004410
v -0.011854 0.029421 0.004024
v -0.011979 0.029421 0.003634
v -0.012092 0.029421 0.003240
v -0.012191 0.029421 0.002843
v -0.012278 0.029421 0.002442
v -0.012351 0.029421 0.002039
v -0.012411 0.029421 0.001634
v -0.012458 0.029421 0.001227
v -0.012492 0.029421 0.000819
v -0.012512 0.029421 0.000410
v -0.012518 0.029421 0.000000
v -0.012512 0.029421 -0.000410
v -0.012492 0.029421 -0.000819
v -0.012458 0.029421 -0.001227
v -0.012411 0.029421 -0.001634
v -0.012351 0.029421 -0.002039
v -0.012278 0.029421 -0.002442
v -0.012191 0.029421 -0.002843
v -0.012092 0.029421 -0.003240
v -0.011979 0.029421 -0.003634
v -0.011854 0.029421 -0.004024
v -0.011716 0.029421 -0.004410
v -0.011565 0.029421 -0.004791
v -0.011403 0.029421 -0.005166
v -0.011227 0.029421 -0.005537
v -0.011040 0.029421 -0.005901
v -0.010841 0.029421 -0.006259
v -0.010631 0.029421 -0.006611
v -0.010409 0.029421 -0.006955
v -0.010176 0.029421 -0.007292
v -0.009932 0.029421 -0.007621
v -0.009677 0.029421 -0.007942
v -0.009412 0.029421 -0.008254
v -0.009137 0.029421 -0.008557
v -0.008852 0.029421 -0.008852
v -0.008557 0.029421 -0.009137
v -0.008254 0.029421 -0.009412
v -0.007942 0.029421 -0.009677
v -0.007621 0.029421 -0.009932
v -0.007292 0.029421 -0.010176
v -0.006955 0.029421 -0.010409
v -0.006611 0.029421 -0.010631
v -0.006259 0.029421 -0.010841
v -0.005901 0.029421 -0.011040
v -0.005537 0.029421 -0.011227
v -0.005166 0.029421 -0.011403
v -0.004791 0.029421 -0.011565
v -0.004410 0.029421 -0.011716
v -0.004024 0.029421 -0.011854
v -0.003634 0.029421 -0.011979
v -0.003240 0.029421 -0.012092
v -0.002843 0.029421 -0.012191
v -0.002442 0.029421 -0.012278
v -0.002039 0.029421 -0.012351
v -0.001634 0.029421 -0.012411
v -0.001227 0.029421 -0.012458
v -0.000819 0.029421 -0.012492
v -0.000410 0.029421 -0.012512
v -0.000000 0.029421 -0.012518
v 0.000410 0.029421 -0.012512
v 0.000819 0.029421 -0.012492
v 0.001227 0.029421 -0.012458
v 0.001634 0.029421 -0.012411
v 0.002039 0.029421 -0.012351
v 0.002442 0.029421 -0.012278
v 0.002843 0.029421 -0.012191
v 0.003240 0.029421 -0.012092
v 0.003634 0.029421 -0.011979
v 0.004024 0.029421 -0.011854
v 0.004410 0.029421 -0.011716
v 0.004791 0.029421 -0.011565
v 0.005166 0.029421 -0.011403
v 0.005537 0.029421 -0.011227
v 0.005901 0.029421 -0.011040
v 0.006259 0.029421 -0.010841
v 0.006611 0.029421 -0.010631
v 0.006955 0.029421 -0.010409
v 0.007292 0.029421 -0.010176
v 0.007621 0.029421 -0.009932
v 0.007942 0.029421 -0.009677
v 0.008254 0.029421 -0.009412
v 0.008557 0.029421 -0.009137
v 0.008852 0.029421 -0.008852
v 0.009137 0.029421 -0.008557
v 0.009412 0.029421 -0.008254
v 0.009677 0.029421 -0.007942
v 0.009932 0.029421 -0.007621
v 0.010176 0.029421 -0.007292
v 0.010409 0.029421 -0.006955
v 0.010631 0.029421 -0.006611
v 0.010841 0.029421 -0.006259
v 0.011040 0.029421 -0.005901
v 0.011227 0.029421 -0.005537
v 0.011403 0.029421 -0.005166
v 0.011565 0.029421 -0.004791
v 0.011716 0.029421 -0.004410
v 0.011854 0.029421 -0.004024
v 0.011979 0.029421 -0.003634
v 0.012092 0.029421 -0.003240
v 0.012191 0.029421 -0.002843
v 0.012278 0.029421 -0.002442
v 0.012351 0.029421 -0.002039
v 0.012411 0.029421 -0.001634
v 0.012458 0.029421 -0.001227
v 0.012492 0.029421 -0.000819
v 0.012512 0.029421 -0.000410
v 0.011224 0.030000 0.000000
v 0.011218 0.030000 0.000367
v 0.011200 0.030000 0.000734
v 0.011170 0.030000 0.001100
v 0.011128 0.030000 0.001465
v 0.011074 0.030000 0.001828
v 0.011008 0.030000 0.002190
v 0.010930 0.030000 0.002549
v 0.010841 0.030000 0.002905
v 0.010740 0.030000 0.003258
v 0.010628 0.030000 0.003608
v 0.010504 0.030000 0.003954
v 0.010369 0.030000 0.004295
v 0.010223 0.030000 0.004632
v 0.010066 0.030000 0.004964
v 0.009898 0.030000 0.005291
v 0.009720 0.030000 0.005612
v 0.009531 0.030000 0.005927
v 0.009332 0.030000 0.006236
v 0.009123 0.030000 0.006538
v 0.008904 0.030000 0.006833
v 0.008676 0.030000 0.007120
v 0.008438 0.030000 0.007400
v 0.008192 0.030000 0.007672
v 0.007936 0.030000 0.007936
v 0.007672 0.030000 0.008192
v 0.007400 0.030000 0.008438
v 0.007120 0.030000 0.008676
v 0.006833 0.030000 0.008904
v 0.006538 0.030000 0.009123
v 0.006236 0.030000 0.009332
v 0.005927 0.030000 0.009531
v 0.005612 0.030000 0.009720
v 0.005291 0.030000 0.009898
v 0.004964 0.030000 0.010066
v 0.004632 0.030000 0.010223
v 0.004295 0.030000 0.010369
v 0.003954 0.030000 0.010504
v 0.003608 0.030000 0.010628
v 0.003258 0.030000 0.010740
v 0.002905 0.030000 0.010841
v 0.002549 0.030000 0.010930
v 0.002190 0.030000 0.011008
v 0.001828 0.030000 0.011074
v 0.001465 0.030000 0.011128
v 0.001100 0.030000 0.011170
v 0.000734 0.030000 0.011200
v 0.000367 0.030000 0.011218
v 0.000000 0.030000 0.011224
v -0.000367 0.030000 0.011218
v -0.000734 0.030000 0.011200
v -0.001100 0.030000 0.011170
v -0.001465 0.030000 0.011128
v -0.001828 0.030000 0.011074
v -0.002190 0.030000 0.011008
v -0.002549 0.030000 0.010930
v -0.002905 0.030000 0.010841
v -0.003258 0.030000 0.010740
v -0.003608 0.030000 0.010628
v -0.003954 0.030000 0.010504
v -0.004295 0.030000 0.010369
v -0.004632 0.030000 0.010223
v -0.004964 0.030000 0.010066
v -0.005291 0.030000 0.009898
v -0.005612 0.030000 0.009720
v -0.005927 0.030000 0.009531
v -0.006236 0.030000 0.009332
v -0.006538 0.030000 0.009123
v -0.006833 0.030000 0.008904
v -0.007120 0.030000 0.008676
v -0.007400 0.030000 0.008438
v -0.007672 0.030000 0.008192
v -0.007936 0.030000 0.007936
v -0.008192 0.030000 0.007672
v -0.008438 0.030000 0.007400
v -0.008676 0.030000 0.007120
v -0.008904 0.030000 0.006833
v -0.009123 0.030000 0.006538
v -0.009332 0.030000 0.006236
v -0.009531 0.030000 0.005927
v -0.009720 0.030000 0.005612
v -0.009898 0.030000 0.005291
v -0.010066 0.030000 0.004964
v -0.010223 0.030000 0.004632
v -0.010369 0.030000 0.004295
v -0.010504 0.030000 0.003954
v -0.010628 0.030000 0.003608
v -0.010740 0.030000 0.003258
v -0.010841 0.030000 0.002905
v -0.010930 0.030000 0.002549
v -0.011008 0.030000 0.002190
v -0.011074 0.030000 0.001828
v -0.011128 0.030000 0.001465
v -0.011170 0.030000 0.001100
v -0.011200 0.030000 0.000734
v -0.011218 0.030000 0.000367
v -0.011224 0.030000 0.000000
v -0.011218 0.030000 -0.000367
v -0.011200 0.030000 -0.000734
v -0.011170 0.030000 -0.001100
v -0.011128 0.030000 -0.001465
v -0.011074 0.030000 -0.001828
v -0.011008 0.030000 -0.002190
v -0.010930 0.030000 -0.002549
v -0.010841 0.030000 -0.002905
v -0.010740 0.030000 -0.003258
v -0.010628 0.030000 -0.003608
v -0.010504 0.030000 -0.003954
v -0.010369 0.030000 -0.004295
v -0.010223 0.030000 -0.004632
v -0.010066 0.030000 -0.004964
v -0.009898 0.030000 -0.005291
v -0.009720 0.030000 -0.005612
v -0.009531 0.030000 -0.005927
v -0.009332 0.030000 -0.006236
v -0.009123 0.030000 -0.006538
v -0.008904 0.030000 -0.006833
v -0.008676 0.030000 -0.007120
v -0.008438 0.030000 -0.007400
v -0.008192 0.030000 -0.007672
v -0.007936 0.030000 -0.007936
v -0.007672 0.030000 -0.008192
v -0.007400 0.030000 -0.008438
v -0.007120 0.030000 -0.008676
v -0.006833 0.030000 -0.008904
v -0.006538 0.030000 -0.009123
v -0.006236 0.030000 -0.009332
v -0.005927 0.030000 -0.009531
v -0.005612 0.030000 -0.009720
v -0.005291 0.030000 -0.009898
v -0.004964 0.030000 -0.010066
v -0.004632 0.030000 -0.010223
v -0.004295 0.030000 -0.010369
v -0.003954 0.030000 -0.010504
v -0.003608 0.030000 -0.010628
v -0.003258 0.030000 -0.010740
v -0.002905 0.030000 -0.010841
v -0.002549 0.030000 -0.010930
v -0.002190 0.030000 -0.011008
v -0.001828 0.030000 -0.011074
v -0.001465 0.030000 -0.011128
v -0.001100 0.030000 -0.011170
v -0.000734 0.030000 -0.011200
v -0.000367 0.030000 -0.011218
v -0.000000 0.030000 -0.011224
v 0.000367 0.030000 -0.011218
v 0.000734 0.030000 -0.011200
v 0.001100 0.030000 -0.011170
v 0.001465 0.030000 -0.011128
v 0.001828 0.030000 -0.011074
v 0.002190 0.030000 -0.011008
v 0.002549 0.030000 -0.010930
v 0.002905 0.030000 -0.010841
v 0.003258 0.030000 -0.010740
v 0.003608 0.030000 -0.010628
v 0.003954 0.030000 -0.010504
v 0.004295 0.030000 -0.010369
v 0.004632 0.030000 -0.010223
v 0.004964 0.030000 -0.010066
v 0.005291 0.030000 -0.009898
v 0.005612 0.030000 -0.009720
v 0.005927 0.030000 -0.009531
v 0.006236 0.030000 -0.009332
v 0.006538 0.030000 -0.009123
v 0.006833 0.030000 -0.008904
v 0.007120 0.030000 -0.008676
v 0.007400 0.030000 -0.008438
v 0.007672 0.030000 -0.008192
v 0.007936 0.030000 -0.007936
v 0.008192 0.030000 -0.007672
v 0.008438 0.030000 -0.007400
v 0.008676 0.030000 -0.007120
v 0.008904 0.030000 -0.006833
v 0.009123 0.030000 -0.006538
v 0.009332 0.030000 -0.006236
v 0.009531 0.030000 -0.005927
v 0.009720 0.030000 -0.005612
v 0.009898 0.030000 -0.005291
v 0.010066 0.030000 -0.004964
v 0.010223 0.030000 -0.004632
v 0.010369 0.030000 -0.004295
v 0.010504 0.030000 -0.003954
v 0.010628 0.030000 -0.003608
v 0.010740 0.030000 -0.003258
v 0.010841 0.030000 -0.002905
v 0.010930 0.030000 -0.002549
v 0.011008 0.030000 -0.002190
v 0.011074 0.030000 -0.001828
v 0.011128 0.030000 -0.001465
v 0.011170 0.030000 -0.001100
v 0.011200 0.030000 -0.000734
v 0.011218 0.030000 -0.000367
v 0.009164 0.030497 0.000000
v 0.009159 0.030497 0.000300
v 0.009144 0.030497 0.000599
v 0.009120 0.030497 0.000898
v 0.009086 0.030497 0.001196
v 0.009042 0.030497 0.001493
v 0.008988 0.030497 0.001788
v 0.008925 0.030497 0.002081
v 0.008852 0.030497 0.002372
v 0.008770 0.030497 0.002660
v 0.008678 0.030497 0.002946
v 0.008577 0.030497 0.003228
v 0.008467 0.030497 0.003507
v 0.008347 0.030497 0.003782
v 0.008219 0.030497 0.004053
v 0.008082 0.030497 0.004320
v 0.007936 0.030497 0.004582
v 0.007782 0.030497 0.004839
v 0.007620 0.030497 0.005091
v 0.007449 0.030497 0.005338
v 0.007270 0.030497 0.005579
v 0.007084 0.030497 0.005814
v 0.006890 0.030497 0.006042
v 0.006689 0.030497 0.006265
v 0.006480 0.030497 0.006480
v 0.006265 0.030497 0.006689
v 0.006042 0.030497 0.006890
v 0.005814 0.030497 0.007084
v 0.005579 0.030497 0.007270
v 0.005338 0.030497 0.007449
v 0.005091 0.030497 0.007620
v 0.004839 0.030497 0.007782
v 0.004582 0.030497 0.007936
v 0.004320 0.030497 0.008082
v 0.004053 0.030497 0.008219
v 0.003782 0.030497 0.008347
v 0.003507 0.030497 0.008467
v 0.003228 0.030497 0.008577
v 0.002946 0.030497 0.008678
v 0.002660 0.030497 0.008770
v 0.002372 0.030497 0.008852
v 0.002081 0.030497 0.008925
v 0.001788 0.030497 0.008988
v 0.001493 0.030497 0.009042
v 0.001196 0.030497 0.009086
v 0.000898 0.030497 0.009120
v 0.000599 0.030497 0.009144
v 0.000300 0.030497 0.009159
v 0.000000 0.030497 0.009164
v -0.000300 0.030497 0.009159
v -0.000599 0.030497 0.009144
v -0.000898 0.030497 0.009120
v -0.001196 0.030497 0.009086
v -0.001493 0.030497 0.009042
v -0.001788 0.030497 0.008988
v -0.002081 0.030497 0.008925
v -0.002372 0.030497 0.008852
v -0.002660 0.030497 0.008770
v -0.002946 0.030497 0.008678
v -0.003228 0.030497 0.008577
v -0.003507 0.030497 0.008467
v -0.003782 0.030497 0.008347
v -0.004053 0.030497 0.008219
v -0.004320 0.030497 0.008082
v -0.004582 0.030497 0.007936
v -0.004839 0.030497 0.007782
v -0.005091 0.030497 0.007620
v -0.005338 0.030497 0.007449
v -0.005579 0.030497 0.007270
v -0.005814 0.030497 0.007084
v -0.006042 0.030497 0.006890
v -0.006265 0.030497 0.006689
v -0.006480 0.030497 0.006480
v -0.006689 0.030497 0.006265
v -0.006890 0.030497 0.006042
v -0.007084 0.030497 0.005814
v -0.007270 0.030497 0.005579
v -0.007449 0.030497 0.005338
v -0.007620 0.030497 0.005091
v -0.007782 0.030497 0.004839
v -0.007936 0.030497 0.004582
v -0.008082 0.030497 0.004320
v -0.008219 0.030497 0.004053
v -0.008347 0.030497 0.003782
v -0.008467 0.030497 0.003507
v -0.008577 0.030497 0.003228
v -0.008678 0.030497 0.002946
v -0.008770 0.030497 0.002660
v -0.008852 0.030497 0.002372
v -0.008925 0.030497 0.002081
v -0.008988 0.030497 0.001788
v -0.009042 0.030497 0.001493
v -0.009086 0.030497 0.001196
v -0.009120 0.030497 0.000898
v -0.009144 0.030497 0.000599
v -0.009159 0.030497 0.000300
v -0.009164 0.030497 0.000000
v -0.009159 0.030497 -0.000300
v -0.009144 0.030497 -0.000599
v -0.009120 0.030497 -0.000898
v -0.009086 0.030497 -0.001196
v -0.009042 0.030497 -0.001493
v -0.008988 0.030497 -0.001788
v -0.008925 0.030497 -0.002081
v -0.008852 0.030497 -0.002372
v -0.008770 0.030497 -0.002660
v -0.008678 0.030497 -0.002946
v -0.008577 0.030497 -0.003228
v -0.008467 0.030497 -0.003507
v -0.008347 0.030497 -0.003782
v -0.008219 0.030497 -0.004053
v -0.008082 0.030497 -0.004320
v -0.007936 0.030497 -0.004582
v -0.007782 0.030497 -0.004839
v -0.007620 0.030497 -0.005091
v -0.007449 0.030497 -0.005338
v -0.007270 0.030497 -0.005579
v -0.007084 0.030497 -0.005814
v -0.006890 0.030497 -0.006042
v -0.006689 0.030497 -0.006265
v -0.006480 0.030497 -0.006480
v -0.006265 0.030497 -0.006689
v -0.006042 0.030497 -0.006890
v -0.005814 0.030497 -0.007084
v -0.005579 0.030497 -0.007270
v -0.005338 0.030497 -0.007449
v -0.005091 0.030497 -0.007620
v -0.004839 0.030497 -0.007782
v -0.004582 0.030497 -0.007936
v -0.004320 0.030497 -0.008082
v -0.004053 0.030497 -0.008219
v -0.003782 0.030497 -0.008347
v -0.003507 0.030497 -0.008467
v -0.003228 0.030497 -0.008577
v -0.002946 0.030497 -0.008678
v -0.002660 0.030497 -0.008770
v -0.002372 0.030497 -0.008852
v -0.002081 0.030497 -0.008925
v -0.001788 0.030497 -0.008988
v -0.001493 0.030497 -0.009042
v -0.001196 0.030497 -0.009086
v -0.000898 0.030497 -0.009120
v -0.000599 0.030497 -0.009144
v -0.000300 0.030497 -0.009159
v -0.000000 0.030497 -0.009164
v 0.000300 0.030497 -0.009159
v 0.000599 0.030497 -0.009144
v 0.000898 0.030497 -0.009120
v 0.001196 0.030497 -0.009086
v 0.001493 0.030497 -0.009042
v 0.001788 0.030497 -0.008988
v 0.002081 0.030497 -0.008925
v 0.002372 0.030497 -0.008852
v 0.002660 0.030497 -0.008770
v 0.002946 0.030497 -0.008678
v 0.003228 0.030497 -0.008577
v 0.003507 0.030497 -0.008467
v 0.003782 0.030497 -0.008347
v 0.004053 0.030497 -0.008219
v 0.004320 0.030497 -0.008082
v 0.004582 0.030497 -0.007936
v 0.004839 0.030497 -0.007782
v 0.005091 0.030497 -0.007620
v 0.005338 0.030497 -0.007449
v 0.005579 0.030497 -0.007270
v 0.005814 0.030497 -0.007084
v 0.006042 0.030497 -0.006890
v 0.006265 0.030497 -0.006689
v 0.006480 0.030497 -0.006480
v 0.006689 0.030497 -0.006265
v 0.006890 0.030497 -0.006042
v 0.007084 0.030497 -0.005814
v 0.007270 0.030497 -0.005579
v 0.007449 0.030497 -0.005338
v 0.007620 0.030497 -0.005091
v 0.007782 0.030497 -0.004839
v 0.007936 0.030497 -0.004582
v 0.008082 0.030497 -0.004320
v 0.008219 0.030497 -0.004053
v 0.008347 0.030497 -0.003782
v 0.008467 0.030497 -0.003507
v 0.008577 0.030497 -0.003228
v 0.008678 0.030497 -0.002946
v 0.008770 0.030497 -0.002660
v 0.008852 0.030497 -0.002372
v 0.008925 0.030497 -0.002081
v 0.008988 0.030497 -0.001788
v 0.009042 0.030497 -0.001493
v 0.009086 0.030497 -0.001196
v 0.009120 0.030497 -0.000898
v 0.009144 0.030497 -0.000599
v 0.009159 0.030497 -0.000300
v 0.006480 0.030878 0.000000
v 0.006477 0.030878 0.000212
v 0.006466 0.030878 0.000424
v 0.006449 0.030878 0.000635
v 0.006425 0.030878 0.000846
v 0.006393 0.030878 0.001056
v 0.006355 0.030878 0.001264
v 0.006311 0.030878 0.001471
v 0.006259 0.030878 0.001677
v 0.006201 0.030878 0.001881
v 0.006136 0.030878 0.002083
v 0.006065 0.030878 0.002283
v 0.005987 0.030878 0.002480
v 0.005902 0.030878 0.002674
v 0.005812 0.030878 0.002866
v 0.005715 0.030878 0.003055
v 0.005612 0.030878 0.003240
v 0.005503 0.030878 0.003422
v 0.005388 0.030878 0.003600
v 0.005267 0.030878 0.003774
v 0.005141 0.030878 0.003945
v 0.005009 0.030878 0.004111
v 0.004872 0.030878 0.004273
v 0.004730 0.030878 0.004430
v 0.004582 0.030878 0.004582
v 0.004430 0.030878 0.004730
v 0.004273 0.030878 0.004872
v 0.004111 0.030878 0.005009
v 0.003945 0.030878 0.005141
v 0.003774 0.030878 0.005267
v 0.003600 0.030878 0.005388
v 0.003422 0.030878 0.005503
v 0.003240 0.030878 0.005612
v 0.003055 0.030878 0.005715
v 0.002866 0.030878 0.005812
v 0.002674 0.030878 0.005902
v 0.002480 0.030878 0.005987
v 0.002283 0.030878 0.006065
v 0.002083 0.030878 0.006136
v 0.001881 0.030878 0.006201
v 0.001677 0.030878 0.006259
v 0.001471 0.030878 0.006311
v 0.001264 0.030878 0.006355
v 0.001056 0.030878 0.006393
v 0.000846 0.030878 0.006425
v 0.000635 0.030878 0.006449
v 0.000424 0.030878 0.006466
v 0.000212 0.030878 0.006477
v 0.000000 0.030878 0.006480
v -0.000212 0.030878 0.006477
v -0.000424 0.030878 0.006466
v -0.000635 0.030878 0.006449
v -0.000846 0.030878 0.006425
v -0.001056 0.030878 0.006393
v -0.001264 0.030878 0.006355
v -0.001471 0.030878 0.006311
v -0.001677 0.030878 0.006259
v -0.001881 0.030878 0.006201
v -0.002083 0.030878 0.006136
v -0.002283 0.030878 0.006065
v -0.002480 0.030878 0.005987
v -0.002674 0.030878 0.005902
v -0.002866 0.030878 0.005812
v -0.003055 0.030878 0.005715
v -0.003240 0.030878 0.005612
v -0.003422 0.030878 0.005503
v -0.003600 0.030878 0.005388
v -0.003774 0.030878 0.005267
v -0.003945 0.030878 0.005141
v -0.004111 0.030878 0.005009
v -0.004273 0.030878 0.004872
v -0.004430 0.030878 0.004730
v -0.004582 0.030878 0.004582
v -0.004730 0.030878 0.004430
v -0.004872 0.030878 0.004273
v -0.005009 0.030878 0.004111
v -0.005141 0.030878 0.003945
v -0.005267 0.030878 0.003774
v -0.005388 0.030878 0.003600
v -0.005503 0.030878 0.003422
v -0.005612 0.030878 0.003240
v -0.005715 0.030878 0.003055
v -0.005812 0.030878 0.002866
v -0.005902 0.030878 0.002674
v -0.005987 0.030878 0.002480
v -0.006065 0.030878 0.002283
v -0.006136 0.030878 0.002083
v -0.006201 0.030878 0.001881
v -0.006259 0.030878 0.001677
v -0.006311 0.030878 0.001471
v -0.006355 0.030878 0.001264
v -0.006393 0.030878 0.001056
v -0.006425 0.030878 0.000846
v -0.006449 0.030878 0.000635
v -0.006466 0.030878 0.000424
v -0.006477 0.030878 0.000212
v -0.006480 0.030878 0.000000
v -0.006477 0.030878 -0.000212
v -0.006466 0.030878 -0.000424
v -0.006449 0.030878 -0.000635
v -0.006425 0.030878 -0.000846
v -0.006393 0.030878 -0.001056
v -0.006355 0.030878 -0.001264
v -0.006311 0.030878 -0.001471
v -0.006259 0.030878 -0.001677
v -0.006201 0.030878 -0.001881
v -0.006136 0.030878 -0.002083
v -0.006065 0.030878 -0.002283
v -0.005987 0.030878 -0.002480
v -0.005902 0.030878 -0.002674
v -0.005812 0.030878 -0.002866
v -0.005715 0.030878 -0.003055
v -0.005612 0.030878 -0.003240
v -0.005503 0.030878 -0.003422
v -0.005388 0.030878 -0.003600
v -0.005267 0.030878 -0.003774
v -0.005141 0.030878 -0.003945
v -0.005009 0.030878 -0.004111
v -0.004872 0.030878 -0.004273
v -0.004730 0.030878 -0.004430
v -0.004582 0.030878 -0.004582
v -0.004430 0.030878 -0.004730
v -0.004273 0.030878 -0.004872
v -0.004111 0.030878 -0.005009
v -0.003945 0.030878 -0.005141
v -0.003774 0.030878 -0.005267
v -0.003600 0.030878 -0.005388
v -0.003422 0.030878 -0.005503
v -0.003240 0.030878 -0.005612
v -0.003055 0.030878 -0.005715
v -0.002866 0.030878 -0.005812
v -0.002674 0.030878 -0.005902
v -0.002480 0.030878 -0.005987
v -0.002283 0.030878 -0.006065
v -0.002083 0.030878 -0.006136
v -0.001881 0.030878 -0.006201
v -0.001677 0.030878 -0.006259
v -0.001471 0.030878 -0.006311
v -0.001264 0.030878 -0.006355
v -0.001056 0.030878 -0.006393
v -0.000846 0.030878 -0.006425
v -0.000635 0.030878 -0.006449
v -0.000424 0.030878 -0.006466
v -0.000212 0.030878 -0.006477
v -0.000000 0.030878 -0.006480
v 0.000212 0.030878 -0.006477
v 0.000424 0.030878 -0.006466
v 0.000635 0.030878 -0.006449
v 0.000846 0.030878 -0.006425
v 0.001056 0.030878 -0.006393
v 0.001264 0.030878 -0.006355
v 0.001471 0.030878 -0.006311
v 0.001677 0.030878 -0.006259
v 0.001881 0.030878 -0.006201
v 0.002083 0.030878 -0.006136
v 0.002283 0.030878 -0.006065
v 0.002480 0.030878 -0.005987
v 0.002674 0.030878 -0.005902
v 0.002866 0.030878 -0.005812
v 0.003055 0.030878 -0.005715
v 0.003240 0.030878 -0.005612
v 0.003422 0.030878 -0.005503
v 0.003600 0.030878 -0.005388
v 0.003774 0.030878 -0.005267
v 0.003945 0.030878 -0.005141
v 0.004111 0.030878 -0.005009
v 0.004273 0.030878 -0.004872
v 0.004430 0.030878 -0.004730
v 0.004582 0.030878 -0.004582
v 0.004730 0.030878 -0.004430
v 0.004872 0.030878 -0.004273
v 0.005009 0.030878 -0.004111
v 0.005141 0.030878 -0.003945
v 0.005267 0.030878 -0.003774
v 0.005388 0.030878 -0.003600
v 0.005503 0.030878 -0.003422
v 0.005612 0.030878 -0.003240
v 0.005715 0.030878 -0.003055
v 0.005812 0.030878 -0.002866
v 0.005902 0.030878 -0.002674
v 0.005987 0.030878 -0.002480
v 0.006065 0.030878 -0.002283
v 0.006136 0.030878 -0.002083
v 0.006201 0.030878 -0.001881
v 0.006259 0.030878 -0.001677
v 0.006311 0.030878 -0.001471
v 0.006355 0.030878 -0.001264
v 0.006393 0.030878 -0.001056
v 0.006425 0.030878 -0.000846
v 0.006449 0.030878 -0.000635
v 0.006466 0.030878 -0.000424
v 0.006477 0.030878 -0.000212
v 0.003354 0.031118 0.000000
v 0.003352 0.031118 0.000110
v 0.003347 0.031118 0.000219
v 0.003338 0.031118 0.000329
v 0.003326 0.031118 0.000438
v 0.003309 0.031118 0.000546
v 0.003290 0.031118 0.000654
v 0.003267 0.031118 0.000762
v 0.003240 0.031118 0.000868
v 0.003210 0.031118 0.000974
v 0.003176 0.031118 0.001078
v 0.003139 0.031118 0.001182
v 0.003099 0.031118 0.001284
v 0.003055 0.031118 0.001384
v 0.003008 0.031118 0.001484
v 0.002958 0.031118 0.001581
v 0.002905 0.031118 0.001677
v 0.002848 0.031118 0.001771
v 0.002789 0.031118 0.001864
v 0.002727 0.031118 0.001954
v 0.002661 0.031118 0.002042
v 0.002593 0.031118 0.002128
v 0.002522 0.031118 0.002212
v 0.002448 0.031118 0.002293
v 0.002372 0.031118 0.002372
v 0.002293 0.031118 0.002448
v 0.002212 0.031118 0.002522
v 0.002128 0.031118 0.002593
v 0.002042 0.031118 0.002661
v 0.001954 0.031118 0.002727
v 0.001864 0.031118 0.002789
v 0.001771 0.031118 0.002848
v 0.001677 0.031118 0.002905
v 0.001581 0.031118 0.002958
v 0.001484 0.031118 0.003008
v 0.001384 0.031118 0.003055
v 0.001284 0.031118 0.003099
v 0.001182 0.031118 0.003139
v 0.001078 0.031118 0.003176
v 0.000974 0.031118 0.003210
v 0.000868 0.031118 0.003240
v 0.000762 0.031118 0.003267
v 0.000654 0.031118 0.003290
v 0.000546 0.031118 0.003309
v 0.000438 0.031118 0.003326
v 0.000329 0.031118 0.003338
v 0.000219 0.031118 0.003347
v 0.000110 0.031118 0.003352
v 0.000000 0.031118 0.003354
v -0.000110 0.031118 0.003352
v -0.000219 0.031118 0.003347
v -0.000329 0.031118 0.003338
v -0.000438 0.031118 0.003326
v -0.000546 0.031118 0.003309
v -0.000654 0.031118 0.003290
v -0.000762 0.031118 0.003267
v -0.000868 0.031118 0.003240
v -0.000974 0.031118 0.003210
v -0.001078 0.031118 0.003176
v -0.001182 0.031118 0.003139
v -0.001284 0.031118 0.003099
v -0.001384 0.031118 0.003055
v -0.001484 0.031118 0.003008
v -0.001581 0.031118 0.002958
v -0.001677 0.031118 0.002905
v -0.001771 0.031118 0.002848
v -0.001864 0.031118 0.002789
v -0.001954 0.031118 0.002727
v -0.002042 0.031118 0.002661
v -0.002128 0.031118 0.002593
v -0.002212 0.031118 0.002522
v -0.002293 0.031118 0.002448
v -0.002372 0.031118 0.002372
v -0.002448 0.031118 0.002293
v -0.002522 0.031118 0.002212
v -0.002593 0.031118 0.002128
v -0.002661 0.031118 0.002042
v -0.002727 0.031118 0.001954
v -0.002789 0.031118 0.001864
v -0.002848 0.031118 0.001771
v -0.002905 0.031118 0.001677
v -0.002958 0.031118 0.001581
v -0.003008 0.031118 0.001484
v -0.003055 0.031118 0.001384
v -0.003099 0.031118 0.001284
v -0.003139 0.031118 0.001182
v -0.003176 0.031118 0.001078
v -0.003210 0.031118 0.000974
v -0.003240 0.031118 0.000868
v -0.003267 0.031118 0.000762
v -0.003290 0.031118 0.000654
v -0.003309 0.031118 0.000546
v -0.003326 0.031118 0.000438
v -0.003338 0.031118 0.000329
v -0.003347 0.031118 0.000219
v -0.003352 0.031118 0.000110
v -0.003354 0.031118 0.000000
v -0.003352 0.031118 -0.000110
v -0.003347 0.031118 -0.000219
v -0.003338 0.031118 -0.000329
v -0.003326 0.031118 -0.000438
v -0.003309 0.031118 -0.000546
v -0.003290 0.031118 -0.000654
v -0.003267 0.031118 -0.000762
v -0.003240 0.031118 -0.000868
v -0.003210 0.031118 -0.000974
v -0.003176 0.031118 -0.001078
v -0.003139 0.031118 -0.001182
v -0.003099 0.031118 -0.001284
v -0.003055 0.031118 -0.001384
v -0.003008 0.031118 -0.001484
v -0.002958 0.031118 -0.001581
v -0.002905 0.031118 -0.001677
v -0.002848 0.031118 -0.001771
v -0.002789 0.031118 -0.001864
v -0.002727 0.031118 -0.001954
v -0.002661 0.031118 -0.002042
v -0.002593 0.031118 -0.002128
v -0.002522 0.031118 -0.002212
v -0.002448 0.031118 -0.002293
v -0.002372 0.031118 -0.002372
v -0.002293 0.031118 -0.002448
v -0.002212 0.031118 -0.002522
v -0.002128 0.031118 -0.002593
v -0.002042 0.031118 -0.002661
v -0.001954 0.031118 -0.002727
v -0.001864 0.031118 -0.002789
v -0.001771 0.031118 -0.002848
v -0.001677 0.031118 -0.002905
v -0.001581 0.031118 -0.002958
v -0.001484 0.031118 -0.003008
v -0.001384 0.031118 -0.003055
v -0.001284 0.031118 -0.003099
v -0.001182 0.031118 -0.003139
v -0.001078 0.031118 -0.003176
v -0.000974 0.031118 -0.003210
v -0.000868 0.031118 -0.003240
v -0.000762 0.031118 -0.003267
v -0.000654 0.031118 -0.003290
v -0.000546 0.031118 -0.003309
v -0.000438 0.031118 -0.003326
v -0.000329 0.031118 -0.003338
v -0.000219 0.031118 -0.003347
v -0.000110 0.031118 -0.003352
v -0.000000 0.031118 -0.003354
v 0.000110 0.031118 -0.003352
v 0.000219 0.031118 -0.003347
v 0.000329 0.031118 -0.003338
v 0.000438 0.031118 -0.003326
v 0.000546 0.031118 -0.003309
v 0.000654 0.031118 -0.003290
v 0.000762 0.031118 -0.003267
v 0.000868 0.031118 -0.003240
v 0.000974 0.031118 -0.003210
v 0.001078 0.031118 -0.003176
v 0.001182 0.031118 -0.003139
v 0.001284 0.031118 -0.003099
v 0.001384 0.031118 -0.003055
v 0.001484 0.031118 -0.003008
v 0.001581 0.031118 -0.002958
v 0.001677 0.031118 -0.002905
v 0.001771 0.031118 -0.002848
v 0.001864 0.031118 -0.002789
v 0.001954 0.031118 -0.002727
v 0.002042 0.031118 -0.002661
v 0.002128 0.031118 -0.002593
v 0.002212 0.031118 -0.002522
v 0.002293 0.031118 -0.002448
v 0.002372 0.031118 -0.002372
v 0.002448 0.031118 -0.002293
v 0.002522 0.031118 -0.002212
v 0.002593 0.031118 -0.002128
v 0.002661 0.031118 -0.002042
v 0.002727 0.031118 -0.001954
v 0.002789 0.031118 -0.001864
v 0.002848 0.031118 -0.001771
v 0.002905 0.031118 -0.001677
v 0.002958 0.031118 -0.001581
v 0.003008 0.031118 -0.001484
v 0.003055 0.031118 -0.001384
v 0.003099 0.031118 -0.001284
v 0.003139 0.031118 -0.001182
v 0.003176 0.031118 -0.001078
v 0.003210 0.031118 -0.000974
v 0.003240 0.031118 -0.000868
v 0.003267 0.031118 -0.000762
v 0.003290 0.031118 -0.000654
v 0.003309 0.031118 -0.000546
v 0.003326 0.031118 -0.000438
v 0.003338 0.031118 -0.000329
v 0.003347 0.031118 -0.000219
v 0.003352 0.031118 -0.000110
v 0.000000 0.031200 0.000000
v 0.000000 0.014400 0.000000
usemtl Body
f 49 1 2
f 49 2 3
f 49 3 4
f 49 4 5
f 49 5 6
f 49 6 7
f 49 7 8
f 49 8 9
f 49 9 10
f 49 10 11
f 49 11 12
f 49 12 13
f 49 13 14
f 49 14 15
f 49 15 16
f 49 16 17
f 49 17 18
f 49 18 19
f 49 19 20
f 49 20 21
f 49 21 22
f 49 22 23
f 49 23 24
f 49 24 25
f 49 25 26
f 49 26 27
f 49 27 28
f 49 28 29
f 49 29 30
f 49 30 31
f 49 31 32
f 49 32 33
f 49 33 34
f 49 34 35
f 49 35 36
f 49 36 37
f 49 37 38
f 49 38 39
f 49 39 40
f 49 40 41
f 49 41 42
f 49 42 43
f 49 43 44
f 49 44 45
f 49 45 46
f 49 46 47
f 49 47 48
f 49 48 1
f 1 50 51 2
f 2 51 52 3
f 3 52 53 4
f 4 53 54 5
f 5 54 55 6
f 6 55 56 7
f 7 56 57 8
f 8 57 58 9
f 9 58 59 10
f 10 59 60 11
f 11 60 61 12
f 12 61 62 13
f 13 62 63 14
f 14 63 64 15
f 15 64 65 16
f 16 65 66 17
f 17 66 67 18
f 18 67 68 19
f 19 68 69 20
f 20 69 70 21
f 21 70 71 22
f 22 71 72 23
f 23 72 73 24
f 24 73 74 25
f 25 74 75 26
f 26 75 76 27
f 27 76 77 28
f 28 77 78 29
f 29 78 79 30
f 30 79 80 31
f 31 80 81 32
f 32 81 82 33
f 33 82 83 34
f 34 83 84 35
f 35 84 85 36
f 36 85 86 37
f 37 86 87 38
f 38 87 88 39
f 39 88 89 40
f 40 89 90 41
f 41 90 91 42
f 42 91 92 43
f 43 92 93 44
f 44 93 94 45
f 45 94 95 46
f 46 95 96 47
f 47 96 97 48
f 48 97 50 1
f 50 98 99 51
f 51 99 100 52
f 52 100 101 53
f 53 101 102 54
f 54 102 103 55
f 55 103 104 56
f 56 104 105 57
f 57 105 106 58
f 58 106 107 59
f 59 107 108 60
f 60 108 109 61
f 61 109 110 62
f 62 110 111 63
f 63 111 112 64
f 64 112 113 65
f 65 113 114 66
f 66 114 115 67
f 67 115 116 68
f 68 116 117 69
f 69 117 118 70
f 70 118 119 71
f 71 119 120 72
f 72 120 121 73
f 73 121 122 74
f 74 122 123 75
f 75 123 124 76
f 76 124 125 77
f 77 125 126 78
f 78 126 127 79
f 79 127 128 80
f 80 128 129 81
f 81 129 130 82
f 82 130 131 83
f 83 131 132 84
f 84 132 133 85
f 85 133 134 86
f 86 134 135 87
f 87 135 136 88
f 88 136 137 89
f 89 137 138 90
f 90 138 139 91
f 91 139 140 92
f 92 140 141 93
f 93 141 142 94
f 94 142 143 95
f 95 143 144 96
f 96 144 145 97
f 97 145 98 50
f 98 146 147 99
f 99 147 148 100
f 100 148 149 101
f 101 149 150 102
f 102 150 151 103
f 103 151 152 104
f 104 152 153 105
f 105 153 154 106
f 106 154 155 107
f 107 155 156 108
f 108 156 157 109
f 109 157 158 110
f 110 158 159 111
f 111 159 160 112
f 112 160 161 113
f 113 161 162 114
f 114 162 163 115
f 115 163 164 116
f 116 164 165 117
f 117 165 166 118
f 118 166 167 119
f 119 167 168 120
f 120 168 169 121
f 121 169 170 122
f 122 170 171 123
f 123 171 172 124
f 124 172 173 125
f 125 173 174 126
f 126 174 175 127
f 127 175 176 128
f 128 176 177 129
f 129 177 178 130
f 130 178 179 131
f 131 179 180 132
f 132 180 181 133
f 133 181 182 134
f 134 182 183 135
f 135 183 184 136
f 136 184 185 137
f 137 185 186 138
f 138 186 187 139
f 139 187 188 140
f 140 188 189 141
f 141 189 190 142
f 142 190 191 143
f 143 191 192 144
f 144 192 193 145
f 145 193 146 98
f 146 194 195 147
f 147 195 196 148
f 148 196 197 149
f 149 197 198 150
f 150 198 199 151
f 151 199 200 152
f 152 200 201 153
f 153 201 202 154
f 154 202 203 155
f 155 203 204 156
f 156 204 205 157
f 157 205 206 158
f 158 206 207 159
f 159 207 208 160
f 160 208 209 161
f 161 209 210 162
f 162 210 211 163
f 163 211 212 164
f 164 212 213 165
f 165 213 214 166
f 166 214 215 167
f 167 215 216 168
f 168 216 217 169
f 169 217 218 170
f 170 218 219 171
f 171 219 220 172
f 172 220 221 173
f 173 221 222 174
f 174 222 223 175
f 175 223 224 176
f 176 224 225 177
f 177 225 226 178
f 178 226 227 179
f 179 227 228 180
f 180 228 229 181
f 181 229 230 182
f 182 230 231 183
f 183 231 232 184
f 184 232 233 185
f 185 233 234 186
f 186 234 235 187
f 187 235 236 188
f 188 236 237 189
f 189 237 238 190
f 190 238 239 191
f 191 239 240 192
f 192 240 241 193
f 193 241 194 146
f 194 242 243 195
f 195 243 244 196
f 196 244 245 197
f 197 245 246 198
f 198 246 247 199
f 199 247 248 200
f 200 248 249 201
f 201 249 250 202
f 202 250 251 203
f 203 251 252 204
f 204 252 253 205
f 205 253 254 206
f 206 254 255 207
f 207 255 256 208
f 208 256 257 209
f 209 257 258 210
f 210 258 259 211
f 211 259 260 212
f 212 260 261 213
f 213 261 262 214
f 214 262 263 215
f 215 263 264 216
f 216 264 265 217
f 217 265 266 218
f 218 266 267 219
f 219 267 268 220
f 220 268 269 221
f 221 269 270 222
f 222 270 271 223
f 223 271 272 224
f 224 272 273 225
f 225 273 274 226
f 226 274 275 227
f 227 275 276 228
f 228 276 277 229
f 229 277 278 230
f 230 278 279 231
f 231 279 280 232
f 232 280 281 233
f 233 281 282 234
f 234 282 283 235
f 235 283 284 236
f 236 284 285 237
f 237 285 286 238
f 238 286 287 239
f 239 287 288 240
f 240 288 289 241
f 241 289 242 194
f 242 290 291 243
f 243 291 292 244
f 244 292 293 245
f 245 293 294 246
f 246 294 295 247
f 247 295 296 248
f 248 296 297 249
f 249 297 298 250
f 250 298 299 251
f 251 299 300 252
f 252 300 301 253
f 253 301 302 254
f 254 302 303 255
f 255 303 304 256
f 256 304 305 257
f 257 305 306 258
f 258 306 307 259
f 259 307 308 260
f 260 308 309 261
f 261 309 310 262
f 262 310 311 263
f 263 311 312 264
f 264 312 313 265
f 265 313 314 266
f 266 314 315 267
f 267 315 316 268
f 268 316 317 269
f 269 317 318 270
f 270 318 319 271
f 271 319 320 272
f 272 320 321 273
f 273 321 322 274
f 274 322 323 275
f 275 323 324 276
f 276 324 325 277
f 277 325 326 278
f 278 326 327 279
f 279 327 328 280
f 280 328 329 281
f 281 329 330 282
f 282 330 331 283
f 283 331 332 284
f 284 332 333 285
f 285 333 334 286
f 286 334 335 287
f 287 335 336 288
f 288 336 337 289
f 289 337 290 242
f 290 338 339 291
f 291 339 340 292
f 292 340 341 293
f 293 341 342 294
f 294 342 343 295
f 295 343 344 296
f 296 344 345 297
f 297 345 346 298
f 298 346 347 299
f 299 347 348 300
f 300 348 349 301
f 301 349 350 302
f 302 350 351 303
f 303 351 352 304
f 304 352 353 305
f 305 353 354 306
f 306 354 355 307
f 307 355 356 308
f 308 356 357 309
f 309 357 358 310
f 310 358 359 311
f 311 359 360 312
f 312 360 361 313
f 313 361 362 314
f 314 362 363 315
f 315 363 364 316
f 316 364 365 317
f 317 365 366 318
f 318 366 367 319
f 319 367 368 320
f 320 368 369 321
f 321 369 370 322
f 322 370 371 323
f 323 371 372 324
f 324 372 373 325
f 325 373 374 326
f 326 374 375 327
f 327 375 376 328
f 328 376 377 329
f 329 377 378 330
f 330 378 379 331
f 331 379 380 332
f 332 380 381 333
f 333 381 382 334
f 334 382 383 335
f 335 383 384 336
f 336 384 385 337
f 337 385 338 290
f 338 386 387 339
f 339 387 388 340
f 340 388 389 341
f 341 389 390 342
f 342 390 391 343
f 343 391 392 344
f 344 392 393 345
f 345 393 394 346
f 346 394 395 347
f 347 395 396 348
f 348 396 397 349
f 349 397 398 350
f 350 398 399 351
f 351 399 400 352
f 352 400 401 353
f 353 401 402 354
f 354 402 403 355
f 355 403 404 356
f 356 404 405 357
f 357 405 406 358
f 358 406 407 359
f 359 407 408 360
f 360 408 409 361
f 361 409 410 362
f 362 410 411 363
f 363 411 412 364
f 364 412 413 365
f 365 413 414 366
f 366 414 415 367
f 367 415 416 368
f 368 416 417 369
f 369 417 418 370
f 370 418 419 371
f 371 419 420 372
f 372 420 421 373
f 373 421 422 374
f 374 422 423 375
f 375 423 424 376
f 376 424 425 377
f 377 425 426 378
f 378 426 427 379
f 379 427 428 380
f 380 428 429 381
f 381 429 430 382
f 382 430 431 383
f 383 431 432 384
f 384 432 433 385
f 385 433 386 338
f 386 434 435 387
f 387 435 436 388
f 388 436 437 389
f 389 437 438 390
f 390 438 439 391
f 391 439 440 392
f 392 440 441 393
f 393 441 442 394
f 394 442 443 395
f 395 443 444 396
f 396 444 445 397
f 397 445 446 398
f 398 446 447 399
f 399 447 448 400
f 400 448 449 401
f 401 449 450 402
f 402 450 451 403
f 403 451 452 404
f 404 452 453 405
f 405 453 454 406
f 406 454 455 407
f 407 455 456 408
f 408 456 457 409
f 409 457 458 410
f 410 458 459 411
f 411 459 460 412
f 412 460 461 413
f 413 461 462 414
f 414 462 463 415
f 415 463 464 416
f 416 464 465 417
f 417 465 466 418
f 418 466 467 419
f 419 467 468 420
f 420 468 469 421
f 421 469 470 422
f 422 470 471 423
f 423 471 472 424
f 424 472 473 425
f 425 473 474 426
f 426 474 475 427
f 427 475 476 428
f 428 476 477 429
f 429 477 478 430
f 430 478 479 431
f 431 479 480 432
f 432 480 481 433
f 433 481 434 386
f 434 482 483 435
f 435 483 484 436
f 436 484 485 437
f 437 485 486 438
f 438 486 487 439
f 439 487 488 440
f 440 488 489 441
f 441 489 490 442
f 442 490 491 443
f 443 491 492 444
f 444 492 493 445
f 445 493 494 446
f 446 494 495 447
f 447 495 496 448
f 448 496 497 449
f 449 497 498 450
f 450 498 499 451
f 451 499 500 452
f 452 500 501 453
f 453 501 502 454
f 454 502 503 455
f 455 503 504 456
f 456 504 505 457
f 457 505 506 458
f 458 506 507 459
f 459 507 508 460
f 460 508 509 461
f 461 509 510 462
f 462 510 511 463
f 463 511 512 464
f 464 512 513 465
f 465 513 514 466
f 466 514 515 467
f 467 515 516 468
f 468 516 517 469
f 469 517 518 470
f 470 518 519 471
f 471 519 520 472
f 472 520 521 473
f 473 521 522 474
f 474 522 523 475
f 475 523 524 476
f 476 524 525 477
f 477 525 526 478
f 478 526 527 479
f 479 527 528 480
f 480 528 529 481
f 481 529 482 434
f 482 530 531 483
f 483 531 532 484
f 484 532 533 485
f 485 533 534 486
f 486 534 535 487
f 487 535 536 488
f 488 536 537 489
f 489 537 538 490
f 490 538 539 491
f 491 539 540 492
f 492 540 541 493
f 493 541 542 494
f 494 542 543 495
f 495 543 544 496
f 496 544 545 497
f 497 545 546 498
f 498 546 547 499
f 499 547 548 500
f 500 548 549 501
f 501 549 550 502
f 502 550 551 503
f 503 551 552 504
f 504 552 553 505
f 505 553 554 506
f 506 554 555 507
f 507 555 556 508
f 508 556 557 509
f 509 557 558 510
f 510 558 559 511
f 511 559 560 512
f 512 560 561 513
f 513 561 562 514
f 514 562 563 515
f 515 563 564 516
f 516 564 565 517
f 517 565 566 518
f 518 566 567 519
f 519 567 568 520
f 520 568 569 521
f 521 569 570 522
f 522 570 571 523
f 523 571 572 524
f 524 572 573 525
f 525 573 574 526
f 526 574 575 527
f 527 575 576 528
f 528 576 577 529
f 529 577 530 482
f 530 578 579 531
f 531 579 580 532
f 532 580 581 533
f 533 581 582 534
f 534 582 583 535
f 535 583 584 536
f 536 584 585 537
f 537 585 586 538
f 538 586 587 539
f 539 587 588 540
f 540 588 589 541
f 541 589 590 542
f 542 590 591 543
f 543 591 592 544
f 544 592 593 545
f 545 593 594 546
f 546 594 595 547
f 547 595 596 548
f 548 596 597 549
f 549 597 598 550
f 550 598 599 551
f 551 599 600 552
f 552 600 601 553
f 553 601 602 554
f 554 602 603 555
f 555 603 604 556
f 556 604 605 557
f 557 605 606 558
f 558 606 607 559
f 559 607 608 560
f 560 608 609 561
f 561 609 610 562
f 562 610 611 563
f 563 611 612 564
f 564 612 613 565
f 565 613 614 566
f 566 614 615 567
f 567 615 616 568
f 568 616 617 569
f 569 617 618 570
f 570 618 619 571
f 571 619 620 572
f 572 620 621 573
f 573 621 622 574
f 574 622 623 575
f 575 623 624 576
f 576 624 625 577
f 577 625 578 530
f 1202 1394 1395 1203
f 1203 1395 1396 1204
f 1204 1396 1397 1205
f 1205 1397 1398 1206
f 1206 1398 1399 1207
f 1207 1399 1400 1208
f 1208 1400 1401 1209
f 1209 1401 1402 1210
f 1210 1402 1403 1211
f 1211 1403 1404 1212
f 1212 1404 1405 1213
f 1213 1405 1406 1214
f 1214 1406 1407 1215
f 1215 1407 1408 1216
f 1216 1408 1409 1217
f 1217 1409 1410 1218
f 1218 1410 1411 1219
f 1219 1411 1412 1220
f 1220 1412 1413 1221
f 1221 1413 1414 1222
f 1222 1414 1415 1223
f 1223 1415 1416 1224
f 1224 1416 1417 1225
f 1225 1417 1418 1226
f 1226 1418 1419 1227
f 1227 1419 1420 1228
f 1228 1420 1421 1229
f 1229 1421 1422 1230
f 1230 1422 1423 1231
f 1231 1423 1424 1232
f 1232 1424 1425 1233
f 1233 1425 1426 1234
f 1234 1426 1427 1235
f 1235 1427 1428 1236
f 1236 1428 1429 1237
f 1237 1429 1430 1238
f 1238 1430 1431 1239
f 1239 1431 1432 1240
f 1240 1432 1433 1241
f 1241 1433 1434 1242
f 1242 1434 1435 1243
f 1243 1435 1436 1244
f 1244 1436 1437 1245
f 1245 1437 1438 1246
f 1246 1438 1439 1247
f 1247 1439 1440 1248
f 1248 1440 1441 1249
f 1249 1441 1442 1250
f 1250 1442 1443 1251
f 1251 1443 1444 1252
f 1252 1444 1445 1253
f 1253 1445 1446 1254
f 1254 1446 1447 1255
f 1255 1447 1448 1256
f 1256 1448 1449 1257
f 1257 1449 1450 1258
f 1258 1450 1451 1259
f 1259 1451 1452 1260
f 1260 1452 1453 1261
f 1261 1453 1454 1262
f 1262 1454 1455 1263
f 1263 1455 1456 1264
f 1264 1456 1457 1265
f 1265 1457 1458 1266
f 1266 1458 1459 1267
f 1267 1459 1460 1268
f 1268 1460 1461 1269
f 1269 1461 1462 1270
f 1270 1462 1463 1271
f 1271 1463 1464 1272
f 1272 1464 1465 1273
f 1273 1465 1466 1274
f 1274 1466 1467 1275
f 1275 1467 1468 1276
f 1276 1468 1469 1277
f 1277 1469 1470 1278
f 1278 1470 1471 1279
f 1279 1471 1472 1280
f 1280 1472 1473 1281
f 1281 1473 1474 1282
f 1282 1474 1475 1283
f 1283 1475 1476 1284
f 1284 1476 1477 1285
f 1285 1477 1478 1286
f 1286 1478 1479 1287
f 1287 1479 1480 1288
f 1288 1480 1481 1289
f 1289 1481 1482 1290
f 1290 1482 1483 1291
f 1291 1483 1484 1292
f 1292 1484 1485 1293
f 1293 1485 1486 1294
f 1294 1486 1487 1295
f 1295 1487 1488 1296
f 1296 1488 1489 1297
f 1297 1489 1490 1298
f 1298 1490 1491 1299
f 1299 1491 1492 1300
f 1300 1492 1493 1301
f 1301 1493 1494 1302
f 1302 1494 1495 1303
f 1303 1495 1496 1304
f 1304 1496 1497 1305
f 1305 1497 1498 1306
f 1306 1498 1499 1307
f 1307 1499 1500 1308
f 1308 1500 1501 1309
f 1309 1501 1502 1310
f 1310 1502 1503 1311
f 1311 1503 1504 1312
f 1312 1504 1505 1313
f 1313 1505 1506 1314
f 1314 1506 1507 1315
f 1315 1507 1508 1316
f 1316 1508 1509 1317
f 1317 1509 1510 1318
f 1318 1510 1511 1319
f 1319 1511 1512 1320
f 1320 1512 1513 1321
f 1321 1513 1514 1322
f 1322 1514 1515 1323
f 1323 1515 1516 1324
f 1324 1516 1517 1325
f 1325 1517 1518 1326
f 1326 1518 1519 1327
f 1327 1519 1520 1328
f 1328 1520 1521 1329
f 1329 1521 1522 1330
f 1330 1522 1523 1331
f 1331 1523 1524 1332
f 1332 1524 1525 1333
f 1333 1525 1526 1334
f 1334 1526 1527 1335
f 1335 1527 1528 1336
f 1336 1528 1529 1337
f 1337 1529 1530 1338
f 1338 1530 1531 1339
f 1339 1531 1532 1340
f 1340 1532 1533 1341
f 1341 1533 1534 1342
f 1342 1534 1535 1343
f 1343 1535 1536 1344
f 1344 1536 1537 1345
f 1345 1537 1538 1346
f 1346 1538 1539 1347
f 1347 1539 1540 1348
f 1348 1540 1541 1349
f 1349 1541 1542 1350
f 1350 1542 1543 1351
f 1351 1543 1544 1352
f 1352 1544 1545 1353
f 1353 1545 1546 1354
f 1354 1546 1547 1355
f 1355 1547 1548 1356
f 1356 1548 1549 1357
f 1357 1549 1550 1358
f 1358 1550 1551 1359
f 1359 1551 1552 1360
f 1360 1552 1553 1361
f 1361 1553 1554 1362
f 1362 1554 1555 1363
f 1363 1555 1556 1364
f 1364 1556 1557 1365
f 1365 1557 1558 1366
f 1366 1558 1559 1367
f 1367 1559 1560 1368
f 1368 1560 1561 1369
f 1369 1561 1562 1370
f 1370 1562 1563 1371
f 1371 1563 1564 1372
f 1372 1564 1565 1373
f 1373 1565 1566 1374
f 1374 1566 1567 1375
f 1375 1567 1568 1376
f 1376 1568 1569 1377
f 1377 1569 1570 1378
f 1378 1570 1571 1379
f 1379 1571 1572 1380
f 1380 1572 1573 1381
f 1381 1573 1574 1382
f 1382 1574 1575 1383
f 1383 1575 1576 1384
f 1384 1576 1577 1385
f 1385 1577 1578 1386
f 1386 1578 1579 1387
f 1387 1579 1580 1388
f 1388 1580 1581 1389
f 1389 1581 1582 1390
f 1390 1582 1583 1391
f 1391 1583 1584 1392
f 1392 1584 1585 1393
f 1393 1585 1394 1202
f 1394 1586 1587 1395
f 1395 1587 1588 1396
f 1396 1588 1589 1397
f 1397 1589 1590 1398
f 1398 1590 1591 1399
f 1399 1591 1592 1400
f 1400 1592 1593 1401
f 1401 1593 1594 1402
f 1402 1594 1595 1403
f 1403 1595 1596 1404
f 1404 1596 1597 1405
f 1405 1597 1598 1406
f 1406 1598 1599 1407
f 1407 1599 1600 1408
f 1408 1600 1601 1409
f 1409 1601 1602 1410
f 1410 1602 1603 1411
f 1411 1603 1604 1412
f 1412 1604 1605 1413
f 1413 1605 1606 1414
f 1414 1606 1607 1415
f 1415 1607 1608 1416
f 1416 1608 1609 1417
f 1417 1609 1610 1418
f 1418 1610 1611 1419
f 1419 1611 1612 1420
f 1420 1612 1613 1421
f 1421 1613 1614 1422
f 1422 1614 1615 1423
f 1423 1615 1616 1424
f 1424 1616 1617 1425
f 1425 1617 1618 1426
f 1426 1618 1619 1427
f 1427 1619 1620 1428
f 1428 1620 1621 1429
f 1429 1621 1622 1430
f 1430 1622 1623 1431
f 1431 1623 1624 1432
f 1432 1624 1625 1433
f 1433 1625 1626 1434
f 1434 1626 1627 1435
f 1435 1627 1628 1436
f 1436 1628 1629 1437
f 1437 1629 1630 1438
f 1438 1630 1631 1439
f 1439 1631 1632 1440
f 1440 1632 1633 1441
f 1441 1633 1634 1442
f 1442 1634 1635 1443
f 1443 1635 1636 1444
f 1444 1636 1637 1445
f 1445 1637 1638 1446
f 1446 1638 1639 1447
f 1447 1639 1640 1448
f 1448 1640 1641 1449
f 1449 1641 1642 1450
f 1450 1642 1643 1451
f 1451 1643 1644 1452
f 1452 1644 1645 1453
f 1453 1645 1646 1454
f 1454 1646 1647 1455
f 1455 1647 1648 1456
f 1456 1648 1649 1457
f 1457 1649 1650 1458
f 1458 1650 1651 1459
f 1459 1651 1652 1460
f 1460 1652 1653 1461
f 1461 1653 1654 1462
f 1462 1654 1655 1463
f 1463 1655 1656 1464
f 1464 1656 1657 1465
f 1465 1657 1658 1466
f 1466 1658 1659 1467
f 1467 1659 1660 1468
f 1468 1660 1661 1469
f 1469 1661 1662 1470
f 1470 1662 1663 1471
f 1471 1663 1664 1472
f 1472 1664 1665 1473
f 1473 1665 1666 1474
f 1474 1666 1667 1475
f 1475 1667 1668 1476
f 1476 1668 1669 1477
f 1477 1669 1670 1478
f 1478 1670 1671 1479
f 1479 1671 1672 1480
f 1480 1672 1673 1481
f 1481 1673 1674 1482
f 1482 1674 1675 1483
f 1483 1675 1676 1484
f 1484 1676 1677 1485
f 1485 1677 1678 1486
f 1486 1678 1679 1487
f 1487 1679 1680 1488
f 1488 1680 1681 1489
f 1489 1681 1682 1490
f 1490 1682 1683 1491
f 1491 1683 1684 1492
f 1492 1684 1685 1493
f 1493 1685 1686 1494
f 1494 1686 1687 1495
f 1495 1687 1688 1496
f 1496 1688 1689 1497
f 1497 1689 1690 1498
f 1498 1690 1691 1499
f 1499 1691 1692 1500
f 1500 1692 1693 1501
f 1501 1693 1694 1502
f 1502 1694 1695 1503
f 1503 1695 1696 1504
f 1504 1696 1697 1505
f 1505 1697 1698 1506
f 1506 1698 1699 1507
f 1507 1699 1700 1508
f 1508 1700 1701 1509
f 1509 1701 1702 1510
f 1510 1702 1703 1511
f 1511 1703 1704 1512
f 1512 1704 1705 1513
f 1513 1705 1706 1514
f 1514 1706 1707 1515
f 1515 1707 1708 1516
f 1516 1708 1709 1517
f 1517 1709 1710 1518
f 1518 1710 1711 1519
f 1519 1711 1712 1520
f 1520 1712 1713 1521
f 1521 1713 1714 1522
f 1522 1714 1715 1523
f 1523 1715 1716 1524
f 1524 1716 1717 1525
f 1525 1717 1718 1526
f 1526 1718 1719 1527
f 1527 1719 1720 1528
f 1528 1720 1721 1529
f 1529 1721 1722 1530
f 1530 1722 1723 1531
f 1531 1723 1724 1532
f 1532 1724 1725 1533
f 1533 1725 1726 1534
f 1534 1726 1727 1535
f 1535 1727 1728 1536
f 1536 1728 1729 1537
f 1537 1729 1730 1538
f 1538 1730 1731 1539
f 1539 1731 1732 1540
f 1540 1732 1733 1541
f 1541 1733 1734 1542
f 1542 1734 1735 1543
f 1543 1735 1736 1544
f 1544 1736 1737 1545
f 1545 1737 1738 1546
f 1546 1738 1739 1547
f 1547 1739 1740 1548
f 1548 1740 1741 1549
f 1549 1741 1742 1550
f 1550 1742 1743 1551
f 1551 1743 1744 1552
f 1552 1744 1745 1553
f 1553 1745 1746 1554
f 1554 1746 1747 1555
f 1555 1747 1748 1556
f 1556 1748 1749 1557
f 1557 1749 1750 1558
f 1558 1750 1751 1559
f 1559 1751 1752 1560
f 1560 1752 1753 1561
f 1561 1753 1754 1562
f 1562 1754 1755 1563
f 1563 1755 1756 1564
f 1564 1756 1757 1565
f 1565 1757 1758 1566
f 1566 1758 1759 1567
f 1567 1759 1760 1568
f 1568 1760 1761 1569
f 1569 1761 1762 1570
f 1570 1762 1763 1571
f 1571 1763 1764 1572
f 1572 1764 1765 1573
f 1573 1765 1766 1574
f 1574 1766 1767 1575
f 1575 1767 1768 1576
f 1576 1768 1769 1577
f 1577 1769 1770 1578
f 1578 1770 1771 1579
f 1579 1771 1772 1580
f 1580 1772 1773 1581
f 1581 1773 1774 1582
f 1582 1774 1775 1583
f 1583 1775 1776 1584
f 1584 1776 1777 1585
f 1585 1777 1586 1394
f 1586 1778 1779 1587
f 1587 1779 1780 1588
f 1588 1780 1781 1589
f 1589 1781 1782 1590
f 1590 1782 1783 1591
f 1591 1783 1784 1592
f 1592 1784 1785 1593
f 1593 1785 1786 1594
f 1594 1786 1787 1595
f 1595 1787 1788 1596
f 1596 1788 1789 1597
f 1597 1789 1790 1598
f 1598 1790 1791 1599
f 1599 1791 1792 1600
f 1600 1792 1793 1601
f 1601 1793 1794 1602
f 1602 1794 1795 1603
f 1603 1795 1796 1604
f 1604 1796 1797 1605
f 1605 1797 1798 1606
f 1606 1798 1799 1607
f 1607 1799 1800 1608
f 1608 1800 1801 1609
f 1609 1801 1802 1610
f 1610 1802 1803 1611
f 1611 1803 1804 1612
f 1612 1804 1805 1613
f 1613 1805 1806 1614
f 1614 1806 1807 1615
f 1615 1807 1808 1616
f 1616 1808 1809 1617
f 1617 1809 1810 1618
f 1618 1810 1811 1619
f 1619 1811 1812 1620
f 1620 1812 1813 1621
f 1621 1813 1814 1622
f 1622 1814 1815 1623
f 1623 1815 1816 1624
f 1624 1816 1817 1625
f 1625 1817 1818 1626
f 1626 1818 1819 1627
f 1627 1819 1820 1628
f 1628 1820 1821 1629
f 1629 1821 1822 1630
f 1630 1822 1823 1631
f 1631 1823 1824 1632
f 1632 1824 1825 1633
f 1633 1825 1826 1634
f 1634 1826 1827 1635
f 1635 1827 1828 1636
f 1636 1828 1829 1637
f 1637 1829 1830 1638
f 1638 1830 1831 1639
f 1639 1831 1832 1640
f 1640 1832 1833 1641
f 1641 1833 1834 1642
f 1642 1834 1835 1643
f 1643 1835 1836 1644
f 1644 1836 1837 1645
f 1645 1837 1838 1646
f 1646 1838 1839 1647
f 1647 1839 1840 1648
f 1648 1840 1841 1649
f 1649 1841 1842 1650
f 1650 1842 1843 1651
f 1651 1843 1844 1652
f 1652 1844 1845 1653
f 1653 1845 1846 1654
f 1654 1846 1847 1655
f 1655 1847 1848 1656
f 1656 1848 1849 1657
f 1657 1849 1850 1658
f 1658 1850 1851 1659
f 1659 1851 1852 1660
f 1660 1852 1853 1661
f 1661 1853 1854 1662
f 1662 1854 1855 1663
f 1663 1855 1856 1664
f 1664 1856 1857 1665
f 1665 1857 1858 1666
f 1666 1858 1859 1667
f 1667 1859 1860 1668
f 1668 1860 1861 1669
f 1669 1861 1862 1670
f 1670 1862 1863 1671
f 1671 1863 1864 1672
f 1672 1864 1865 1673
f 1673 1865 1866 1674
f 1674 1866 1867 1675
f 1675 1867 1868 1676
f 1676 1868 1869 1677
f 1677 1869 1870 1678
f 1678 1870 1871 1679
f 1679 1871 1872 1680
f 1680 1872 1873 1681
f 1681 1873 1874 1682
f 1682 1874 1875 1683
f 1683 1875 1876 1684
f 1684 1876 1877 1685
f 1685 1877 1878 1686
f 1686 1878 1879 1687
f 1687 1879 1880 1688
f 1688 1880 1881 1689
f 1689 1881 1882 1690
f 1690 1882 1883 1691
f 1691 1883 1884 1692
f 1692 1884 1885 1693
f 1693 1885 1886 1694
f 1694 1886 1887 1695
f 1695 1887 1888 1696
f 1696 1888 1889 1697
f 1697 1889 1890 1698
f 1698 1890 1891 1699
f 1699 1891 1892 1700
f 1700 1892 1893 1701
f 1701 1893 1894 1702
f 1702 1894 1895 1703
f 1703 1895 1896 1704
f 1704 1896 1897 1705
f 1705 1897 1898 1706
f 1706 1898 1899 1707
f 1707 1899 1900 1708
f 1708 1900 1901 1709
f 1709 1901 1902 1710
f 1710 1902 1903 1711
f 1711 1903 1904 1712
f 1712 1904 1905 1713
f 1713 1905 1906 1714
f 1714 1906 1907 1715
f 1715 1907 1908 1716
f 1716 1908 1909 1717
f 1717 1909 1910 1718
f 1718 1910 1911 1719
f 1719 1911 1912 1720
f 1720 1912 1913 1721
f 1721 1913 1914 1722
f 1722 1914 1915 1723
f 1723 1915 1916 1724
f 1724 1916 1917 1725
f 1725 1917 1918 1726
f 1726 1918 1919 1727
f 1727 1919 1920 1728
f 1728 1920 1921 1729
f 1729 1921 1922 1730
f 1730 1922 1923 1731
f 1731 1923 1924 1732
f 1732 1924 1925 1733
f 1733 1925 1926 1734
f 1734 1926 1927 1735
f 1735 1927 1928 1736
f 1736 1928 1929 1737
f 1737 1929 1930 1738
f 1738 1930 1931 1739
f 1739 1931 1932 1740
f 1740 1932 1933 1741
f 1741 1933 1934 1742
f 1742 1934 1935 1743
f 1743 1935 1936 1744
f 1744 1936 1937 1745
f 1745 1937 1938 1746
f 1746 1938 1939 1747
f 1747 1939 1940 1748
f 1748 1940 1941 1749
f 1749 1941 1942 1750
f 1750 1942 1943 1751
f 1751 1943 1944 1752
f 1752 1944 1945 1753
f 1753 1945 1946 1754
f 1754 1946 1947 1755
f 1755 1947 1948 1756
f 1756 1948 1949 1757
f 1757 1949 1950 1758
f 1758 1950 1951 1759
f 1759 1951 1952 1760
f 1760 1952 1953 1761
f 1761 1953 1954 1762
f 1762 1954 1955 1763
f 1763 1955 1956 1764
f 1764 1956 1957 1765
f 1765 1957 1958 1766
f 1766 1958 1959 1767
f 1767 1959 1960 1768
f 1768 1960 1961 1769
f 1769 1961 1962 1770
f 1770 1962 1963 1771
f 1771 1963 1964 1772
f 1772 1964 1965 1773
f 1773 1965 1966 1774
f 1774 1966 1967 1775
f 1775 1967 1968 1776
f 1776 1968 1969 1777
f 1777 1969 1778 1586
f 1778 1970 1971 1779
f 1779 1971 1972 1780
f 1780 1972 1973 1781
f 1781 1973 1974 1782
f 1782 1974 1975 1783
f 1783 1975 1976 1784
f 1784 1976 1977 1785
f 1785 1977 1978 1786
f 1786 1978 1979 1787
f 1787 1979 1980 1788
f 1788 1980 1981 1789
f 1789 1981 1982 1790
f 1790 1982 1983 1791
f 1791 1983 1984 1792
f 1792 1984 1985 1793
f 1793 1985 1986 1794
f 1794 1986 1987 1795
f 1795 1987 1988 1796
f 1796 1988 1989 1797
f 1797 1989 1990 1798
f 1798 1990 1991 1799
f 1799 1991 1992 1800
f 1800 1992 1993 1801
f 1801 1993 1994 1802
f 1802 1994 1995 1803
f 1803 1995 1996 1804
f 1804 1996 1997 1805
f 1805 1997 1998 1806
f 1806 1998 1999 1807
f 1807 1999 2000 1808
f 1808 2000 2001 1809
f 1809 2001 2002 1810
f 1810 2002 2003 1811
f 1811 2003 2004 1812
f 1812 2004 2005 1813
f 1813 2005 2006 1814
f 1814 2006 2007 1815
f 1815 2007 2008 1816
f 1816 2008 2009 1817
f 1817 2009 2010 1818
f 1818 2010 2011 1819
f 1819 2011 2012 1820
f 1820 2012 2013 1821
f 1821 2013 2014 1822
f 1822 2014 2015 1823
f 1823 2015 2016 1824
f 1824 2016 2017 1825
f 1825 2017 2018 1826
f 1826 2018 2019 1827
f 1827 2019 2020 1828
f 1828 2020 2021 1829
f 1829 2021 2022 1830
f 1830 2022 2023 1831
f 1831 2023 2024 1832
f 1832 2024 2025 1833
f 1833 2025 2026 1834
f 1834 2026 2027 1835
f 1835 2027 2028 1836
f 1836 2028 2029 1837
f 1837 2029 2030 1838
f 1838 2030 2031 1839
f 1839 2031 2032 1840
f 1840 2032 2033 1841
f 1841 2033 2034 1842
f 1842 2034 2035 1843
f 1843 2035 2036 1844
f 1844 2036 2037 1845
f 1845 2037 2038 1846
f 1846 2038 2039 1847
f 1847 2039 2040 1848
f 1848 2040 2041 1849
f 1849 2041 2042 1850
f 1850 2042 2043 1851
f 1851 2043 2044 1852
f 1852 2044 2045 1853
f 1853 2045 2046 1854
f 1854 2046 2047 1855
f 1855 2047 2048 1856
f 1856 2048 2049 1857
f 1857 2049 2050 1858
f 1858 2050 2051 1859
f 1859 2051 2052 1860
f 1860 2052 2053 1861
f 1861 2053 2054 1862
f 1862 2054 2055 1863
f 1863 2055 2056 1864
f 1864 2056 2057 1865
f 1865 2057 2058 1866
f 1866 2058 2059 1867
f 1867 2059 2060 1868
f 1868 2060 2061 1869
f 1869 2061 2062 1870
f 1870 2062 2063 1871
f 1871 2063 2064 1872
f 1872 2064 2065 1873
f 1873 2065 2066 1874
f 1874 2066 2067 1875
f 1875 2067 2068 1876
f 1876 2068 2069 1877
f 1877 2069 2070 1878
f 1878 2070 2071 1879
f 1879 2071 2072 1880
f 1880 2072 2073 1881
f 1881 2073 2074 1882
f 1882 2074 2075 1883
f 1883 2075 2076 1884
f 1884 2076 2077 1885
f 1885 2077 2078 1886
f 1886 2078 2079 1887
f 1887 2079 2080 1888
f 1888 2080 2081 1889
f 1889 2081 2082 1890
f 1890 2082 2083 1891
f 1891 2083 2084 1892
f 1892 2084 2085 1893
f 1893 2085 2086 1894
f 1894 2086 2087 1895
f 1895 2087 2088 1896
f 1896 2088 2089 1897
f 1897 2089 2090 1898
f 1898 2090 2091 1899
f 1899 2091 2092 1900
f 1900 2092 2093 1901
f 1901 2093 2094 1902
f 1902 2094 2095 1903
f 1903 2095 2096 1904
f 1904 2096 2097 1905
f 1905 2097 2098 1906
f 1906 2098 2099 1907
f 1907 2099 2100 1908
f 1908 2100 2101 1909
f 1909 2101 2102 1910
f 1910 2102 2103 1911
f 1911 2103 2104 1912
f 1912 2104 2105 1913
f 1913 2105 2106 1914
f 1914 2106 2107 1915
f 1915 2107 2108 1916
f 1916 2108 2109 1917
f 1917 2109 2110 1918
f 1918 2110 2111 1919
f 1919 2111 2112 1920
f 1920 2112 2113 1921
f 1921 2113 2114 1922
f 1922 2114 2115 1923
f 1923 2115 2116 1924
f 1924 2116 2117 1925
f 1925 2117 2118 1926
f 1926 2118 2119 1927
f 1927 2119 2120 1928
f 1928 2120 2121 1929
f 1929 2121 2122 1930
f 1930 2122 2123 1931
f 1931 2123 2124 1932
f 1932 2124 2125 1933
f 1933 2125 2126 1934
f 1934 2126 2127 1935
f 1935 2127 2128 1936
f 1936 2128 2129 1937
f 1937 2129 2130 1938
f 1938 2130 2131 1939
f 1939 2131 2132 1940
f 1940 2132 2133 1941
f 1941 2133 2134 1942
f 1942 2134 2135 1943
f 1943 2135 2136 1944
f 1944 2136 2137 1945
f 1945 2137 2138 1946
f 1946 2138 2139 1947
f 1947 2139 2140 1948
f 1948 2140 2141 1949
f 1949 2141 2142 1950
f 1950 2142 2143 1951
f 1951 2143 2144 1952
f 1952 2144 2145 1953
f 1953 2145 2146 1954
f 1954 2146 2147 1955
f 1955 2147 2148 1956
f 1956 2148 2149 1957
f 1957 2149 2150 1958
f 1958 2150 2151 1959
f 1959 2151 2152 1960
f 1960 2152 2153 1961
f 1961 2153 2154 1962
f 1962 2154 2155 1963
f 1963 2155 2156 1964
f 1964 2156 2157 1965
f 1965 2157 2158 1966
f 1966 2158 2159 1967
f 1967 2159 2160 1968
f 1968 2160 2161 1969
f 1969 2161 1970 1778
f 1970 2162 2163 1971
f 1971 2163 2164 1972
f 1972 2164 2165 1973
f 1973 2165 2166 1974
f 1974 2166 2167 1975
f 1975 2167 2168 1976
f 1976 2168 2169 1977
f 1977 2169 2170 1978
f 1978 2170 2171 1979
f 1979 2171 2172 1980
f 1980 2172 2173 1981
f 1981 2173 2174 1982
f 1982 2174 2175 1983
f 1983 2175 2176 1984
f 1984 2176 2177 1985
f 1985 2177 2178 1986
f 1986 2178 2179 1987
f 1987 2179 2180 1988
f 1988 2180 2181 1989
f 1989 2181 2182 1990
f 1990 2182 2183 1991
f 1991 2183 2184 1992
f 1992 2184 2185 1993
f 1993 2185 2186 1994
f 1994 2186 2187 1995
f 1995 2187 2188 1996
f 1996 2188 2189 1997
f 1997 2189 2190 1998
f 1998 2190 2191 1999
f 1999 2191 2192 2000
f 2000 2192 2193 2001
f 2001 2193 2194 2002
f 2002 2194 2195 2003
f 2003 2195 2196 2004
f 2004 2196 2197 2005
f 2005 2197 2198 2006
f 2006 2198 2199 2007
f 2007 2199 2200 2008
f 2008 2200 2201 2009
f 2009 2201 2202 2010
f 2010 2202 2203 2011
f 2011 2203 2204 2012
f 2012 2204 2205 2013
f 2013 2205 2206 2014
f 2014 2206 2207 2015
f 2015 2207 2208 2016
f 2016 2208 2209 2017
f 2017 2209 2210 2018
f 2018 2210 2211 2019
f 2019 2211 2212 2020
f 2020 2212 2213 2021
f 2021 2213 2214 2022
f 2022 2214 2215 2023
f 2023 2215 2216 2024
f 2024 2216 2217 2025
f 2025 2217 2218 2026
f 2026 2218 2219 2027
f 2027 2219 2220 2028
f 2028 2220 2221 2029
f 2029 2221 2222 2030
f 2030 2222 2223 2031
f 2031 2223 2224 2032
f 2032 2224 2225 2033
f 2033 2225 2226 2034
f 2034 2226 2227 2035
f 2035 2227 2228 2036
f 2036 2228 2229 2037
f 2037 2229 2230 2038
f 2038 2230 2231 2039
f 2039 2231 2232 2040
f 2040 2232 2233 2041
f 2041 2233 2234 2042
f 2042 2234 2235 2043
f 2043 2235 2236 2044
f 2044 2236 2237 2045
f 2045 2237 2238 2046
f 2046 2238 2239 2047
f 2047 2239 2240 2048
f 2048 2240 2241 2049
f 2049 2241 2242 2050
f 2050 2242 2243 2051
f 2051 2243 2244 2052
f 2052 2244 2245 2053
f 2053 2245 2246 2054
f 2054 2246 2247 2055
f 2055 2247 2248 2056
f 2056 2248 2249 2057
f 2057 2249 2250 2058
f 2058 2250 2251 2059
f 2059 2251 2252 2060
f 2060 2252 2253 2061
f 2061 2253 2254 2062
f 2062 2254 2255 2063
f 2063 2255 2256 2064
f 2064 2256 2257 2065
f 2065 2257 2258 2066
f 2066 2258 2259 2067
f 2067 2259 2260 2068
f 2068 2260 2261 2069
f 2069 2261 2262 2070
f 2070 2262 2263 2071
f 2071 2263 2264 2072
f 2072 2264 2265 2073
f 2073 2265 2266 2074
f 2074 2266 2267 2075
f 2075 2267 2268 2076
f 2076 2268 2269 2077
f 2077 2269 2270 2078
f 2078 2270 2271 2079
f 2079 2271 2272 2080
f 2080 2272 2273 2081
f 2081 2273 2274 2082
f 2082 2274 2275 2083
f 2083 2275 2276 2084
f 2084 2276 2277 2085
f 2085 2277 2278 2086
f 2086 2278 2279 2087
f 2087 2279 2280 2088
f 2088 2280 2281 2089
f 2089 2281 2282 2090
f 2090 2282 2283 2091
f 2091 2283 2284 2092
f 2092 2284 2285 2093
f 2093 2285 2286 2094
f 2094 2286 2287 2095
f 2095 2287 2288 2096
f 2096 2288 2289 2097
f 2097 2289 2290 2098
f 2098 2290 2291 2099
f 2099 2291 2292 2100
f 2100 2292 2293 2101
f 2101 2293 2294 2102
f 2102 2294 2295 2103
f 2103 2295 2296 2104
f 2104 2296 2297 2105
f 2105 2297 2298 2106
f 2106 2298 2299 2107
f 2107 2299 2300 2108
f 2108 2300 2301 2109
f 2109 2301 2302 2110
f 2110 2302 2303 2111
f 2111 2303 2304 2112
f 2112 2304 2305 2113
f 2113 2305 2306 2114
f 2114 2306 2307 2115
f 2115 2307 2308 2116
f 2116 2308 2309 2117
f 2117 2309 2310 2118
f 2118 2310 2311 2119
f 2119 2311 2312 2120
f 2120 2312 2313 2121
f 2121 2313 2314 2122
f 2122 2314 2315 2123
f 2123 2315 2316 2124
f 2124 2316 2317 2125
f 2125 2317 2318 2126
f 2126 2318 2319 2127
f 2127 2319 2320 2128
f 2128 2320 2321 2129
f 2129 2321 2322 2130
f 2130 2322 2323 2131
f 2131 2323 2324 2132
f 2132 2324 2325 2133
f 2133 2325 2326 2134
f 2134 2326 2327 2135
f 2135 2327 2328 2136
f 2136 2328 2329 2137
f 2137 2329 2330 2138
f 2138 2330 2331 2139
f 2139 2331 2332 2140
f 2140 2332 2333 2141
f 2141 2333 2334 2142
f 2142 2334 2335 2143
f 2143 2335 2336 2144
f 2144 2336 2337 2145
f 2145 2337 2338 2146
f 2146 2338 2339 2147
f 2147 2339 2340 2148
f 2148 2340 2341 2149
f 2149 2341 2342 2150
f 2150 2342 2343 2151
f 2151 2343 2344 2152
f 2152 2344 2345 2153
f 2153 2345 2346 2154
f 2154 2346 2347 2155
f 2155 2347 2348 2156
f 2156 2348 2349 2157
f 2157 2349 2350 2158
f 2158 2350 2351 2159
f 2159 2351 2352 2160
f 2160 2352 2353 2161
f 2161 2353 2162 1970
f 2354 2163 2162
f 2354 2164 2163
f 2354 2165 2164
f 2354 2166 2165
f 2354 2167 2166
f 2354 2168 2167
f 2354 2169 2168
f 2354 2170 2169
f 2354 2171 2170
f 2354 2172 2171
f 2354 2173 2172
f 2354 2174 2173
f 2354 2175 2174
f 2354 2176 2175
f 2354 2177 2176
f 2354 2178 2177
f 2354 2179 2178
f 2354 2180 2179
f 2354 2181 2180
f 2354 2182 2181
f 2354 2183 2182
f 2354 2184 2183
f 2354 2185 2184
f 2354 2186 2185
f 2354 2187 2186
f 2354 2188 2187
f 2354 2189 2188
f 2354 2190 2189
f 2354 2191 2190
f 2354 2192 2191
f 2354 2193 2192
f 2354 2194 2193
f 2354 2195 2194
f 2354 2196 2195
f 2354 2197 2196
f 2354 2198 2197
f 2354 2199 2198
f 2354 2200 2199
f 2354 2201 2200
f 2354 2202 2201
f 2354 2203 2202
f 2354 2204 2203
f 2354 2205 2204
f 2354 2206 2205
f 2354 2207 2206
f 2354 2208 2207
f 2354 2209 2208
f 2354 2210 2209
f 2354 2211 2210
f 2354 2212 2211
f 2354 2213 2212
f 2354 2214 2213
f 2354 2215 2214
f 2354 2216 2215
f 2354 2217 2216
f 2354 2218 2217
f 2354 2219 2218
f 2354 2220 2219
f 2354 2221 2220
f 2354 2222 2221
f 2354 2223 2222
f 2354 2224 2223
f 2354 2225 2224
f 2354 2226 2225
f 2354 2227 2226
f 2354 2228 2227
f 2354 2229 2228
f 2354 2230 2229
f 2354 2231 2230
f 2354 2232 2231
f 2354 2233 2232
f 2354 2234 2233
f 2354 2235 2234
f 2354 2236 2235
f 2354 2237 2236
f 2354 2238 2237
f 2354 2239 2238
f 2354 2240 2239
f 2354 2241 2240
f 2354 2242 2241
f 2354 2243 2242
f 2354 2244 2243
f 2354 2245 2244
f 2354 2246 2245
f 2354 2247 2246
f 2354 2248 2247
f 2354 2249 2248
f 2354 2250 2249
f 2354 2251 2250
f 2354 2252 2251
f 2354 2253 2252
f 2354 2254 2253
f 2354 2255 2254
f 2354 2256 2255
f 2354 2257 2256
f 2354 2258 2257
f 2354 2259 2258
f 2354 2260 2259
f 2354 2261 2260
f 2354 2262 2261
f 2354 2263 2262
f 2354 2264 2263
f 2354 2265 2264
f 2354 2266 2265
f 2354 2267 2266
f 2354 2268 2267
f 2354 2269 2268
f 2354 2270 2269
f 2354 2271 2270
f 2354 2272 2271
f 2354 2273 2272
f 2354 2274 2273
f 2354 2275 2274
f 2354 2276 2275
f 2354 2277 2276
f 2354 2278 2277
f 2354 2279 2278
f 2354 2280 2279
f 2354 2281 2280
f 2354 2282 2281
f 2354 2283 2282
f 2354 2284 2283
f 2354 2285 2284
f 2354 2286 2285
f 2354 2287 2286
f 2354 2288 2287
f 2354 2289 2288
f 2354 2290 2289
f 2354 2291 2290
f 2354 2292 2291
f 2354 2293 2292
f 2354 2294 2293
f 2354 2295 2294
f 2354 2296 2295
f 2354 2297 2296
f 2354 2298 2297
f 2354 2299 2298
f 2354 2300 2299
f 2354 2301 2300
f 2354 2302 2301
f 2354 2303 2302
f 2354 2304 2303
f 2354 2305 2304
f 2354 2306 2305
f 2354 2307 2306
f 2354 2308 2307
f 2354 2309 2308
f 2354 2310 2309
f 2354 2311 2310
f 2354 2312 2311
f 2354 2313 2312
f 2354 2314 2313
f 2354 2315 2314
f 2354 2316 2315
f 2354 2317 2316
f 2354 2318 2317
f 2354 2319 2318
f 2354 2320 2319
f 2354 2321 2320
f 2354 2322 2321
f 2354 2323 2322
f 2354 2324 2323
f 2354 2325 2324
f 2354 2326 2325
f 2354 2327 2326
f 2354 2328 2327
f 2354 2329 2328
f 2354 2330 2329
f 2354 2331 2330
f 2354 2332 2331
f 2354 2333 2332
f 2354 2334 2333
f 2354 2335 2334
f 2354 2336 2335
f 2354 2337 2336
f 2354 2338 2337
f 2354 2339 2338
f 2354 2340 2339
f 2354 2341 2340
f 2354 2342 2341
f 2354 2343 2342
f 2354 2344 2343
f 2354 2345 2344
f 2354 2346 2345
f 2354 2347 2346
f 2354 2348 2347
f 2354 2349 2348
f 2354 2350 2349
f 2354 2351 2350
f 2354 2352 2351
f 2354 2353 2352
f 2354 2162 2353
f 2355 626 627
f 2355 627 628
f 2355 628 629
f 2355 629 630
f 2355 630 631
f 2355 631 632
f 2355 632 633
f 2355 633 634
f 2355 634 635
f 2355 635 636
f 2355 636 637
f 2355 637 638
f 2355 638 639
f 2355 639 640
f 2355 640 641
f 2355 641 642
f 2355 642 643
f 2355 643 644
f 2355 644 645
f 2355 645 646
f 2355 646 647
f 2355 647 648
f 2355 648 649
f 2355 649 650
f 2355 650 651
f 2355 651 652
f 2355 652 653
f 2355 653 654
f 2355 654 655
f 2355 655 656
f 2355 656 657
f 2355 657 658
f 2355 658 659
f 2355 659 660
f 2355 660 661
f 2355 661 662
f 2355 662 663
f 2355 663 664
f 2355 664 665
f 2355 665 666
f 2355 666 667
f 2355 667 668
f 2355 668 669
f 2355 669 670
f 2355 670 671
f 2355 671 672
f 2355 672 673
f 2355 673 674
f 2355 674 675
f 2355 675 676
f 2355 676 677
f 2355 677 678
f 2355 678 679
f 2355 679 680
f 2355 680 681
f 2355 681 682
f 2355 682 683
f 2355 683 684
f 2355 684 685
f 2355 685 686
f 2355 686 687
f 2355 687 688
f 2355 688 689
f 2355 689 690
f 2355 690 691
f 2355 691 692
f 2355 692 693
f 2355 693 694
f 2355 694 695
f 2355 695 696
f 2355 696 697
f 2355 697 698
f 2355 698 699
f 2355 699 700
f 2355 700 701
f 2355 701 702
f 2355 702 703
f 2355 703 704
f 2355 704 705
f 2355 705 706
f 2355 706 707
f 2355 707 708
f 2355 708 709
f 2355 709 710
f 2355 710 711
f 2355 711 712
f 2355 712 713
f 2355 713 714
f 2355 714 715
f 2355 715 716
f 2355 716 717
f 2355 717 718
f 2355 718 719
f 2355 719 720
f 2355 720 721
f 2355 721 722
f 2355 722 723
f 2355 723 724
f 2355 724 725
f 2355 725 726
f 2355 726 727
f 2355 727 728
f 2355 728 729
f 2355 729 730
f 2355 730 731
f 2355 731 732
f 2355 732 733
f 2355 733 734
f 2355 734 735
f 2355 735 736
f 2355 736 737
f 2355 737 738
f 2355 738 739
f 2355 739 740
f 2355 740 741
f 2355 741 742
f 2355 742 743
f 2355 743 744
f 2355 744 745
f 2355 745 746
f 2355 746 747
f 2355 747 748
f 2355 748 749
f 2355 749 750
f 2355 750 751
f 2355 751 752
f 2355 752 753
f 2355 753 754
f 2355 754 755
f 2355 755 756
f 2355 756 757
f 2355 757 758
f 2355 758 759
f 2355 759 760
f 2355 760 761
f 2355 761 762
f 2355 762 763
f 2355 763 764
f 2355 764 765
f 2355 765 766
f 2355 766 767
f 2355 767 768
f 2355 768 769
f 2355 769 770
f 2355 770 771
f 2355 771 772
f 2355 772 773
f 2355 773 774
f 2355 774 775
f 2355 775 776
f 2355 776 777
f 2355 777 778
f 2355 778 779
f 2355 779 780
f 2355 780 781
f 2355 781 782
f 2355 782 783
f 2355 783 784
f 2355 784 785
f 2355 785 786
f 2355 786 787
f 2355 787 788
f 2355 788 789
f 2355 789 790
f 2355 790 791
f 2355 791 792
f 2355 792 793
f 2355 793 794
f 2355 794 795
f 2355 795 796
f 2355 796 797
f 2355 797 798
f 2355 798 799
f 2355 799 800
f 2355 800 801
f 2355 801 802
f 2355 802 803
f 2355 803 804
f 2355 804 805
f 2355 805 806
f 2355 806 807
f 2355 807 808
f 2355 808 809
f 2355 809 810
f 2355 810 811
f 2355 811 812
f 2355 812 813
f 2355 813 814
f 2355 814 815
f 2355 815 816
f 2355 816 817
f 2355 817 626
usemtl Rim
f 626 818 819 627
f 627 819 820 628
f 628 820 821 629
f 629 821 822 630
f 630 822 823 631
f 631 823 824 632
f 632 824 825 633
f 633 825 826 634
f 634 826 827 635
f 635 827 828 636
f 636 828 829 637
f 637 829 830 638
f 638 830 831 639
f 639 831 832 640
f 640 832 833 641
f 641 833 834 642
f 642 834 835 643
f 643 835 836 644
f 644 836 837 645
f 645 837 838 646
f 646 838 839 647
f 647 839 840 648
f 648 840 841 649
f 649 841 842 650
f 650 842 843 651
f 651 843 844 652
f 652 844 845 653
f 653 845 846 654
f 654 846 847 655
f 655 847 848 656
f 656 848 849 657
f 657 849 850 658
f 658 850 851 659
f 659 851 852 660
f 660 852 853 661
f 661 853 854 662
f 662 854 855 663
f 663 855 856 664
f 664 856 857 665
f 665 857 858 666
f 666 858 859 667
f 667 859 860 668
f 668 860 861 669
f 669 861 862 670
f 670 862 863 671
f 671 863 864 672
f 672 864 865 673
f 673 865 866 674
f 674 866 867 675
f 675 867 868 676
f 676 868 869 677
f 677 869 870 678
f 678 870 871 679
f 679 871 872 680
f 680 872 873 681
f 681 873 874 682
f 682 874 875 683
f 683 875 876 684
f 684 876 877 685
f 685 877 878 686
f 686 878 879 687
f 687 879 880 688
f 688 880 881 689
f 689 881 882 690
f 690 882 883 691
f 691 883 884 692
f 692 884 885 693
f 693 885 886 694
f 694 886 887 695
f 695 887 888 696
f 696 888 889 697
f 697 889 890 698
f 698 890 891 699
f 699 891 892 700
f 700 892 893 701
f 701 893 894 702
f 702 894 895 703
f 703 895 896 704
f 704 896 897 705
f 705 897 898 706
f 706 898 899 707
f 707 899 900 708
f 708 900 901 709
f 709 901 902 710
f 710 902 903 711
f 711 903 904 712
f 712 904 905 713
f 713 905 906 714
f 714 906 907 715
f 715 907 908 716
f 716 908 909 717
f 717 909 910 718
f 718 910 911 719
f 719 911 912 720
f 720 912 913 721
f 721 913 914 722
f 722 914 915 723
f 723 915 916 724
f 724 916 917 725
f 725 917 918 726
f 726 918 919 727
f 727 919 920 728
f 728 920 921 729
f 729 921 922 730
f 730 922 923 731
f 731 923 924 732
f 732 924 925 733
f 733 925 926 734
f 734 926 927 735
f 735 927 928 736
f 736 928 929 737
f 737 929 930 738
f 738 930 931 739
f 739 931 932 740
f 740 932 933 741
f 741 933 934 742
f 742 934 935 743
f 743 935 936 744
f 744 936 937 745
f 745 937 938 746
f 746 938 939 747
f 747 939 940 748
f 748 940 941 749
f 749 941 942 750
f 750 942 943 751
f 751 943 944 752
f 752 944 945 753
f 753 945 946 754
f 754 946 947 755
f 755 947 948 756
f 756 948 949 757
f 757 949 950 758
f 758 950 951 759
f 759 951 952 760
f 760 952 953 761
f 761 953 954 762
f 762 954 955 763
f 763 955 956 764
f 764 956 957 765
f 765 957 958 766
f 766 958 959 767
f 767 959 960 768
f 768 960 961 769
f 769 961 962 770
f 770 962 963 771
f 771 963 964 772
f 772 964 965 773
f 773 965 966 774
f 774 966 967 775
f 775 967 968 776
f 776 968 969 777
f 777 969 970 778
f 778 970 971 779
f 779 971 972 780
f 780 972 973 781
f 781 973 974 782
f 782 974 975 783
f 783 975 976 784
f 784 976 977 785
f 785 977 978 786
f 786 978 979 787
f 787 979 980 788
f 788 980 981 789
f 789 981 982 790
f 790 982 983 791
f 791 983 984 792
f 792 984 985 793
f 793 985 986 794
f 794 986 987 795
f 795 987 988 796
f 796 988 989 797
f 797 989 990 798
f 798 990 991 799
f 799 991 992 800
f 800 992 993 801
f 801 993 994 802
f 802 994 995 803
f 803 995 996 804
f 804 996 997 805
f 805 997 998 806
f 806 998 999 807
f 807 999 1000 808
f 808 1000 1001 809
f 809 1001 1002 810
f 810 1002 1003 811
f 811 1003 1004 812
f 812 1004 1005 813
f 813 1005 1006 814
f 814 1006 1007 815
f 815 1007 1008 816
f 816 1008 1009 817
f 817 1009 818 626
f 818 1010 1011 819
f 819 1011 1012 820
f 820 1012 1013 821
f 821 1013 1014 822
f 822 1014 1015 823
f 823 1015 1016 824
f 824 1016 1017 825
f 825 1017 1018 826
f 826 1018 1019 827
f 827 1019 1020 828
f 828 1020 1021 829
f 829 1021 1022 830
f 830 1022 1023 831
f 831 1023 1024 832
f 832 1024 1025 833
f 833 1025 1026 834
f 834 1026 1027 835
f 835 1027 1028 836
f 836 1028 1029 837
f 837 1029 1030 838
f 838 1030 1031 839
f 839 1031 1032 840
f 840 1032 1033 841
f 841 1033 1034 842
f 842 1034 1035 843
f 843 1035 1036 844
f 844 1036 1037 845
f 845 1037 1038 846
f 846 1038 1039 847
f 847 1039 1040 848
f 848 1040 1041 849
f 849 1041 1042 850
f 850 1042 1043 851
f 851 1043 1044 852
f 852 1044 1045 853
f 853 1045 1046 854
f 854 1046 1047 855
f 855 1047 1048 856
f 856 1048 1049 857
f 857 1049 1050 858
f 858 1050 1051 859
f 859 1051 1052 860
f 860 1052 1053 861
f 861 1053 1054 862
f 862 1054 1055 863
f 863 1055 1056 864
f 864 1056 1057 865
f 865 1057 1058 866
f 866 1058 1059 867
f 867 1059 1060 868
f 868 1060 1061 869
f 869 1061 1062 870
f 870 1062 1063 871
f 871 1063 1064 872
f 872 1064 1065 873
f 873 1065 1066 874
f 874 1066 1067 875
f 875 1067 1068 876
f 876 1068 1069 877
f 877 1069 1070 878
f 878 1070 1071 879
f 879 1071 1072 880
f 880 1072 1073 881
f 881 1073 1074 882
f 882 1074 1075 883
f 883 1075 1076 884
f 884 1076 1077 885
f 885 1077 1078 886
f 886 1078 1079 887
f 887 1079 1080 888
f 888 1080 1081 889
f 889 1081 1082 890
f 890 1082 1083 891
f 891 1083 1084 892
f 892 1084 1085 893
f 893 1085 1086 894
f 894 1086 1087 895
f 895 1087 1088 896
f 896 1088 1089 897
f 897 1089 1090 898
f 898 1090 1091 899
f 899 1091 1092 900
f 900 1092 1093 901
f 901 1093 1094 902
f 902 1094 1095 903
f 903 1095 1096 904
f 904 1096 1097 905
f 905 1097 1098 906
f 906 1098 1099 907
f 907 1099 1100 908
f 908 1100 1101 909
f 909 1101 1102 910
f 910 1102 1103 911
f 911 1103 1104 912
f 912 1104 1105 913
f 913 1105 1106 914
f 914 1106 1107 915
f 915 1107 1108 916
f 916 1108 1109 917
f 917 1109 1110 918
f 918 1110 1111 919
f 919 1111 1112 920
f 920 1112 1113 921
f 921 1113 1114 922
f 922 1114 1115 923
f 923 1115 1116 924
f 924 1116 1117 925
f 925 1117 1118 926
f 926 1118 1119 927
f 927 1119 1120 928
f 928 1120 1121 929
f 929 1121 1122 930
f 930 1122 1123 931
f 931 1123 1124 932
f 932 1124 1125 933
f 933 1125 1126 934
f 934 1126 1127 935
f 935 1127 1128 936
f 936 1128 1129 937
f 937 1129 1130 938
f 938 1130 1131 939
f 939 1131 1132 940
f 940 1132 1133 941
f 941 1133 1134 942
f 942 1134 1135 943
f 943 1135 1136 944
f 944 1136 1137 945
f 945 1137 1138 946
f 946 1138 1139 947
f 947 1139 1140 948
f 948 1140 1141 949
f 949 1141 1142 950
f 950 1142 1143 951
f 951 1143 1144 952
f 952 1144 1145 953
f 953 1145 1146 954
f 954 1146 1147 955
f 955 1147 1148 956
f 956 1148 1149 957
f 957 1149 1150 958
f 958 1150 1151 959
f 959 1151 1152 960
f 960 1152 1153 961
f 961 1153 1154 962
f 962 1154 1155 963
f 963 1155 1156 964
f 964 1156 1157 965
f 965 1157 1158 966
f 966 1158 1159 967
f 967 1159 1160 968
f 968 1160 1161 969
f 969 1161 1162 970
f 970 1162 1163 971
f 971 1163 1164 972
f 972 1164 1165 973
f 973 1165 1166 974
f 974 1166 1167 975
f 975 1167 1168 976
f 976 1168 1169 977
f 977 1169 1170 978
f 978 1170 1171 979
f 979 1171 1172 980
f 980 1172 1173 981
f 981 1173 1174 982
f 982 1174 1175 983
f 983 1175 1176 984
f 984 1176 1177 985
f 985 1177 1178 986
f 986 1178 1179 987
f 987 1179 1180 988
f 988 1180 1181 989
f 989 1181 1182 990
f 990 1182 1183 991
f 991 1183 1184 992
f 992 1184 1185 993
f 993 1185 1186 994
f 994 1186 1187 995
f 995 1187 1188 996
f 996 1188 1189 997
f 997 1189 1190 998
f 998 1190 1191 999
f 999 1191 1192 1000
f 1000 1192 1193 1001
f 1001 1193 1194 1002
f 1002 1194 1195 1003
f 1003 1195 1196 1004
f 1004 1196 1197 1005
f 1005 1197 1198 1006
f 1006 1198 1199 1007
f 1007 1199 1200 1008
f 1008 1200 1201 1009
f 1009 1201 1010 818
f 1010 1202 1203 1011
f 1011 1203 1204 1012
f 1012 1204 1205 1013
f 1013 1205 1206 1014
f 1014 1206 1207 1015
f 1015 1207 1208 1016
f 1016 1208 1209 1017
f 1017 1209 1210 1018
f 1018 1210 1211 1019
f 1019 1211 1212 1020
f 1020 1212 1213 1021
f 1021 1213 1214 1022
f 1022 1214 1215 1023
f 1023 1215 1216 1024
f 1024 1216 1217 1025
f 1025 1217 1218 1026
f 1026 1218 1219 1027
f 1027 1219 1220 1028
f 1028 1220 1221 1029
f 1029 1221 1222 1030
f 1030 1222 1223 1031
f 1031 1223 1224 1032
f 1032 1224 1225 1033
f 1033 1225 1226 1034
f 1034 1226 1227 1035
f 1035 1227 1228 1036
f 1036 1228 1229 1037
f 1037 1229 1230 1038
f 1038 1230 1231 1039
f 1039 1231 1232 1040
f 1040 1232 1233 1041
f 1041 1233 1234 1042
f 1042 1234 1235 1043
f 1043 1235 1236 1044
f 1044 1236 1237 1045
f 1045 1237 1238 1046
f 1046 1238 1239 1047
f 1047 1239 1240 1048
f 1048 1240 1241 1049
f 1049 1241 1242 1050
f 1050 1242 1243 1051
f 1051 1243 1244 1052
f 1052 1244 1245 1053
f 1053 1245 1246 1054
f 1054 1246 1247 1055
f 1055 1247 1248 1056
f 1056 1248 1249 1057
f 1057 1249 1250 1058
f 1058 1250 1251 1059
f 1059 1251 1252 1060
f 1060 1252 1253 1061
f 1061 1253 1254 1062
f 1062 1254 1255 1063
f 1063 1255 1256 1064
f 1064 1256 1257 1065
f 1065 1257 1258 1066
f 1066 1258 1259 1067
f 1067 1259 1260 1068
f 1068 1260 1261 1069
f 1069 1261 1262 1070
f 1070 1262 1263 1071
f 1071 1263 1264 1072
f 1072 1264 1265 1073
f 1073 1265 1266 1074
f 1074 1266 1267 1075
f 1075 1267 1268 1076
f 1076 1268 1269 1077
f 1077 1269 1270 1078
f 1078 1270 1271 1079
f 1079 1271 1272 1080
f 1080 1272 1273 1081
f 1081 1273 1274 1082
f 1082 1274 1275 1083
f 1083 1275 1276 1084
f 1084 1276 1277 1085
f 1085 1277 1278 1086
f 1086 1278 1279 1087
f 1087 1279 1280 1088
f 1088 1280 1281 1089
f 1089 1281 1282 1090
f 1090 1282 1283 1091
f 1091 1283 1284 1092
f 1092 1284 1285 1093
f 1093 1285 1286 1094
f 1094 1286 1287 1095
f 1095 1287 1288 1096
f 1096 1288 1289 1097
f 1097 1289 1290 1098
f 1098 1290 1291 1099
f 1099 1291 1292 1100
f 1100 1292 1293 1101
f 1101 1293 1294 1102
f 1102 1294 1295 1103
f 1103 1295 1296 1104
f 1104 1296 1297 1105
f 1105 1297 1298 1106
f 1106 1298 1299 1107
f 1107 1299 1300 1108
f 1108 1300 1301 1109
f 1109 1301 1302 1110
f 1110 1302 1303 1111
f 1111 1303 1304 1112
f 1112 1304 1305 1113
f 1113 1305 1306 1114
f 1114 1306 1307 1115
f 1115 1307 1308 1116
f 1116 1308 1309 1117
f 1117 1309 1310 1118
f 1118 1310 1311 1119
f 1119 1311 1312 1120
f 1120 1312 1313 1121
f 1121 1313 1314 1122
f 1122 1314 1315 1123
f 1123 1315 1316 1124
f 1124 1316 1317 1125
f 1125 1317 1318 1126
f 1126 1318 1319 1127
f 1127 1319 1320 1128
f 1128 1320 1321 1129
f 1129 1321 1322 1130
f 1130 1322 1323 1131
f 1131 1323 1324 1132
f 1132 1324 1325 1133
f 1133 1325 1326 1134
f 1134 1326 1327 1135
f 1135 1327 1328 1136
f 1136 1328 1329 1137
f 1137 1329 1330 1138
f 1138 1330 1331 1139
f 1139 1331 1332 1140
f 1140 1332 1333 1141
f 1141 1333 1334 1142
f 1142 1334 1335 1143
f 1143 1335 1336 1144
f 1144 1336 1337 1145
f 1145 1337 1338 1146
f 1146 1338 1339 1147
f 1147 1339 1340 1148
f 1148 1340 1341 1149
f 1149 1341 1342 1150
f 1150 1342 1343 1151
f 1151 1343 1344 1152
f 1152 1344 1345 1153
f 1153 1345 1346 1154
f 1154 1346 1347 1155
f 1155 1347 1348 1156
f 1156 1348 1349 1157
f 1157 1349 1350 1158
f 1158 1350 1351 1159
f 1159 1351 1352 1160
f 1160 1352 1353 1161
f 1161 1353 1354 1162
f 1162 1354 1355 1163
f 1163 1355 1356 1164
f 1164 1356 1357 1165
f 1165 1357 1358 1166
f 1166 1358 1359 1167
f 1167 1359 1360 1168
f 1168 1360 1361 1169
f 1169 1361 1362 1170
f 1170 1362 1363 1171
f 1171 1363 1364 1172
f 1172 1364 1365 1173
f 1173 1365 1366 1174
f 1174 1366 1367 1175
f 1175 1367 1368 1176
f 1176 1368 1369 1177
f 1177 1369 1370 1178
f 1178 1370 1371 1179
f 1179 1371 1372 1180
f 1180 1372 1373 1181
f 1181 1373 1374 1182
f 1182 1374 1375 1183
f 1183 1375 1376 1184
f 1184 1376 1377 1185
f 1185 1377 1378 1186
f 1186 1378 1379 1187
f 1187 1379 1380 1188
f 1188 1380 1381 1189
f 1189 1381 1382 1190
f 1190 1382 1383 1191
f 1191 1383 1384 1192
f 1192 1384 1385 1193
f 1193 1385 1386 1194
f 1194 1386 1387 1195
f 1195 1387 1388 1196
f 1196 1388 1389 1197
f 1197 1389 1390 1198
f 1198 1390 1391 1199
f 1199 1391 1392 1200
f 1200 1392 1393 1201
f 1201 1393 1202 1010
