# Defence — Y-up, arena-scale units
mtllib top_defence.mtl
o Defence
v 0.001800 0.000000 0.000000
v 0.001785 0.000000 0.000235
v 0.001739 0.000000 0.000466
v 0.001663 0.000000 0.000689
v 0.001559 0.000000 0.000900
v 0.001428 0.000000 0.001096
v 0.001273 0.000000 0.001273
v 0.001096 0.000000 0.001428
v 0.000900 0.000000 0.001559
v 0.000689 0.000000 0.001663
v 0.000466 0.000000 0.001739
v 0.000235 0.000000 0.001785
v 0.000000 0.000000 0.001800
v -0.000235 0.000000 0.001785
v -0.000466 0.000000 0.001739
v -0.000689 0.000000 0.001663
v -0.000900 0.000000 0.001559
v -0.001096 0.000000 0.001428
v -0.001273 0.000000 0.001273
v -0.001428 0.000000 0.001096
v -0.001559 0.000000 0.000900
v -0.001663 0.000000 0.000689
v -0.001739 0.000000 0.000466
v -0.001785 0.000000 0.000235
v -0.001800 0.000000 0.000000
v -0.001785 0.000000 -0.000235
v -0.001739 0.000000 -0.000466
v -0.001663 0.000000 -0.000689
v -0.001559 0.000000 -0.000900
v -0.001428 0.000000 -0.001096
v -0.001273 0.000000 -0.001273
v -0.001096 0.000000 -0.001428
v -0.000900 0.000000 -0.001559
v -0.000689 0.000000 -0.001663
v -0.000466 0.000000 -0.001739
v -0.000235 0.000000 -0.001785
v -0.000000 0.000000 -0.001800
v 0.000235 0.000000 -0.001785
v 0.000466 0.000000 -0.001739
v 0.000689 0.000000 -0.001663
v 0.000900 0.000000 -0.001559
v 0.001096 0.000000 -0.001428
v 0.001273 0.000000 -0.001273
v 0.001428 0.000000 -0.001096
v 0.001559 0.000000 -0.000900
v 0.001663 0.000000 -0.000689
v 0.001739 0.000000 -0.000466
v 0.001785 0.000000 -0.000235
v 0.000000 0.000000 0.000000
v 0.002512 0.001056 0.000000
v 0.002490 0.001056 0.000328
v 0.002426 0.001056 0.000650
v 0.002321 0.001056 0.000961
v 0.002175 0.001056 0.001256
v 0.001993 0.001056 0.001529
v 0.001776 0.001056 0.001776
v 0.001529 0.001056 0.001993
v 0.001256 0.001056 0.002175
v 0.000961 0.001056 0.002321
v 0.000650 0.001056 0.002426
v 0.000328 0.001056 0.002490
v 0.000000 0.001056 0.002512
v -0.000328 0.001056 0.002490
v -0.000650 0.001056 0.002426
v -0.000961 0.001056 0.002321
v -0.001256 0.001056 0.002175
v -0.001529 0.001056 0.001993
v -0.001776 0.001056 0.001776
v -0.001993 0.001056 0.001529
v -0.002175 0.001056 0.001256
v -0.002321 0.001056 0.000961
v -0.002426 0.001056 0.000650
v -0.002490 0.001056 0.000328
v -0.002512 0.001056 0.000000
v -0.002490 0.001056 -0.000328
v -0.002426 0.001056 -0.000650
v -0.002321 0.001056 -0.000961
v -0.002175 0.001056 -0.001256
v -0.001993 0.001056 -0.001529
v -0.001776 0.001056 -0.001776
v -0.001529 0.001056 -0.001993
v -0.001256 0.001056 -0.002175
v -0.000961 0.001056 -0.002321
v -0.000650 0.001056 -0.002426
v -0.000328 0.001056 -0.002490
v -0.000000 0.001056 -0.002512
v 0.000328 0.001056 -0.002490
v 0.000650 0.001056 -0.002426
v 0.000961 0.001056 -0.002321
v 0.001256 0.001056 -0.002175
v 0.001529 0.001056 -0.001993
v 0.001776 0.001056 -0.001776
v 0.001993 0.001056 -0.001529
v 0.002175 0.001056 -0.001256
v 0.002321 0.001056 -0.000961
v 0.002426 0.001056 -0.000650
v 0.002490 0.001056 -0.000328
v 0.003110 0.002112 0.000000
v 0.003083 0.002112 0.000406
v 0.003004 0.002112 0.000805
v 0.002873 0.002112 0.001190
v 0.002693 0.002112 0.001555
v 0.002467 0.002112 0.001893
v 0.002199 0.002112 0.002199
v 0.001893 0.002112 0.002467
v 0.001555 0.002112 0.002693
v 0.001190 0.002112 0.002873
v 0.000805 0.002112 0.003004
v 0.000406 0.002112 0.003083
v 0.000000 0.002112 0.003110
v -0.000406 0.002112 0.003083
v -0.000805 0.002112 0.003004
v -0.001190 0.002112 0.002873
v -0.001555 0.002112 0.002693
v -0.001893 0.002112 0.002467
v -0.002199 0.002112 0.002199
v -0.002467 0.002112 0.001893
v -0.002693 0.002112 0.001555
v -0.002873 0.002112 0.001190
v -0.003004 0.002112 0.000805
v -0.003083 0.002112 0.000406
v -0.003110 0.002112 0.000000
v -0.003083 0.002112 -0.000406
v -0.003004 0.002112 -0.000805
v -0.002873 0.002112 -0.001190
v -0.002693 0.002112 -0.001555
v -0.002467 0.002112 -0.001893
v -0.002199 0.002112 -0.002199
v -0.001893 0.002112 -0.002467
v -0.001555 0.002112 -0.002693
v -0.001190 0.002112 -0.002873
v -0.000805 0.002112 -0.003004
v -0.000406 0.002112 -0.003083
v -0.000000 0.002112 -0.003110
v 0.000406 0.002112 -0.003083
v 0.000805 0.002112 -0.003004
v 0.001190 0.002112 -0.002873
v 0.001555 0.002112 -0.002693
v 0.001893 0.002112 -0.002467
v 0.002199 0.002112 -0.002199
v 0.002467 0.002112 -0.001893
v 0.002693 0.002112 -0.001555
v 0.002873 0.002112 -0.001190
v 0.003004 0.002112 -0.000805
v 0.003083 0.002112 -0.000406
v 0.003672 0.003168 0.000000
v 0.003640 0.003168 0.000479
v 0.003547 0.003168 0.000950
v 0.003392 0.003168 0.001405
v 0.003180 0.003168 0.001836
v 0.002913 0.003168 0.002235
v 0.002596 0.003168 0.002596
v 0.002235 0.003168 0.002913
v 0.001836 0.003168 0.003180
v 0.001405 0.003168 0.003392
v 0.000950 0.003168 0.003547
v 0.000479 0.003168 0.003640
v 0.000000 0.003168 0.003672
v -0.000479 0.003168 0.003640
v -0.000950 0.003168 0.003547
v -0.001405 0.003168 0.003392
v -0.001836 0.003168 0.003180
v -0.002235 0.003168 0.002913
v -0.002596 0.003168 0.002596
v -0.002913 0.003168 0.002235
v -0.003180 0.003168 0.001836
v -0.003392 0.003168 0.001405
v -0.003547 0.003168 0.000950
v -0.003640 0.003168 0.000479
v -0.003672 0.003168 0.000000
v -0.003640 0.003168 -0.000479
v -0.003547 0.003168 -0.000950
v -0.003392 0.003168 -0.001405
v -0.003180 0.003168 -0.001836
v -0.002913 0.003168 -0.002235
v -0.002596 0.003168 -0.002596
v -0.002235 0.003168 -0.002913
v -0.001836 0.003168 -0.003180
v -0.001405 0.003168 -0.003392
v -0.000950 0.003168 -0.003547
v -0.000479 0.003168 -0.003640
v -0.000000 0.003168 -0.003672
v 0.000479 0.003168 -0.003640
v 0.000950 0.003168 -0.003547
v 0.001405 0.003168 -0.003392
v 0.001836 0.003168 -0.003180
v 0.002235 0.003168 -0.002913
v 0.002596 0.003168 -0.002596
v 0.002913 0.003168 -0.002235
v 0.003180 0.003168 -0.001836
v 0.003392 0.003168 -0.001405
v 0.003547 0.003168 -0.000950
v 0.003640 0.003168 -0.000479
v 0.004211 0.004224 0.000000
v 0.004175 0.004224 0.000550
v 0.004068 0.004224 0.001090
v 0.003891 0.004224 0.001611
v 0.003647 0.004224 0.002106
v 0.003341 0.004224 0.002564
v 0.002978 0.004224 0.002978
v 0.002564 0.004224 0.003341
v 0.002106 0.004224 0.003647
v 0.001611 0.004224 0.003891
v 0.001090 0.004224 0.004068
v 0.000550 0.004224 0.004175
v 0.000000 0.004224 0.004211
v -0.000550 0.004224 0.004175
v -0.001090 0.004224 0.004068
v -0.001611 0.004224 0.003891
v -0.002106 0.004224 0.003647
v -0.002564 0.004224 0.003341
v -0.002978 0.004224 0.002978
v -0.003341 0.004224 0.002564
v -0.003647 0.004224 0.002106
v -0.003891 0.004224 0.001611
v -0.004068 0.004224 0.001090
v -0.004175 0.004224 0.000550
v -0.004211 0.004224 0.000000
v -0.004175 0.004224 -0.000550
v -0.004068 0.004224 -0.001090
v -0.003891 0.004224 -0.001611
v -0.003647 0.004224 -0.002106
v -0.003341 0.004224 -0.002564
v -0.002978 0.004224 -0.002978
v -0.002564 0.004224 -0.003341
v -0.002106 0.004224 -0.003647
v -0.001611 0.004224 -0.003891
v -0.001090 0.004224 -0.004068
v -0.000550 0.004224 -0.004175
v -0.000000 0.004224 -0.004211
v 0.000550 0.004224 -0.004175
v 0.001090 0.004224 -0.004068
v 0.001611 0.004224 -0.003891
v 0.002106 0.004224 -0.003647
v 0.002564 0.004224 -0.003341
v 0.002978 0.004224 -0.002978
v 0.003341 0.004224 -0.002564
v 0.003647 0.004224 -0.002106
v 0.003891 0.004224 -0.001611
v 0.004068 0.004224 -0.001090
v 0.004175 0.004224 -0.000550
v 0.004734 0.005280 0.000000
v 0.004694 0.005280 0.000618
v 0.004573 0.005280 0.001225
v 0.004374 0.005280 0.001812
v 0.004100 0.005280 0.002367
v 0.003756 0.005280 0.002882
v 0.003348 0.005280 0.003348
v 0.002882 0.005280 0.003756
v 0.002367 0.005280 0.004100
v 0.001812 0.005280 0.004374
v 0.001225 0.005280 0.004573
v 0.000618 0.005280 0.004694
v 0.000000 0.005280 0.004734
v -0.000618 0.005280 0.004694
v -0.001225 0.005280 0.004573
v -0.001812 0.005280 0.004374
v -0.002367 0.005280 0.004100
v -0.002882 0.005280 0.003756
v -0.003348 0.005280 0.003348
v -0.003756 0.005280 0.002882
v -0.004100 0.005280 0.002367
v -0.004374 0.005280 0.001812
v -0.004573 0.005280 0.001225
v -0.004694 0.005280 0.000618
v -0.004734 0.005280 0.000000
v -0.004694 0.005280 -0.000618
v -0.004573 0.005280 -0.001225
v -0.004374 0.005280 -0.001812
v -0.004100 0.005280 -0.002367
v -0.003756 0.005280 -0.002882
v -0.003348 0.005280 -0.003348
v -0.002882 0.005280 -0.003756
v -0.002367 0.005280 -0.004100
v -0.001812 0.005280 -0.004374
v -0.001225 0.005280 -0.004573
v -0.000618 0.005280 -0.004694
v -0.000000 0.005280 -0.004734
v 0.000618 0.005280 -0.004694
v 0.001225 0.005280 -0.004573
v 0.001812 0.005280 -0.004374
v 0.002367 0.005280 -0.004100
v 0.002882 0.005280 -0.003756
v 0.003348 0.005280 -0.003348
v 0.003756 0.005280 -0.002882
v 0.004100 0.005280 -0.002367
v 0.004374 0.005280 -0.001812
v 0.004573 0.005280 -0.001225
v 0.004694 0.005280 -0.000618
v 0.005245 0.006336 0.000000
v 0.005200 0.006336 0.000685
v 0.005066 0.006336 0.001357
v 0.004846 0.006336 0.002007
v 0.004542 0.006336 0.002622
v 0.004161 0.006336 0.003193
v 0.003709 0.006336 0.003709
v 0.003193 0.006336 0.004161
v 0.002622 0.006336 0.004542
v 0.002007 0.006336 0.004846
v 0.001357 0.006336 0.005066
v 0.000685 0.006336 0.005200
v 0.000000 0.006336 0.005245
v -0.000685 0.006336 0.005200
v -0.001357 0.006336 0.005066
v -0.002007 0.006336 0.004846
v -0.002622 0.006336 0.004542
v -0.003193 0.006336 0.004161
v -0.003709 0.006336 0.003709
v -0.004161 0.006336 0.003193
v -0.004542 0.006336 0.002622
v -0.004846 0.006336 0.002007
v -0.005066 0.006336 0.001357
v -0.005200 0.006336 0.000685
v -0.005245 0.006336 0.000000
v -0.005200 0.006336 -0.000685
v -0.005066 0.006336 -0.001357
v -0.004846 0.006336 -0.002007
v -0.004542 0.006336 -0.002622
v -0.004161 0.006336 -0.003193
v -0.003709 0.006336 -0.003709
v -0.003193 0.006336 -0.004161
v -0.002622 0.006336 -0.004542
v -0.002007 0.006336 -0.004846
v -0.001357 0.006336 -0.005066
v -0.000685 0.006336 -0.005200
v -0.000000 0.006336 -0.005245
v 0.000685 0.006336 -0.005200
v 0.001357 0.006336 -0.005066
v 0.002007 0.006336 -0.004846
v 0.002622 0.006336 -0.004542
v 0.003193 0.006336 -0.004161
v 0.003709 0.006336 -0.003709
v 0.004161 0.006336 -0.003193
v 0.004542 0.006336 -0.002622
v 0.004846 0.006336 -0.002007
v 0.005066 0.006336 -0.001357
v 0.005200 0.006336 -0.000685
v 0.005745 0.007392 0.000000
v 0.005696 0.007392 0.000750
v 0.005550 0.007392 0.001487
v 0.005308 0.007392 0.002199
v 0.004976 0.007392 0.002873
v 0.004558 0.007392 0.003498
v 0.004063 0.007392 0.004063
v 0.003498 0.007392 0.004558
v 0.002873 0.007392 0.004976
v 0.002199 0.007392 0.005308
v 0.001487 0.007392 0.005550
v 0.000750 0.007392 0.005696
v 0.000000 0.007392 0.005745
v -0.000750 0.007392 0.005696
v -0.001487 0.007392 0.005550
v -0.002199 0.007392 0.005308
v -0.002873 0.007392 0.004976
v -0.003498 0.007392 0.004558
v -0.004063 0.007392 0.004063
v -0.004558 0.007392 0.003498
v -0.004976 0.007392 0.002873
v -0.005308 0.007392 0.002199
v -0.005550 0.007392 0.001487
v -0.005696 0.007392 0.000750
v -0.005745 0.007392 0.000000
v -0.005696 0.007392 -0.000750
v -0.005550 0.007392 -0.001487
v -0.005308 0.007392 -0.002199
v -0.004976 0.007392 -0.002873
v -0.004558 0.007392 -0.003498
v -0.004063 0.007392 -0.004063
v -0.003498 0.007392 -0.004558
v -0.002873 0.007392 -0.004976
v -0.002199 0.007392 -0.005308
v -0.001487 0.007392 -0.005550
v -0.000750 0.007392 -0.005696
v -0.000000 0.007392 -0.005745
v 0.000750 0.007392 -0.005696
v 0.001487 0.007392 -0.005550
v 0.002199 0.007392 -0.005308
v 0.002873 0.007392 -0.004976
v 0.003498 0.007392 -0.004558
v 0.004063 0.007392 -0.004063
v 0.004558 0.007392 -0.003498
v 0.004976 0.007392 -0.002873
v 0.005308 0.007392 -0.002199
v 0.005550 0.007392 -0.001487
v 0.005696 0.007392 -0.000750
v 0.006237 0.008448 0.000000
v 0.006184 0.008448 0.000814
v 0.006025 0.008448 0.001614
v 0.005762 0.008448 0.002387
v 0.005402 0.008448 0.003119
v 0.004948 0.008448 0.003797
v 0.004410 0.008448 0.004410
v 0.003797 0.008448 0.004948
v 0.003119 0.008448 0.005402
v 0.002387 0.008448 0.005762
v 0.001614 0.008448 0.006025
v 0.000814 0.008448 0.006184
v 0.000000 0.008448 0.006237
v -0.000814 0.008448 0.006184
v -0.001614 0.008448 0.006025
v -0.002387 0.008448 0.005762
v -0.003119 0.008448 0.005402
v -0.003797 0.008448 0.004948
v -0.004410 0.008448 0.004410
v -0.004948 0.008448 0.003797
v -0.005402 0.008448 0.003119
v -0.005762 0.008448 0.002387
v -0.006025 0.008448 0.001614
v -0.006184 0.008448 0.000814
v -0.006237 0.008448 0.000000
v -0.006184 0.008448 -0.000814
v -0.006025 0.008448 -0.001614
v -0.005762 0.008448 -0.002387
v -0.005402 0.008448 -0.003119
v -0.004948 0.008448 -0.003797
v -0.004410 0.008448 -0.004410
v -0.003797 0.008448 -0.004948
v -0.003119 0.008448 -0.005402
v -0.002387 0.008448 -0.005762
v -0.001614 0.008448 -0.006025
v -0.000814 0.008448 -0.006184
v -0.000000 0.008448 -0.006237
v 0.000814 0.008448 -0.006184
v 0.001614 0.008448 -0.006025
v 0.002387 0.008448 -0.005762
v 0.003119 0.008448 -0.005402
v 0.003797 0.008448 -0.004948
v 0.004410 0.008448 -0.004410
v 0.004948 0.008448 -0.003797
v 0.005402 0.008448 -0.003119
v 0.005762 0.008448 -0.002387
v 0.006025 0.008448 -0.001614
v 0.006184 0.008448 -0.000814
v 0.006722 0.009504 0.000000
v 0.006664 0.009504 0.000877
v 0.006493 0.009504 0.001740
v 0.006210 0.009504 0.002572
v 0.005821 0.009504 0.003361
v 0.005333 0.009504 0.004092
v 0.004753 0.009504 0.004753
v 0.004092 0.009504 0.005333
v 0.003361 0.009504 0.005821
v 0.002572 0.009504 0.006210
v 0.001740 0.009504 0.006493
v 0.000877 0.009504 0.006664
v 0.000000 0.009504 0.006722
v -0.000877 0.009504 0.006664
v -0.001740 0.009504 0.006493
v -0.002572 0.009504 0.006210
v -0.003361 0.009504 0.005821
v -0.004092 0.009504 0.005333
v -0.004753 0.009504 0.004753
v -0.005333 0.009504 0.004092
v -0.005821 0.009504 0.003361
v -0.006210 0.009504 0.002572
v -0.006493 0.009504 0.001740
v -0.006664 0.009504 0.000877
v -0.006722 0.009504 0.000000
v -0.006664 0.009504 -0.000877
v -0.006493 0.009504 -0.001740
v -0.006210 0.009504 -0.002572
v -0.005821 0.009504 -0.003361
v -0.005333 0.009504 -0.004092
v -0.004753 0.009504 -0.004753
v -0.004092 0.009504 -0.005333
v -0.003361 0.009504 -0.005821
v -0.002572 0.009504 -0.006210
v -0.001740 0.009504 -0.006493
v -0.000877 0.009504 -0.006664
v -0.000000 0.009504 -0.006722
v 0.000877 0.009504 -0.006664
v 0.001740 0.009504 -0.006493
v 0.002572 0.009504 -0.006210
v 0.003361 0.009504 -0.005821
v 0.004092 0.009504 -0.005333
v 0.004753 0.009504 -0.004753
v 0.005333 0.009504 -0.004092
v 0.005821 0.009504 -0.003361
v 0.006210 0.009504 -0.002572
v 0.006493 0.009504 -0.001740
v 0.006664 0.009504 -0.000877
v 0.007200 0.010560 0.000000
v 0.007138 0.010560 0.000940
v 0.006955 0.010560 0.001863
v 0.006652 0.010560 0.002755
v 0.006235 0.010560 0.003600
v 0.005712 0.010560 0.004383
v 0.005091 0.010560 0.005091
v 0.004383 0.010560 0.005712
v 0.003600 0.010560 0.006235
v 0.002755 0.010560 0.006652
v 0.001863 0.010560 0.006955
v 0.000940 0.010560 0.007138
v 0.000000 0.010560 0.007200
v -0.000940 0.010560 0.007138
v -0.001863 0.010560 0.006955
v -0.002755 0.010560 0.006652
v -0.003600 0.010560 0.006235
v -0.004383 0.010560 0.005712
v -0.005091 0.010560 0.005091
v -0.005712 0.010560 0.004383
v -0.006235 0.010560 0.003600
v -0.006652 0.010560 0.002755
v -0.006955 0.010560 0.001863
v -0.007138 0.010560 0.000940
v -0.007200 0.010560 0.000000
v -0.007138 0.010560 -0.000940
v -0.006955 0.010560 -0.001863
v -0.006652 0.010560 -0.002755
v -0.006235 0.010560 -0.003600
v -0.005712 0.010560 -0.004383
v -0.005091 0.010560 -0.005091
v -0.004383 0.010560 -0.005712
v -0.003600 0.010560 -0.006235
v -0.002755 0.010560 -0.006652
v -0.001863 0.010560 -0.006955
v -0.000940 0.010560 -0.007138
v -0.000000 0.010560 -0.007200
v 0.000940 0.010560 -0.007138
v 0.001863 0.010560 -0.006955
v 0.002755 0.010560 -0.006652
v 0.003600 0.010560 -0.006235
v 0.004383 0.010560 -0.005712
v 0.005091 0.010560 -0.005091
v 0.005712 0.010560 -0.004383
v 0.006235 0.010560 -0.003600
v 0.006652 0.010560 -0.002755
v 0.006955 0.010560 -0.001863
v 0.007138 0.010560 -0.000940
v 0.024000 0.014640 0.000000
v 0.023967 0.014640 0.001256
v 0.023869 0.014640 0.002509
v 0.023705 0.014640 0.003754
v 0.023476 0.014640 0.004990
v 0.023182 0.014640 0.006212
v 0.022825 0.014640 0.007416
v 0.022406 0.014640 0.008601
v 0.021925 0.014640 0.009762
v 0.021384 0.014640 0.010896
v 0.020785 0.014640 0.012000
v 0.020128 0.014640 0.013071
v 0.019416 0.014640 0.014107
v 0.018652 0.014640 0.015104
v 0.017835 0.014640 0.016059
v 0.016971 0.014640 0.016971
v 0.016059 0.014640 0.017835
v 0.015104 0.014640 0.018652
v 0.014107 0.014640 0.019416
v 0.013071 0.014640 0.020128
v 0.012000 0.014640 0.020785
v 0.010896 0.014640 0.021384
v 0.009762 0.014640 0.021925
v 0.008601 0.014640 0.022406
v 0.007416 0.014640 0.022825
v 0.006212 0.014640 0.023182
v 0.004990 0.014640 0.023476
v 0.003754 0.014640 0.023705
v 0.002509 0.014640 0.023869
v 0.001256 0.014640 0.023967
v 0.000000 0.014640 0.024000
v -0.001256 0.014640 0.023967
v -0.002509 0.014640 0.023869
v -0.003754 0.014640 0.023705
v -0.004990 0.014640 0.023476
v -0.006212 0.014640 0.023182
v -0.007416 0.014640 0.022825
v -0.008601 0.014640 0.022406
v -0.009762 0.014640 0.021925
v -0.010896 0.014640 0.021384
v -0.012000 0.014640 0.020785
v -0.013071 0.014640 0.020128
v -0.014107 0.014640 0.019416
v -0.015104 0.014640 0.018652
v -0.016059 0.014640 0.017835
v -0.016971 0.014640 0.016971
v -0.017835 0.014640 0.016059
v -0.018652 0.014640 0.015104
v -0.019416 0.014640 0.014107
v -0.020128 0.014640 0.013071
v -0.020785 0.014640 0.012000
v -0.021384 0.014640 0.010896
v -0.021925 0.014640 0.009762
v -0.022406 0.014640 0.008601
v -0.022825 0.014640 0.007416
v -0.023182 0.014640 0.006212
v -0.023476 0.014640 0.004990
v -0.023705 0.014640 0.003754
v -0.023869 0.014640 0.002509
v -0.023967 0.014640 0.001256
v -0.024000 0.014640 0.000000
v -0.023967 0.014640 -0.001256
v -0.023869 0.014640 -0.002509
v -0.023705 0.014640 -0.003754
v -0.023476 0.014640 -0.004990
v -0.023182 0.014640 -0.006212
v -0.022825 0.014640 -0.007416
v -0.022406 0.014640 -0.008601
v -0.021925 0.014640 -0.009762
v -0.021384 0.014640 -0.010896
v -0.020785 0.014640 -0.012000
v -0.020128 0.014640 -0.013071
v -0.019416 0.014640 -0.014107
v -0.018652 0.014640 -0.015104
v -0.017835 0.014640 -0.016059
v -0.016971 0.014640 -0.016971
v -0.016059 0.014640 -0.017835
v -0.015104 0.014640 -0.018652
v -0.014107 0.014640 -0.019416
v -0.013071 0.014640 -0.020128
v -0.012000 0.014640 -0.020785
v -0.010896 0.014640 -0.021384
v -0.009762 0.014640 -0.021925
v -0.008601 0.014640 -0.022406
v -0.007416 0.014640 -0.022825
v -0.006212 0.014640 -0.023182
v -0.004990 0.014640 -0.023476
v -0.003754 0.014640 -0.023705
v -0.002509 0.014640 -0.023869
v -0.001256 0.014640 -0.023967
v -0.000000 0.014640 -0.024000
v 0.001256 0.014640 -0.023967
v 0.002509 0.014640 -0.023869
v 0.003754 0.014640 -0.023705
v 0.004990 0.014640 -0.023476
v 0.006212 0.014640 -0.023182
v 0.007416 0.014640 -0.022825
v 0.008601 0.014640 -0.022406
v 0.009762 0.014640 -0.021925
v 0.010896 0.014640 -0.021384
v 0.012000 0.014640 -0.020785
v 0.013071 0.014640 -0.020128
v 0.014107 0.014640 -0.019416
v 0.015104 0.014640 -0.018652
v 0.016059 0.014640 -0.017835
v 0.016971 0.014640 -0.016971
v 0.017835 0.014640 -0.016059
v 0.018652 0.014640 -0.015104
v 0.019416 0.014640 -0.014107
v 0.020128 0.014640 -0.013071
v 0.020785 0.014640 -0.012000
v 0.021384 0.014640 -0.010896
v 0.021925 0.014640 -0.009762
v 0.022406 0.014640 -0.008601
v 0.022825 0.014640 -0.007416
v 0.023182 0.014640 -0.006212
v 0.023476 0.014640 -0.004990
v 0.023705 0.014640 -0.003754
v 0.023869 0.014640 -0.002509
v 0.023967 0.014640 -0.001256
v 0.023689 0.016201 0.000000
v 0.023657 0.016201 0.001240
v 0.023560 0.016201 0.002476
v 0.023398 0.016201 0.003706
v 0.023172 0.016201 0.004925
v 0.022882 0.016201 0.006131
v 0.022530 0.016201 0.007320
v 0.022116 0.016201 0.008490
v 0.021641 0.016201 0.009635
v 0.021107 0.016201 0.010755
v 0.020516 0.016201 0.011845
v 0.019868 0.016201 0.012902
v 0.019165 0.016201 0.013924
v 0.018410 0.016201 0.014908
v 0.017605 0.016201 0.015851
v 0.016751 0.016201 0.016751
v 0.015851 0.016201 0.017605
v 0.014908 0.016201 0.018410
v 0.013924 0.016201 0.019165
v 0.012902 0.016201 0.019868
v 0.011845 0.016201 0.020516
v 0.010755 0.016201 0.021107
v 0.009635 0.016201 0.021641
v 0.008490 0.016201 0.022116
v 0.007320 0.016201 0.022530
v 0.006131 0.016201 0.022882
v 0.004925 0.016201 0.023172
v 0.003706 0.016201 0.023398
v 0.002476 0.016201 0.023560
v 0.001240 0.016201 0.023657
v 0.000000 0.016201 0.023689
v -0.001240 0.016201 0.023657
v -0.002476 0.016201 0.023560
v -0.003706 0.016201 0.023398
v -0.004925 0.016201 0.023172
v -0.006131 0.016201 0.022882
v -0.007320 0.016201 0.022530
v -0.008490 0.016201 0.022116
v -0.009635 0.016201 0.021641
v -0.010755 0.016201 0.021107
v -0.011845 0.016201 0.020516
v -0.012902 0.016201 0.019868
v -0.013924 0.016201 0.019165
v -0.014908 0.016201 0.018410
v -0.015851 0.016201 0.017605
v -0.016751 0.016201 0.016751
v -0.017605 0.016201 0.015851
v -0.018410 0.016201 0.014908
v -0.019165 0.016201 0.013924
v -0.019868 0.016201 0.012902
v -0.020516 0.016201 0.011845
v -0.021107 0.016201 0.010755
v -0.021641 0.016201 0.009635
v -0.022116 0.016201 0.008490
v -0.022530 0.016201 0.007320
v -0.022882 0.016201 0.006131
v -0.023172 0.016201 0.004925
v -0.023398 0.016201 0.003706
v -0.023560 0.016201 0.002476
v -0.023657 0.016201 0.001240
v -0.023689 0.016201 0.000000
v -0.023657 0.016201 -0.001240
v -0.023560 0.016201 -0.002476
v -0.023398 0.016201 -0.003706
v -0.023172 0.016201 -0.004925
v -0.022882 0.016201 -0.006131
v -0.022530 0.016201 -0.007320
v -0.022116 0.016201 -0.008490
v -0.021641 0.016201 -0.009635
v -0.021107 0.016201 -0.010755
v -0.020516 0.016201 -0.011845
v -0.019868 0.016201 -0.012902
v -0.019165 0.016201 -0.013924
v -0.018410 0.016201 -0.014908
v -0.017605 0.016201 -0.015851
v -0.016751 0.016201 -0.016751
v -0.015851 0.016201 -0.017605
v -0.014908 0.016201 -0.018410
v -0.013924 0.016201 -0.019165
v -0.012902 0.016201 -0.019868
v -0.011845 0.016201 -0.020516
v -0.010755 0.016201 -0.021107
v -0.009635 0.016201 -0.021641
v -0.008490 0.016201 -0.022116
v -0.007320 0.016201 -0.022530
v -0.006131 0.016201 -0.022882
v -0.004925 0.016201 -0.023172
v -0.003706 0.016201 -0.023398
v -0.002476 0.016201 -0.023560
v -0.001240 0.016201 -0.023657
v -0.000000 0.016201 -0.023689
v 0.001240 0.016201 -0.023657
v 0.002476 0.016201 -0.023560
v 0.003706 0.016201 -0.023398
v 0.004925 0.016201 -0.023172
v 0.006131 0.016201 -0.022882
v 0.007320 0.016201 -0.022530
v 0.008490 0.016201 -0.022116
v 0.009635 0.016201 -0.021641
v 0.010755 0.016201 -0.021107
v 0.011845 0.016201 -0.020516
v 0.012902 0.016201 -0.019868
v 0.013924 0.016201 -0.019165
v 0.014908 0.016201 -0.018410
v 0.015851 0.016201 -0.017605
v 0.016751 0.016201 -0.016751
v 0.017605 0.016201 -0.015851
v 0.018410 0.016201 -0.014908
v 0.019165 0.016201 -0.013924
v 0.019868 0.016201 -0.012902
v 0.020516 0.016201 -0.011845
v 0.021107 0.016201 -0.010755
v 0.021641 0.016201 -0.009635
v 0.022116 0.016201 -0.008490
v 0.022530 0.016201 -0.007320
v 0.022882 0.016201 -0.006131
v 0.023172 0.016201 -0.004925
v 0.023398 0.016201 -0.003706
v 0.023560 0.016201 -0.002476
v 0.023657 0.016201 -0.001240
v 0.022805 0.017525 0.000000
v 0.022774 0.017525 0.001194
v 0.022680 0.017525 0.002384
v 0.022524 0.017525 0.003567
v 0.022307 0.017525 0.004741
v 0.022028 0.017525 0.005902
v 0.021689 0.017525 0.007047
v 0.021290 0.017525 0.008173
v 0.020833 0.017525 0.009276
v 0.020319 0.017525 0.010353
v 0.019750 0.017525 0.011402
v 0.019126 0.017525 0.012420
v 0.018450 0.017525 0.013404
v 0.017723 0.017525 0.014352
v 0.016947 0.017525 0.015260
v 0.016126 0.017525 0.016126
v 0.015260 0.017525 0.016947
v 0.014352 0.017525 0.017723
v 0.013404 0.017525 0.018450
v 0.012420 0.017525 0.019126
v 0.011402 0.017525 0.019750
v 0.010353 0.017525 0.020319
v 0.009276 0.017525 0.020833
v 0.008173 0.017525 0.021290
v 0.007047 0.017525 0.021689
v 0.005902 0.017525 0.022028
v 0.004741 0.017525 0.022307
v 0.003567 0.017525 0.022524
v 0.002384 0.017525 0.022680
v 0.001194 0.017525 0.022774
v 0.000000 0.017525 0.022805
v -0.001194 0.017525 0.022774
v -0.002384 0.017525 0.022680
v -0.003567 0.017525 0.022524
v -0.004741 0.017525 0.022307
v -0.005902 0.017525 0.022028
v -0.007047 0.017525 0.021689
v -0.008173 0.017525 0.021290
v -0.009276 0.017525 0.020833
v -0.010353 0.017525 0.020319
v -0.011402 0.017525 0.019750
v -0.012420 0.017525 0.019126
v -0.013404 0.017525 0.018450
v -0.014352 0.017525 0.017723
v -0.015260 0.017525 0.016947
v -0.016126 0.017525 0.016126
v -0.016947 0.017525 0.015260
v -0.017723 0.017525 0.014352
v -0.018450 0.017525 0.013404
v -0.019126 0.017525 0.012420
v -0.019750 0.017525 0.011402
v -0.020319 0.017525 0.010353
v -0.020833 0.017525 0.009276
v -0.021290 0.017525 0.008173
v -0.021689 0.017525 0.007047
v -0.022028 0.017525 0.005902
v -0.022307 0.017525 0.004741
v -0.022524 0.017525 0.003567
v -0.022680 0.017525 0.002384
v -0.022774 0.017525 0.001194
v -0.022805 0.017525 0.000000
v -0.022774 0.017525 -0.001194
v -0.022680 0.017525 -0.002384
v -0.022524 0.017525 -0.003567
v -0.022307 0.017525 -0.004741
v -0.022028 0.017525 -0.005902
v -0.021689 0.017525 -0.007047
v -0.021290 0.017525 -0.008173
v -0.020833 0.017525 -0.009276
v -0.020319 0.017525 -0.010353
v -0.019750 0.017525 -0.011402
v -0.019126 0.017525 -0.012420
v -0.018450 0.017525 -0.013404
v -0.017723 0.017525 -0.014352
v -0.016947 0.017525 -0.015260
v -0.016126 0.017525 -0.016126
v -0.015260 0.017525 -0.016947
v -0.014352 0.017525 -0.017723
v -0.013404 0.017525 -0.018450
v -0.012420 0.017525 -0.019126
v -0.011402 0.017525 -0.019750
v -0.010353 0.017525 -0.020319
v -0.009276 0.017525 -0.020833
v -0.008173 0.017525 -0.021290
v -0.007047 0.017525 -0.021689
v -0.005902 0.017525 -0.022028
v -0.004741 0.017525 -0.022307
v -0.003567 0.017525 -0.022524
v -0.002384 0.017525 -0.022680
v -0.001194 0.017525 -0.022774
v -0.000000 0.017525 -0.022805
v 0.001194 0.017525 -0.022774
v 0.002384 0.017525 -0.022680
v 0.003567 0.017525 -0.022524
v 0.004741 0.017525 -0.022307
v 0.005902 0.017525 -0.022028
v 0.007047 0.017525 -0.021689
v 0.008173 0.017525 -0.021290
v 0.009276 0.017525 -0.020833
v 0.010353 0.017525 -0.020319
v 0.011402 0.017525 -0.019750
v 0.012420 0.017525 -0.019126
v 0.013404 0.017525 -0.018450
v 0.014352 0.017525 -0.017723
v 0.015260 0.017525 -0.016947
v 0.016126 0.017525 -0.016126
v 0.016947 0.017525 -0.015260
v 0.017723 0.017525 -0.014352
v 0.018450 0.017525 -0.013404
v 0.019126 0.017525 -0.012420
v 0.019750 0.017525 -0.011402
v 0.020319 0.017525 -0.010353
v 0.020833 0.017525 -0.009276
v 0.021290 0.017525 -0.008173
v 0.021689 0.017525 -0.007047
v 0.022028 0.017525 -0.005902
v 0.022307 0.017525 -0.004741
v 0.022524 0.017525 -0.003567
v 0.022680 0.017525 -0.002384
v 0.022774 0.017525 -0.001194
v 0.021481 0.018409 0.000000
v 0.021452 0.018409 0.001124
v 0.021364 0.018409 0.002245
v 0.021217 0.018409 0.003360
v 0.021012 0.018409 0.004466
v 0.020749 0.018409 0.005560
v 0.020430 0.018409 0.006638
v 0.020055 0.018409 0.007698
v 0.019624 0.018409 0.008737
v 0.019140 0.018409 0.009752
v 0.018603 0.018409 0.010741
v 0.018016 0.018409 0.011700
v 0.017379 0.018409 0.012626
v 0.016694 0.018409 0.013519
v 0.015964 0.018409 0.014374
v 0.015190 0.018409 0.015190
v 0.014374 0.018409 0.015964
v 0.013519 0.018409 0.016694
v 0.012626 0.018409 0.017379
v 0.011700 0.018409 0.018016
v 0.010741 0.018409 0.018603
v 0.009752 0.018409 0.019140
v 0.008737 0.018409 0.019624
v 0.007698 0.018409 0.020055
v 0.006638 0.018409 0.020430
v 0.005560 0.018409 0.020749
v 0.004466 0.018409 0.021012
v 0.003360 0.018409 0.021217
v 0.002245 0.018409 0.021364
v 0.001124 0.018409 0.021452
v 0.000000 0.018409 0.021481
v -0.001124 0.018409 0.021452
v -0.002245 0.018409 0.021364
v -0.003360 0.018409 0.021217
v -0.004466 0.018409 0.021012
v -0.005560 0.018409 0.020749
v -0.006638 0.018409 0.020430
v -0.007698 0.018409 0.020055
v -0.008737 0.018409 0.019624
v -0.009752 0.018409 0.019140
v -0.010741 0.018409 0.018603
v -0.011700 0.018409 0.018016
v -0.012626 0.018409 0.017379
v -0.013519 0.018409 0.016694
v -0.014374 0.018409 0.015964
v -0.015190 0.018409 0.015190
v -0.015964 0.018409 0.014374
v -0.016694 0.018409 0.013519
v -0.017379 0.018409 0.012626
v -0.018016 0.018409 0.011700
v -0.018603 0.018409 0.010741
v -0.019140 0.018409 0.009752
v -0.019624 0.018409 0.008737
v -0.020055 0.018409 0.007698
v -0.020430 0.018409 0.006638
v -0.020749 0.018409 0.005560
v -0.021012 0.018409 0.004466
v -0.021217 0.018409 0.003360
v -0.021364 0.018409 0.002245
v -0.021452 0.018409 0.001124
v -0.021481 0.018409 0.000000
v -0.021452 0.018409 -0.001124
v -0.021364 0.018409 -0.002245
v -0.021217 0.018409 -0.003360
v -0.021012 0.018409 -0.004466
v -0.020749 0.018409 -0.005560
v -0.020430 0.018409 -0.006638
v -0.020055 0.018409 -0.007698
v -0.019624 0.018409 -0.008737
v -0.019140 0.018409 -0.009752
v -0.018603 0.018409 -0.010741
v -0.018016 0.018409 -0.011700
v -0.017379 0.018409 -0.012626
v -0.016694 0.018409 -0.013519
v -0.015964 0.018409 -0.014374
v -0.015190 0.018409 -0.015190
v -0.014374 0.018409 -0.015964
v -0.013519 0.018409 -0.016694
v -0.012626 0.018409 -0.017379
v -0.011700 0.018409 -0.018016
v -0.010741 0.018409 -0.018603
v -0.009752 0.018409 -0.019140
v -0.008737 0.018409 -0.019624
v -0.007698 0.018409 -0.020055
v -0.006638 0.018409 -0.020430
v -0.005560 0.018409 -0.020749
v -0.004466 0.018409 -0.021012
v -0.003360 0.018409 -0.021217
v -0.002245 0.018409 -0.021364
v -0.001124 0.018409 -0.021452
v -0.000000 0.018409 -0.021481
v 0.001124 0.018409 -0.021452
v 0.002245 0.018409 -0.021364
v 0.003360 0.018409 -0.021217
v 0.004466 0.018409 -0.021012
v 0.005560 0.018409 -0.020749
v 0.006638 0.018409 -0.020430
v 0.007698 0.018409 -0.020055
v 0.008737 0.018409 -0.019624
v 0.009752 0.018409 -0.019140
v 0.010741 0.018409 -0.018603
v 0.011700 0.018409 -0.018016
v 0.012626 0.018409 -0.017379
v 0.013519 0.018409 -0.016694
v 0.014374 0.018409 -0.015964
v 0.015190 0.018409 -0.015190
v 0.015964 0.018409 -0.014374
v 0.016694 0.018409 -0.013519
v 0.017379 0.018409 -0.012626
v 0.018016 0.018409 -0.011700
v 0.018603 0.018409 -0.010741
v 0.019140 0.018409 -0.009752
v 0.019624 0.018409 -0.008737
v 0.020055 0.018409 -0.007698
v 0.020430 0.018409 -0.006638
v 0.020749 0.018409 -0.005560
v 0.021012 0.018409 -0.004466
v 0.021217 0.018409 -0.003360
v 0.021364 0.018409 -0.002245
v 0.021452 0.018409 -0.001124
v 0.019920 0.018720 0.000000
v 0.019893 0.018720 0.001043
v 0.019811 0.018720 0.002082
v 0.019675 0.018720 0.003116
v 0.019485 0.018720 0.004142
v 0.019241 0.018720 0.005156
v 0.018945 0.018720 0.006156
v 0.018597 0.018720 0.007139
v 0.018198 0.018720 0.008102
v 0.017749 0.018720 0.009043
v 0.017251 0.018720 0.009960
v 0.016706 0.018720 0.010849
v 0.016116 0.018720 0.011709
v 0.015481 0.018720 0.012536
v 0.014803 0.018720 0.013329
v 0.014086 0.018720 0.014086
v 0.013329 0.018720 0.014803
v 0.012536 0.018720 0.015481
v 0.011709 0.018720 0.016116
v 0.010849 0.018720 0.016706
v 0.009960 0.018720 0.017251
v 0.009043 0.018720 0.017749
v 0.008102 0.018720 0.018198
v 0.007139 0.018720 0.018597
v 0.006156 0.018720 0.018945
v 0.005156 0.018720 0.019241
v 0.004142 0.018720 0.019485
v 0.003116 0.018720 0.019675
v 0.002082 0.018720 0.019811
v 0.001043 0.018720 0.019893
v 0.000000 0.018720 0.019920
v -0.001043 0.018720 0.019893
v -0.002082 0.018720 0.019811
v -0.003116 0.018720 0.019675
v -0.004142 0.018720 0.019485
v -0.005156 0.018720 0.019241
v -0.006156 0.018720 0.018945
v -0.007139 0.018720 0.018597
v -0.008102 0.018720 0.018198
v -0.009043 0.018720 0.017749
v -0.009960 0.018720 0.017251
v -0.010849 0.018720 0.016706
v -0.011709 0.018720 0.016116
v -0.012536 0.018720 0.015481
v -0.013329 0.018720 0.014803
v -0.014086 0.018720 0.014086
v -0.014803 0.018720 0.013329
v -0.015481 0.018720 0.012536
v -0.016116 0.018720 0.011709
v -0.016706 0.018720 0.010849
v -0.017251 0.018720 0.009960
v -0.017749 0.018720 0.009043
v -0.018198 0.018720 0.008102
v -0.018597 0.018720 0.007139
v -0.018945 0.018720 0.006156
v -0.019241 0.018720 0.005156
v -0.019485 0.018720 0.004142
v -0.019675 0.018720 0.003116
v -0.019811 0.018720 0.002082
v -0.019893 0.018720 0.001043
v -0.019920 0.018720 0.000000
v -0.019893 0.018720 -0.001043
v -0.019811 0.018720 -0.002082
v -0.019675 0.018720 -0.003116
v -0.019485 0.018720 -0.004142
v -0.019241 0.018720 -0.005156
v -0.018945 0.018720 -0.006156
v -0.018597 0.018720 -0.007139
v -0.018198 0.018720 -0.008102
v -0.017749 0.018720 -0.009043
v -0.017251 0.018720 -0.009960
v -0.016706 0.018720 -0.010849
v -0.016116 0.018720 -0.011709
v -0.015481 0.018720 -0.012536
v -0.014803 0.018720 -0.013329
v -0.014086 0.018720 -0.014086
v -0.013329 0.018720 -0.014803
v -0.012536 0.018720 -0.015481
v -0.011709 0.018720 -0.016116
v -0.010849 0.018720 -0.016706
v -0.009960 0.018720 -0.017251
v -0.009043 0.018720 -0.017749
v -0.008102 0.018720 -0.018198
v -0.007139 0.018720 -0.018597
v -0.006156 0.018720 -0.018945
v -0.005156 0.018720 -0.019241
v -0.004142 0.018720 -0.019485
v -0.003116 0.018720 -0.019675
v -0.002082 0.018720 -0.019811
v -0.001043 0.018720 -0.019893
v -0.000000 0.018720 -0.019920
v 0.001043 0.018720 -0.019893
v 0.002082 0.018720 -0.019811
v 0.003116 0.018720 -0.019675
v 0.004142 0.018720 -0.019485
v 0.005156 0.018720 -0.019241
v 0.006156 0.018720 -0.018945
v 0.007139 0.018720 -0.018597
v 0.008102 0.018720 -0.018198
v 0.009043 0.018720 -0.017749
v 0.009960 0.018720 -0.017251
v 0.010849 0.018720 -0.016706
v 0.011709 0.018720 -0.016116
v 0.012536 0.018720 -0.015481
v 0.013329 0.018720 -0.014803
v 0.014086 0.018720 -0.014086
v 0.014803 0.018720 -0.013329
v 0.015481 0.018720 -0.012536
v 0.016116 0.018720 -0.011709
v 0.016706 0.018720 -0.010849
v 0.017251 0.018720 -0.009960
v 0.017749 0.018720 -0.009043
v 0.018198 0.018720 -0.008102
v 0.018597 0.018720 -0.007139
v 0.018945 0.018720 -0.006156
v 0.019241 0.018720 -0.005156
v 0.019485 0.018720 -0.004142
v 0.019675 0.018720 -0.003116
v 0.019811 0.018720 -0.002082
v 0.019893 0.018720 -0.001043
v 0.018359 0.018409 0.000000
v 0.018333 0.018409 0.000961
v 0.018258 0.018409 0.001919
v 0.018133 0.018409 0.002872
v 0.017957 0.018409 0.003817
v 0.017733 0.018409 0.004752
v 0.017460 0.018409 0.005673
v 0.017139 0.018409 0.006579
v 0.016771 0.018409 0.007467
v 0.016358 0.018409 0.008335
v 0.015899 0.018409 0.009179
v 0.015397 0.018409 0.009999
v 0.014852 0.018409 0.010791
v 0.014267 0.018409 0.011553
v 0.013643 0.018409 0.012284
v 0.012982 0.018409 0.012982
v 0.012284 0.018409 0.013643
v 0.011553 0.018409 0.014267
v 0.010791 0.018409 0.014852
v 0.009999 0.018409 0.015397
v 0.009179 0.018409 0.015899
v 0.008335 0.018409 0.016358
v 0.007467 0.018409 0.016771
v 0.006579 0.018409 0.017139
v 0.005673 0.018409 0.017460
v 0.004752 0.018409 0.017733
v 0.003817 0.018409 0.017957
v 0.002872 0.018409 0.018133
v 0.001919 0.018409 0.018258
v 0.000961 0.018409 0.018333
v 0.000000 0.018409 0.018359
v -0.000961 0.018409 0.018333
v -0.001919 0.018409 0.018258
v -0.002872 0.018409 0.018133
v -0.003817 0.018409 0.017957
v -0.004752 0.018409 0.017733
v -0.005673 0.018409 0.017460
v -0.006579 0.018409 0.017139
v -0.007467 0.018409 0.016771
v -0.008335 0.018409 0.016358
v -0.009179 0.018409 0.015899
v -0.009999 0.018409 0.015397
v -0.010791 0.018409 0.014852
v -0.011553 0.018409 0.014267
v -0.012284 0.018409 0.013643
v -0.012982 0.018409 0.012982
v -0.013643 0.018409 0.012284
v -0.014267 0.018409 0.011553
v -0.014852 0.018409 0.010791
v -0.015397 0.018409 0.009999
v -0.015899 0.018409 0.009179
v -0.016358 0.018409 0.008335
v -0.016771 0.018409 0.007467
v -0.017139 0.018409 0.006579
v -0.017460 0.018409 0.005673
v -0.017733 0.018409 0.004752
v -0.017957 0.018409 0.003817
v -0.018133 0.018409 0.002872
v -0.018258 0.018409 0.001919
v -0.018333 0.018409 0.000961
v -0.018359 0.018409 0.000000
v -0.018333 0.018409 -0.000961
v -0.018258 0.018409 -0.001919
v -0.018133 0.018409 -0.002872
v -0.017957 0.018409 -0.003817
v -0.017733 0.018409 -0.004752
v -0.017460 0.018409 -0.005673
v -0.017139 0.018409 -0.006579
v -0.016771 0.018409 -0.007467
v -0.016358 0.018409 -0.008335
v -0.015899 0.018409 -0.009179
v -0.015397 0.018409 -0.009999
v -0.014852 0.018409 -0.010791
v -0.014267 0.018409 -0.011553
v -0.013643 0.018409 -0.012284
v -0.012982 0.018409 -0.012982
v -0.012284 0.018409 -0.013643
v -0.011553 0.018409 -0.014267
v -0.010791 0.018409 -0.014852
v -0.009999 0.018409 -0.015397
v -0.009179 0.018409 -0.015899
v -0.008335 0.018409 -0.016358
v -0.007467 0.018409 -0.016771
v -0.006579 0.018409 -0.017139
v -0.005673 0.018409 -0.017460
v -0.004752 0.018409 -0.017733
v -0.003817 0.018409 -0.017957
v -0.002872 0.018409 -0.018133
v -0.001919 0.018409 -0.018258
v -0.000961 0.018409 -0.018333
v -0.000000 0.018409 -0.018359
v 0.000961 0.018409 -0.018333
v 0.001919 0.018409 -0.018258
v 0.002872 0.018409 -0.018133
v 0.003817 0.018409 -0.017957
v 0.004752 0.018409 -0.017733
v 0.005673 0.018409 -0.017460
v 0.006579 0.018409 -0.017139
v 0.007467 0.018409 -0.016771
v 0.008335 0.018409 -0.016358
v 0.009179 0.018409 -0.015899
v 0.009999 0.018409 -0.015397
v 0.010791 0.018409 -0.014852
v 0.011553 0.018409 -0.014267
v 0.012284 0.018409 -0.013643
v 0.012982 0.018409 -0.012982
v 0.013643 0.018409 -0.012284
v 0.014267 0.018409 -0.011553
v 0.014852 0.018409 -0.010791
v 0.015397 0.018409 -0.009999
v 0.015899 0.018409 -0.009179
v 0.016358 0.018409 -0.008335
v 0.016771 0.018409 -0.007467
v 0.017139 0.018409 -0.006579
v 0.017460 0.018409 -0.005673
v 0.017733 0.018409 -0.004752
v 0.017957 0.018409 -0.003817
v 0.018133 0.018409 -0.002872
v 0.018258 0.018409 -0.001919
v 0.018333 0.018409 -0.000961
v 0.017035 0.017525 0.000000
v 0.017012 0.017525 0.000892
v 0.016942 0.017525 0.001781
v 0.016825 0.017525 0.002665
v 0.016663 0.017525 0.003542
v 0.016455 0.017525 0.004409
v 0.016201 0.017525 0.005264
v 0.015904 0.017525 0.006105
v 0.015562 0.017525 0.006929
v 0.015178 0.017525 0.007734
v 0.014753 0.017525 0.008518
v 0.014287 0.017525 0.009278
v 0.013782 0.017525 0.010013
v 0.013239 0.017525 0.010720
v 0.012659 0.017525 0.011399
v 0.012046 0.017525 0.012046
v 0.011399 0.017525 0.012659
v 0.010720 0.017525 0.013239
v 0.010013 0.017525 0.013782
v 0.009278 0.017525 0.014287
v 0.008518 0.017525 0.014753
v 0.007734 0.017525 0.015178
v 0.006929 0.017525 0.015562
v 0.006105 0.017525 0.015904
v 0.005264 0.017525 0.016201
v 0.004409 0.017525 0.016455
v 0.003542 0.017525 0.016663
v 0.002665 0.017525 0.016825
v 0.001781 0.017525 0.016942
v 0.000892 0.017525 0.017012
v 0.000000 0.017525 0.017035
v -0.000892 0.017525 0.017012
v -0.001781 0.017525 0.016942
v -0.002665 0.017525 0.016825
v -0.003542 0.017525 0.016663
v -0.004409 0.017525 0.016455
v -0.005264 0.017525 0.016201
v -0.006105 0.017525 0.015904
v -0.006929 0.017525 0.015562
v -0.007734 0.017525 0.015178
v -0.008518 0.017525 0.014753
v -0.009278 0.017525 0.014287
v -0.010013 0.017525 0.013782
v -0.010720 0.017525 0.013239
v -0.011399 0.017525 0.012659
v -0.012046 0.017525 0.012046
v -0.012659 0.017525 0.011399
v -0.013239 0.017525 0.010720
v -0.013782 0.017525 0.010013
v -0.014287 0.017525 0.009278
v -0.014753 0.017525 0.008518
v -0.015178 0.017525 0.007734
v -0.015562 0.017525 0.006929
v -0.015904 0.017525 0.006105
v -0.016201 0.017525 0.005264
v -0.016455 0.017525 0.004409
v -0.016663 0.017525 0.003542
v -0.016825 0.017525 0.002665
v -0.016942 0.017525 0.001781
v -0.017012 0.017525 0.000892
v -0.017035 0.017525 0.000000
v -0.017012 0.017525 -0.000892
v -0.016942 0.017525 -0.001781
v -0.016825 0.017525 -0.002665
v -0.016663 0.017525 -0.003542
v -0.016455 0.017525 -0.004409
v -0.016201 0.017525 -0.005264
v -0.015904 0.017525 -0.006105
v -0.015562 0.017525 -0.006929
v -0.015178 0.017525 -0.007734
v -0.014753 0.017525 -0.008518
v -0.014287 0.017525 -0.009278
v -0.013782 0.017525 -0.010013
v -0.013239 0.017525 -0.010720
v -0.012659 0.017525 -0.011399
v -0.012046 0.017525 -0.012046
v -0.011399 0.017525 -0.012659
v -0.010720 0.017525 -0.013239
v -0.010013 0.017525 -0.013782
v -0.009278 0.017525 -0.014287
v -0.008518 0.017525 -0.014753
v -0.007734 0.017525 -0.015178
v -0.006929 0.017525 -0.015562
v -0.006105 0.017525 -0.015904
v -0.005264 0.017525 -0.016201
v -0.004409 0.017525 -0.016455
v -0.003542 0.017525 -0.016663
v -0.002665 0.017525 -0.016825
v -0.001781 0.017525 -0.016942
v -0.000892 0.017525 -0.017012
v -0.000000 0.017525 -0.017035
v 0.000892 0.017525 -0.017012
v 0.001781 0.017525 -0.016942
v 0.002665 0.017525 -0.016825
v 0.003542 0.017525 -0.016663
v 0.004409 0.017525 -0.016455
v 0.005264 0.017525 -0.016201
v 0.006105 0.017525 -0.015904
v 0.006929 0.017525 -0.015562
v 0.007734 0.017525 -0.015178
v 0.008518 0.017525 -0.014753
v 0.009278 0.017525 -0.014287
v 0.010013 0.017525 -0.013782
v 0.010720 0.017525 -0.013239
v 0.011399 0.017525 -0.012659
v 0.012046 0.017525 -0.012046
v 0.012659 0.017525 -0.011399
v 0.013239 0.017525 -0.010720
v 0.013782 0.017525 -0.010013
v 0.014287 0.017525 -0.009278
v 0.014753 0.017525 -0.008518
v 0.015178 0.017525 -0.007734
v 0.015562 0.017525 -0.006929
v 0.015904 0.017525 -0.006105
v 0.016201 0.017525 -0.005264
v 0.016455 0.017525 -0.004409
v 0.016663 0.017525 -0.003542
v 0.016825 0.017525 -0.002665
v 0.016942 0.017525 -0.001781
v 0.017012 0.017525 -0.000892
v 0.016151 0.016201 0.000000
v 0.016128 0.016201 0.000845
v 0.016062 0.016201 0.001688
v 0.015952 0.016201 0.002527
v 0.015798 0.016201 0.003358
v 0.015600 0.016201 0.004180
v 0.015360 0.016201 0.004991
v 0.015078 0.016201 0.005788
v 0.014754 0.016201 0.006569
v 0.014390 0.016201 0.007332
v 0.013987 0.016201 0.008075
v 0.013545 0.016201 0.008796
v 0.013066 0.016201 0.009493
v 0.012551 0.016201 0.010164
v 0.012002 0.016201 0.010807
v 0.011420 0.016201 0.011420
v 0.010807 0.016201 0.012002
v 0.010164 0.016201 0.012551
v 0.009493 0.016201 0.013066
v 0.008796 0.016201 0.013545
v 0.008075 0.016201 0.013987
v 0.007332 0.016201 0.014390
v 0.006569 0.016201 0.014754
v 0.005788 0.016201 0.015078
v 0.004991 0.016201 0.015360
v 0.004180 0.016201 0.015600
v 0.003358 0.016201 0.015798
v 0.002527 0.016201 0.015952
v 0.001688 0.016201 0.016062
v 0.000845 0.016201 0.016128
v 0.000000 0.016201 0.016151
v -0.000845 0.016201 0.016128
v -0.001688 0.016201 0.016062
v -0.002527 0.016201 0.015952
v -0.003358 0.016201 0.015798
v -0.004180 0.016201 0.015600
v -0.004991 0.016201 0.015360
v -0.005788 0.016201 0.015078
v -0.006569 0.016201 0.014754
v -0.007332 0.016201 0.014390
v -0.008075 0.016201 0.013987
v -0.008796 0.016201 0.013545
v -0.009493 0.016201 0.013066
v -0.010164 0.016201 0.012551
v -0.010807 0.016201 0.012002
v -0.011420 0.016201 0.011420
v -0.012002 0.016201 0.010807
v -0.012551 0.016201 0.010164
v -0.013066 0.016201 0.009493
v -0.013545 0.016201 0.008796
v -0.013987 0.016201 0.008075
v -0.014390 0.016201 0.007332
v -0.014754 0.016201 0.006569
v -0.015078 0.016201 0.005788
v -0.015360 0.016201 0.004991
v -0.015600 0.016201 0.004180
v -0.015798 0.016201 0.003358
v -0.015952 0.016201 0.002527
v -0.016062 0.016201 0.001688
v -0.016128 0.016201 0.000845
v -0.016151 0.016201 0.000000
v -0.016128 0.016201 -0.000845
v -0.016062 0.016201 -0.001688
v -0.015952 0.016201 -0.002527
v -0.015798 0.016201 -0.003358
v -0.015600 0.016201 -0.004180
v -0.015360 0.016201 -0.004991
v -0.015078 0.016201 -0.005788
v -0.014754 0.016201 -0.006569
v -0.014390 0.016201 -0.007332
v -0.013987 0.016201 -0.008075
v -0.013545 0.016201 -0.008796
v -0.013066 0.016201 -0.009493
v -0.012551 0.016201 -0.010164
v -0.012002 0.016201 -0.010807
v -0.011420 0.016201 -0.011420
v -0.010807 0.016201 -0.012002
v -0.010164 0.016201 -0.012551
v -0.009493 0.016201 -0.013066
v -0.008796 0.016201 -0.013545
v -0.008075 0.016201 -0.013987
v -0.007332 0.016201 -0.014390
v -0.006569 0.016201 -0.014754
v -0.005788 0.016201 -0.015078
v -0.004991 0.016201 -0.015360
v -0.004180 0.016201 -0.015600
v -0.003358 0.016201 -0.015798
v -0.002527 0.016201 -0.015952
v -0.001688 0.016201 -0.016062
v -0.000845 0.016201 -0.016128
v -0.000000 0.016201 -0.016151
v 0.000845 0.016201 -0.016128
v 0.001688 0.016201 -0.016062
v 0.002527 0.016201 -0.015952
v 0.003358 0.016201 -0.015798
v 0.004180 0.016201 -0.015600
v 0.004991 0.016201 -0.015360
v 0.005788 0.016201 -0.015078
v 0.006569 0.016201 -0.014754
v 0.007332 0.016201 -0.014390
v 0.008075 0.016201 -0.013987
v 0.008796 0.016201 -0.013545
v 0.009493 0.016201 -0.013066
v 0.010164 0.016201 -0.012551
v 0.010807 0.016201 -0.012002
v 0.011420 0.016201 -0.011420
v 0.012002 0.016201 -0.010807
v 0.012551 0.016201 -0.010164
v 0.013066 0.016201 -0.009493
v 0.013545 0.016201 -0.008796
v 0.013987 0.016201 -0.008075
v 0.014390 0.016201 -0.007332
v 0.014754 0.016201 -0.006569
v 0.015078 0.016201 -0.005788
v 0.015360 0.016201 -0.004991
v 0.015600 0.016201 -0.004180
v 0.015798 0.016201 -0.003358
v 0.015952 0.016201 -0.002527
v 0.016062 0.016201 -0.001688
v 0.016128 0.016201 -0.000845
v 0.015840 0.014640 0.000000
v 0.015818 0.014640 0.000829
v 0.015753 0.014640 0.001656
v 0.015645 0.014640 0.002478
v 0.015494 0.014640 0.003293
v 0.015300 0.014640 0.004100
v 0.015065 0.014640 0.004895
v 0.014788 0.014640 0.005677
v 0.014471 0.014640 0.006443
v 0.014114 0.014640 0.007191
v 0.013718 0.014640 0.007920
v 0.013285 0.014640 0.008627
v 0.012815 0.014640 0.009311
v 0.012310 0.014640 0.009968
v 0.011771 0.014640 0.010599
v 0.011201 0.014640 0.011201
v 0.010599 0.014640 0.011771
v 0.009968 0.014640 0.012310
v 0.009311 0.014640 0.012815
v 0.008627 0.014640 0.013285
v 0.007920 0.014640 0.013718
v 0.007191 0.014640 0.014114
v 0.006443 0.014640 0.014471
v 0.005677 0.014640 0.014788
v 0.004895 0.014640 0.015065
v 0.004100 0.014640 0.015300
v 0.003293 0.014640 0.015494
v 0.002478 0.014640 0.015645
v 0.001656 0.014640 0.015753
v 0.000829 0.014640 0.015818
v 0.000000 0.014640 0.015840
v -0.000829 0.014640 0.015818
v -0.001656 0.014640 0.015753
v -0.002478 0.014640 0.015645
v -0.003293 0.014640 0.015494
v -0.004100 0.014640 0.015300
v -0.004895 0.014640 0.015065
v -0.005677 0.014640 0.014788
v -0.006443 0.014640 0.014471
v -0.007191 0.014640 0.014114
v -0.007920 0.014640 0.013718
v -0.008627 0.014640 0.013285
v -0.009311 0.014640 0.012815
v -0.009968 0.014640 0.012310
v -0.010599 0.014640 0.011771
v -0.011201 0.014640 0.011201
v -0.011771 0.014640 0.010599
v -0.012310 0.014640 0.009968
v -0.012815 0.014640 0.009311
v -0.013285 0.014640 0.008627
v -0.013718 0.014640 0.007920
v -0.014114 0.014640 0.007191
v -0.014471 0.014640 0.006443
v -0.014788 0.014640 0.005677
v -0.015065 0.014640 0.004895
v -0.015300 0.014640 0.004100
v -0.015494 0.014640 0.003293
v -0.015645 0.014640 0.002478
v -0.015753 0.014640 0.001656
v -0.015818 0.014640 0.000829
v -0.015840 0.014640 0.000000
v -0.015818 0.014640 -0.000829
v -0.015753 0.014640 -0.001656
v -0.015645 0.014640 -0.002478
v -0.015494 0.014640 -0.003293
v -0.015300 0.014640 -0.004100
v -0.015065 0.014640 -0.004895
v -0.014788 0.014640 -0.005677
v -0.014471 0.014640 -0.006443
v -0.014114 0.014640 -0.007191
v -0.013718 0.014640 -0.007920
v -0.013285 0.014640 -0.008627
v -0.012815 0.014640 -0.009311
v -0.012310 0.014640 -0.009968
v -0.011771 0.014640 -0.010599
v -0.011201 0.014640 -0.011201
v -0.010599 0.014640 -0.011771
v -0.009968 0.014640 -0.012310
v -0.009311 0.014640 -0.012815
v -0.008627 0.014640 -0.013285
v -0.007920 0.014640 -0.013718
v -0.007191 0.014640 -0.014114
v -0.006443 0.014640 -0.014471
v -0.005677 0.014640 -0.014788
v -0.004895 0.014640 -0.015065
v -0.004100 0.014640 -0.015300
v -0.003293 0.014640 -0.015494
v -0.002478 0.014640 -0.015645
v -0.001656 0.014640 -0.015753
v -0.000829 0.014640 -0.015818
v -0.000000 0.014640 -0.015840
v 0.000829 0.014640 -0.015818
v 0.001656 0.014640 -0.015753
v 0.002478 0.014640 -0.015645
v 0.003293 0.014640 -0.015494
v 0.004100 0.014640 -0.015300
v 0.004895 0.014640 -0.015065
v 0.005677 0.014640 -0.014788
v 0.006443 0.014640 -0.014471
v 0.007191 0.014640 -0.014114
v 0.007920 0.014640 -0.013718
v 0.008627 0.014640 -0.013285
v 0.009311 0.014640 -0.012815
v 0.009968 0.014640 -0.012310
v 0.010599 0.014640 -0.011771
v 0.011201 0.014640 -0.011201
v 0.011771 0.014640 -0.010599
v 0.012310 0.014640 -0.009968
v 0.012815 0.014640 -0.009311
v 0.013285 0.014640 -0.008627
v 0.013718 0.014640 -0.007920
v 0.014114 0.014640 -0.007191
v 0.014471 0.014640 -0.006443
v 0.014788 0.014640 -0.005677
v 0.015065 0.014640 -0.004895
v 0.015300 0.014640 -0.004100
v 0.015494 0.014640 -0.003293
v 0.015645 0.014640 -0.002478
v 0.015753 0.014640 -0.001656
v 0.015818 0.014640 -0.000829
v 0.016151 0.013079 0.000000
v 0.016128 0.013079 0.000845
v 0.016062 0.013079 0.001688
v 0.015952 0.013079 0.002527
v 0.015798 0.013079 0.003358
v 0.015600 0.013079 0.004180
v 0.015360 0.013079 0.004991
v 0.015078 0.013079 0.005788
v 0.014754 0.013079 0.006569
v 0.014390 0.013079 0.007332
v 0.013987 0.013079 0.008075
v 0.013545 0.013079 0.008796
v 0.013066 0.013079 0.009493
v 0.012551 0.013079 0.010164
v 0.012002 0.013079 0.010807
v 0.011420 0.013079 0.011420
v 0.010807 0.013079 0.012002
v 0.010164 0.013079 0.012551
v 0.009493 0.013079 0.013066
v 0.008796 0.013079 0.013545
v 0.008075 0.013079 0.013987
v 0.007332 0.013079 0.014390
v 0.006569 0.013079 0.014754
v 0.005788 0.013079 0.015078
v 0.004991 0.013079 0.015360
v 0.004180 0.013079 0.015600
v 0.003358 0.013079 0.015798
v 0.002527 0.013079 0.015952
v 0.001688 0.013079 0.016062
v 0.000845 0.013079 0.016128
v 0.000000 0.013079 0.016151
v -0.000845 0.013079 0.016128
v -0.001688 0.013079 0.016062
v -0.002527 0.013079 0.015952
v -0.003358 0.013079 0.015798
v -0.004180 0.013079 0.015600
v -0.004991 0.013079 0.015360
v -0.005788 0.013079 0.015078
v -0.006569 0.013079 0.014754
v -0.007332 0.013079 0.014390
v -0.008075 0.013079 0.013987
v -0.008796 0.013079 0.013545
v -0.009493 0.013079 0.013066
v -0.010164 0.013079 0.012551
v -0.010807 0.013079 0.012002
v -0.011420 0.013079 0.011420
v -0.012002 0.013079 0.010807
v -0.012551 0.013079 0.010164
v -0.013066 0.013079 0.009493
v -0.013545 0.013079 0.008796
v -0.013987 0.013079 0.008075
v -0.014390 0.013079 0.007332
v -0.014754 0.013079 0.006569
v -0.015078 0.013079 0.005788
v -0.015360 0.013079 0.004991
v -0.015600 0.013079 0.004180
v -0.015798 0.013079 0.003358
v -0.015952 0.013079 0.002527
v -0.016062 0.013079 0.001688
v -0.016128 0.013079 0.000845
v -0.016151 0.013079 0.000000
v -0.016128 0.013079 -0.000845
v -0.016062 0.013079 -0.001688
v -0.015952 0.013079 -0.002527
v -0.015798 0.013079 -0.003358
v -0.015600 0.013079 -0.004180
v -0.015360 0.013079 -0.004991
v -0.015078 0.013079 -0.005788
v -0.014754 0.013079 -0.006569
v -0.014390 0.013079 -0.007332
v -0.013987 0.013079 -0.008075
v -0.013545 0.013079 -0.008796
v -0.013066 0.013079 -0.009493
v -0.012551 0.013079 -0.010164
v -0.012002 0.013079 -0.010807
v -0.011420 0.013079 -0.011420
v -0.010807 0.013079 -0.012002
v -0.010164 0.013079 -0.012551
v -0.009493 0.013079 -0.013066
v -0.008796 0.013079 -0.013545
v -0.008075 0.013079 -0.013987
v -0.007332 0.013079 -0.014390
v -0.006569 0.013079 -0.014754
v -0.005788 0.013079 -0.015078
v -0.004991 0.013079 -0.015360
v -0.004180 0.013079 -0.015600
v -0.003358 0.013079 -0.015798
v -0.002527 0.013079 -0.015952
v -0.001688 0.013079 -0.016062
v -0.000845 0.013079 -0.016128
v -0.000000 0.013079 -0.016151
v 0.000845 0.013079 -0.016128
v 0.001688 0.013079 -0.016062
v 0.002527 0.013079 -0.015952
v 0.003358 0.013079 -0.015798
v 0.004180 0.013079 -0.015600
v 0.004991 0.013079 -0.015360
v 0.005788 0.013079 -0.015078
v 0.006569 0.013079 -0.014754
v 0.007332 0.013079 -0.014390
v 0.008075 0.013079 -0.013987
v 0.008796 0.013079 -0.013545
v 0.009493 0.013079 -0.013066
v 0.010164 0.013079 -0.012551
v 0.010807 0.013079 -0.012002
v 0.011420 0.013079 -0.011420
v 0.012002 0.013079 -0.010807
v 0.012551 0.013079 -0.010164
v 0.013066 0.013079 -0.009493
v 0.013545 0.013079 -0.008796
v 0.013987 0.013079 -0.008075
v 0.014390 0.013079 -0.007332
v 0.014754 0.013079 -0.006569
v 0.015078 0.013079 -0.005788
v 0.015360 0.013079 -0.004991
v 0.015600 0.013079 -0.004180
v 0.015798 0.013079 -0.003358
v 0.015952 0.013079 -0.002527
v 0.016062 0.013079 -0.001688
v 0.016128 0.013079 -0.000845
v 0.017035 0.011755 0.000000
v 0.017012 0.011755 0.000892
v 0.016942 0.011755 0.001781
v 0.016825 0.011755 0.002665
v 0.016663 0.011755 0.003542
v 0.016455 0.011755 0.004409
v 0.016201 0.011755 0.005264
v 0.015904 0.011755 0.006105
v 0.015562 0.011755 0.006929
v 0.015178 0.011755 0.007734
v 0.014753 0.011755 0.008518
v 0.014287 0.011755 0.009278
v 0.013782 0.011755 0.010013
v 0.013239 0.011755 0.010720
v 0.012659 0.011755 0.011399
v 0.012046 0.011755 0.012046
v 0.011399 0.011755 0.012659
v 0.010720 0.011755 0.013239
v 0.010013 0.011755 0.013782
v 0.009278 0.011755 0.014287
v 0.008518 0.011755 0.014753
v 0.007734 0.011755 0.015178
v 0.006929 0.011755 0.015562
v 0.006105 0.011755 0.015904
v 0.005264 0.011755 0.016201
v 0.004409 0.011755 0.016455
v 0.003542 0.011755 0.016663
v 0.002665 0.011755 0.016825
v 0.001781 0.011755 0.016942
v 0.000892 0.011755 0.017012
v 0.000000 0.011755 0.017035
v -0.000892 0.011755 0.017012
v -0.001781 0.011755 0.016942
v -0.002665 0.011755 0.016825
v -0.003542 0.011755 0.016663
v -0.004409 0.011755 0.016455
v -0.005264 0.011755 0.016201
v -0.006105 0.011755 0.015904
v -0.006929 0.011755 0.015562
v -0.007734 0.011755 0.015178
v -0.008518 0.011755 0.014753
v -0.009278 0.011755 0.014287
v -0.010013 0.011755 0.013782
v -0.010720 0.011755 0.013239
v -0.011399 0.011755 0.012659
v -0.012046 0.011755 0.012046
v -0.012659 0.011755 0.011399
v -0.013239 0.011755 0.010720
v -0.013782 0.011755 0.010013
v -0.014287 0.011755 0.009278
v -0.014753 0.011755 0.008518
v -0.015178 0.011755 0.007734
v -0.015562 0.011755 0.006929
v -0.015904 0.011755 0.006105
v -0.016201 0.011755 0.005264
v -0.016455 0.011755 0.004409
v -0.016663 0.011755 0.003542
v -0.016825 0.011755 0.002665
v -0.016942 0.011755 0.001781
v -0.017012 0.011755 0.000892
v -0.017035 0.011755 0.000000
v -0.017012 0.011755 -0.000892
v -0.016942 0.011755 -0.001781
v -0.016825 0.011755 -0.002665
v -0.016663 0.011755 -0.003542
v -0.016455 0.011755 -0.004409
v -0.016201 0.011755 -0.005264
v -0.015904 0.011755 -0.006105
v -0.015562 0.011755 -0.006929
v -0.015178 0.011755 -0.007734
v -0.014753 0.011755 -0.008518
v -0.014287 0.011755 -0.009278
v -0.013782 0.011755 -0.010013
v -0.013239 0.011755 -0.010720
v -0.012659 0.011755 -0.011399
v -0.012046 0.011755 -0.012046
v -0.011399 0.011755 -0.012659
v -0.010720 0.011755 -0.013239
v -0.010013 0.011755 -0.013782
v -0.009278 0.011755 -0.014287
v -0.008518 0.011755 -0.014753
v -0.007734 0.011755 -0.015178
v -0.006929 0.011755 -0.015562
v -0.006105 0.011755 -0.015904
v -0.005264 0.011755 -0.016201
v -0.004409 0.011755 -0.016455
v -0.003542 0.011755 -0.016663
v -0.002665 0.011755 -0.016825
v -0.001781 0.011755 -0.016942
v -0.000892 0.011755 -0.017012
v -0.000000 0.011755 -0.017035
v 0.000892 0.011755 -0.017012
v 0.001781 0.011755 -0.016942
v 0.002665 0.011755 -0.016825
v 0.003542 0.011755 -0.016663
v 0.004409 0.011755 -0.016455
v 0.005264 0.011755 -0.016201
v 0.006105 0.011755 -0.015904
v 0.006929 0.011755 -0.015562
v 0.007734 0.011755 -0.015178
v 0.008518 0.011755 -0.014753
v 0.009278 0.011755 -0.014287
v 0.010013 0.011755 -0.013782
v 0.010720 0.011755 -0.013239
v 0.011399 0.011755 -0.012659
v 0.012046 0.011755 -0.012046
v 0.012659 0.011755 -0.011399
v 0.013239 0.011755 -0.010720
v 0.013782 0.011755 -0.010013
v 0.014287 0.011755 -0.009278
v 0.014753 0.011755 -0.008518
v 0.015178 0.011755 -0.007734
v 0.015562 0.011755 -0.006929
v 0.015904 0.011755 -0.006105
v 0.016201 0.011755 -0.005264
v 0.016455 0.011755 -0.004409
v 0.016663 0.011755 -0.003542
v 0.016825 0.011755 -0.002665
v 0.016942 0.011755 -0.001781
v 0.017012 0.011755 -0.000892
v 0.018359 0.010871 0.000000
v 0.018333 0.010871 0.000961
v 0.018258 0.010871 0.001919
v 0.018133 0.010871 0.002872
v 0.017957 0.010871 0.003817
v 0.017733 0.010871 0.004752
v 0.017460 0.010871 0.005673
v 0.017139 0.010871 0.006579
v 0.016771 0.010871 0.007467
v 0.016358 0.010871 0.008335
v 0.015899 0.010871 0.009179
v 0.015397 0.010871 0.009999
v 0.014852 0.010871 0.010791
v 0.014267 0.010871 0.011553
v 0.013643 0.010871 0.012284
v 0.012982 0.010871 0.012982
v 0.012284 0.010871 0.013643
v 0.011553 0.010871 0.014267
v 0.010791 0.010871 0.014852
v 0.009999 0.010871 0.015397
v 0.009179 0.010871 0.015899
v 0.008335 0.010871 0.016358
v 0.007467 0.010871 0.016771
v 0.006579 0.010871 0.017139
v 0.005673 0.010871 0.017460
v 0.004752 0.010871 0.017733
v 0.003817 0.010871 0.017957
v 0.002872 0.010871 0.018133
v 0.001919 0.010871 0.018258
v 0.000961 0.010871 0.018333
v 0.000000 0.010871 0.018359
v -0.000961 0.010871 0.018333
v -0.001919 0.010871 0.018258
v -0.002872 0.010871 0.018133
v -0.003817 0.010871 0.017957
v -0.004752 0.010871 0.017733
v -0.005673 0.010871 0.017460
v -0.006579 0.010871 0.017139
v -0.007467 0.010871 0.016771
v -0.008335 0.010871 0.016358
v -0.009179 0.010871 0.015899
v -0.009999 0.010871 0.015397
v -0.010791 0.010871 0.014852
v -0.011553 0.010871 0.014267
v -0.012284 0.010871 0.013643
v -0.012982 0.010871 0.012982
v -0.013643 0.010871 0.012284
v -0.014267 0.010871 0.011553
v -0.014852 0.010871 0.010791
v -0.015397 0.010871 0.009999
v -0.015899 0.010871 0.009179
v -0.016358 0.010871 0.008335
v -0.016771 0.010871 0.007467
v -0.017139 0.010871 0.006579
v -0.017460 0.010871 0.005673
v -0.017733 0.010871 0.004752
v -0.017957 0.010871 0.003817
v -0.018133 0.010871 0.002872
v -0.018258 0.010871 0.001919
v -0.018333 0.010871 0.000961
v -0.018359 0.010871 0.000000
v -0.018333 0.010871 -0.000961
v -0.018258 0.010871 -0.001919
v -0.018133 0.010871 -0.002872
v -0.017957 0.010871 -0.003817
v -0.017733 0.010871 -0.004752
v -0.017460 0.010871 -0.005673
v -0.017139 0.010871 -0.006579
v -0.016771 0.010871 -0.007467
v -0.016358 0.010871 -0.008335
v -0.015899 0.010871 -0.009179
v -0.015397 0.010871 -0.009999
v -0.014852 0.010871 -0.010791
v -0.014267 0.010871 -0.011553
v -0.013643 0.010871 -0.012284
v -0.012982 0.010871 -0.012982
v -0.012284 0.010871 -0.013643
v -0.011553 0.010871 -0.014267
v -0.010791 0.010871 -0.014852
v -0.009999 0.010871 -0.015397
v -0.009179 0.010871 -0.015899
v -0.008335 0.010871 -0.016358
v -0.007467 0.010871 -0.016771
v -0.006579 0.010871 -0.017139
v -0.005673 0.010871 -0.017460
v -0.004752 0.010871 -0.017733
v -0.003817 0.010871 -0.017957
v -0.002872 0.010871 -0.018133
v -0.001919 0.010871 -0.018258
v -0.000961 0.010871 -0.018333
v -0.000000 0.010871 -0.018359
v 0.000961 0.010871 -0.018333
v 0.001919 0.010871 -0.018258
v 0.002872 0.010871 -0.018133
v 0.003817 0.010871 -0.017957
v 0.004752 0.010871 -0.017733
v 0.005673 0.010871 -0.017460
v 0.006579 0.010871 -0.017139
v 0.007467 0.010871 -0.016771
v 0.008335 0.010871 -0.016358
v 0.009179 0.010871 -0.015899
v 0.009999 0.010871 -0.015397
v 0.010791 0.010871 -0.014852
v 0.011553 0.010871 -0.014267
v 0.012284 0.010871 -0.013643
v 0.012982 0.010871 -0.012982
v 0.013643 0.010871 -0.012284
v 0.014267 0.010871 -0.011553
v 0.014852 0.010871 -0.010791
v 0.015397 0.010871 -0.009999
v 0.015899 0.010871 -0.009179
v 0.016358 0.010871 -0.008335
v 0.016771 0.010871 -0.007467
v 0.017139 0.010871 -0.006579
v 0.017460 0.010871 -0.005673
v 0.017733 0.010871 -0.004752
v 0.017957 0.010871 -0.003817
v 0.018133 0.010871 -0.002872
v 0.018258 0.010871 -0.001919
v 0.018333 0.010871 -0.000961
v 0.019920 0.010560 0.000000
v 0.019893 0.010560 0.001043
v 0.019811 0.010560 0.002082
v 0.019675 0.010560 0.003116
v 0.019485 0.010560 0.004142
v 0.019241 0.010560 0.005156
v 0.018945 0.010560 0.006156
v 0.018597 0.010560 0.007139
v 0.018198 0.010560 0.008102
v 0.017749 0.010560 0.009043
v 0.017251 0.010560 0.009960
v 0.016706 0.010560 0.010849
v 0.016116 0.010560 0.011709
v 0.015481 0.010560 0.012536
v 0.014803 0.010560 0.013329
v 0.014086 0.010560 0.014086
v 0.013329 0.010560 0.014803
v 0.012536 0.010560 0.015481
v 0.011709 0.010560 0.016116
v 0.010849 0.010560 0.016706
v 0.009960 0.010560 0.017251
v 0.009043 0.010560 0.017749
v 0.008102 0.010560 0.018198
v 0.007139 0.010560 0.018597
v 0.006156 0.010560 0.018945
v 0.005156 0.010560 0.019241
v 0.004142 0.010560 0.019485
v 0.003116 0.010560 0.019675
v 0.002082 0.010560 0.019811
v 0.001043 0.010560 0.019893
v 0.000000 0.010560 0.019920
v -0.001043 0.010560 0.019893
v -0.002082 0.010560 0.019811
v -0.003116 0.010560 0.019675
v -0.004142 0.010560 0.019485
v -0.005156 0.010560 0.019241
v -0.006156 0.010560 0.018945
v -0.007139 0.010560 0.018597
v -0.008102 0.010560 0.018198
v -0.009043 0.010560 0.017749
v -0.009960 0.010560 0.017251
v -0.010849 0.010560 0.016706
v -0.011709 0.010560 0.016116
v -0.012536 0.010560 0.015481
v -0.013329 0.010560 0.014803
v -0.014086 0.010560 0.014086
v -0.014803 0.010560 0.013329
v -0.015481 0.010560 0.012536
v -0.016116 0.010560 0.011709
v -0.016706 0.010560 0.010849
v -0.017251 0.010560 0.009960
v -0.017749 0.010560 0.009043
v -0.018198 0.010560 0.008102
v -0.018597 0.010560 0.007139
v -0.018945 0.010560 0.006156
v -0.019241 0.010560 0.005156
v -0.019485 0.010560 0.004142
v -0.019675 0.010560 0.003116
v -0.019811 0.010560 0.002082
v -0.019893 0.010560 0.001043
v -0.019920 0.010560 0.000000
v -0.019893 0.010560 -0.001043
v -0.019811 0.010560 -0.002082
v -0.019675 0.010560 -0.003116
v -0.019485 0.010560 -0.004142
v -0.019241 0.010560 -0.005156
v -0.018945 0.010560 -0.006156
v -0.018597 0.010560 -0.007139
v -0.018198 0.010560 -0.008102
v -0.017749 0.010560 -0.009043
v -0.017251 0.010560 -0.009960
v -0.016706 0.010560 -0.010849
v -0.016116 0.010560 -0.011709
v -0.015481 0.010560 -0.012536
v -0.014803 0.010560 -0.013329
v -0.014086 0.010560 -0.014086
v -0.013329 0.010560 -0.014803
v -0.012536 0.010560 -0.015481
v -0.011709 0.010560 -0.016116
v -0.010849 0.010560 -0.016706
v -0.009960 0.010560 -0.017251
v -0.009043 0.010560 -0.017749
v -0.008102 0.010560 -0.018198
v -0.007139 0.010560 -0.018597
v -0.006156 0.010560 -0.018945
v -0.005156 0.010560 -0.019241
v -0.004142 0.010560 -0.019485
v -0.003116 0.010560 -0.019675
v -0.002082 0.010560 -0.019811
v -0.001043 0.010560 -0.019893
v -0.000000 0.010560 -0.019920
v 0.001043 0.010560 -0.019893
v 0.002082 0.010560 -0.019811
v 0.003116 0.010560 -0.019675
v 0.004142 0.010560 -0.019485
v 0.005156 0.010560 -0.019241
v 0.006156 0.010560 -0.018945
v 0.007139 0.010560 -0.018597
v 0.008102 0.010560 -0.018198
v 0.009043 0.010560 -0.017749
v 0.009960 0.010560 -0.017251
v 0.010849 0.010560 -0.016706
v 0.011709 0.010560 -0.016116
v 0.012536 0.010560 -0.015481
v 0.013329 0.010560 -0.014803
v 0.014086 0.010560 -0.014086
v 0.014803 0.010560 -0.013329
v 0.015481 0.010560 -0.012536
v 0.016116 0.010560 -0.011709
v 0.016706 0.010560 -0.010849
v 0.017251 0.010560 -0.009960
v 0.017749 0.010560 -0.009043
v 0.018198 0.010560 -0.008102
v 0.018597 0.010560 -0.007139
v 0.018945 0.010560 -0.006156
v 0.019241 0.010560 -0.005156
v 0.019485 0.010560 -0.004142
v 0.019675 0.010560 -0.003116
v 0.019811 0.010560 -0.002082
v 0.019893 0.010560 -0.001043
v 0.021481 0.010871 0.000000
v 0.021452 0.010871 0.001124
v 0.021364 0.010871 0.002245
v 0.021217 0.010871 0.003360
v 0.021012 0.010871 0.004466
v 0.020749 0.010871 0.005560
v 0.020430 0.010871 0.006638
v 0.020055 0.010871 0.007698
v 0.019624 0.010871 0.008737
v 0.019140 0.010871 0.009752
v 0.018603 0.010871 0.010741
v 0.018016 0.010871 0.011700
v 0.017379 0.010871 0.012626
v 0.016694 0.010871 0.013519
v 0.015964 0.010871 0.014374
v 0.015190 0.010871 0.015190
v 0.014374 0.010871 0.015964
v 0.013519 0.010871 0.016694
v 0.012626 0.010871 0.017379
v 0.011700 0.010871 0.018016
v 0.010741 0.010871 0.018603
v 0.009752 0.010871 0.019140
v 0.008737 0.010871 0.019624
v 0.007698 0.010871 0.020055
v 0.006638 0.010871 0.020430
v 0.005560 0.010871 0.020749
v 0.004466 0.010871 0.021012
v 0.003360 0.010871 0.021217
v 0.002245 0.010871 0.021364
v 0.001124 0.010871 0.021452
v 0.000000 0.010871 0.021481
v -0.001124 0.010871 0.021452
v -0.002245 0.010871 0.021364
v -0.003360 0.010871 0.021217
v -0.004466 0.010871 0.021012
v -0.005560 0.010871 0.020749
v -0.006638 0.010871 0.020430
v -0.007698 0.010871 0.020055
v -0.008737 0.010871 0.019624
v -0.009752 0.010871 0.019140
v -0.010741 0.010871 0.018603
v -0.011700 0.010871 0.018016
v -0.012626 0.010871 0.017379
v -0.013519 0.010871 0.016694
v -0.014374 0.010871 0.015964
v -0.015190 0.010871 0.015190
v -0.015964 0.010871 0.014374
v -0.016694 0.010871 0.013519
v -0.017379 0.010871 0.012626
v -0.018016 0.010871 0.011700
v -0.018603 0.010871 0.010741
v -0.019140 0.010871 0.009752
v -0.019624 0.010871 0.008737
v -0.020055 0.010871 0.007698
v -0.020430 0.010871 0.006638
v -0.020749 0.010871 0.005560
v -0.021012 0.010871 0.004466
v -0.021217 0.010871 0.003360
v -0.021364 0.010871 0.002245
v -0.021452 0.010871 0.001124
v -0.021481 0.010871 0.000000
v -0.021452 0.010871 -0.001124
v -0.021364 0.010871 -0.002245
v -0.021217 0.010871 -0.003360
v -0.021012 0.010871 -0.004466
v -0.020749 0.010871 -0.005560
v -0.020430 0.010871 -0.006638
v -0.020055 0.010871 -0.007698
v -0.019624 0.010871 -0.008737
v -0.019140 0.010871 -0.009752
v -0.018603 0.010871 -0.010741
v -0.018016 0.010871 -0.011700
v -0.017379 0.010871 -0.012626
v -0.016694 0.010871 -0.013519
v -0.015964 0.010871 -0.014374
v -0.015190 0.010871 -0.015190
v -0.014374 0.010871 -0.015964
v -0.013519 0.010871 -0.016694
v -0.012626 0.010871 -0.017379
v -0.011700 0.010871 -0.018016
v -0.010741 0.010871 -0.018603
v -0.009752 0.010871 -0.019140
v -0.008737 0.010871 -0.019624
v -0.007698 0.010871 -0.020055
v -0.006638 0.010871 -0.020430
v -0.005560 0.010871 -0.020749
v -0.004466 0.010871 -0.021012
v -0.003360 0.010871 -0.021217
v -0.002245 0.010871 -0.021364
v -0.001124 0.010871 -0.021452
v -0.000000 0.010871 -0.021481
v 0.001124 0.010871 -0.021452
v 0.002245 0.010871 -0.021364
v 0.003360 0.010871 -0.021217
v 0.004466 0.010871 -0.021012
v 0.005560 0.010871 -0.020749
v 0.006638 0.010871 -0.020430
v 0.007698 0.010871 -0.020055
v 0.008737 0.010871 -0.019624
v 0.009752 0.010871 -0.019140
v 0.010741 0.010871 -0.018603
v 0.011700 0.010871 -0.018016
v 0.012626 0.010871 -0.017379
v 0.013519 0.010871 -0.016694
v 0.014374 0.010871 -0.015964
v 0.015190 0.010871 -0.015190
v 0.015964 0.010871 -0.014374
v 0.016694 0.010871 -0.013519
v 0.017379 0.010871 -0.012626
v 0.018016 0.010871 -0.011700
v 0.018603 0.010871 -0.010741
v 0.019140 0.010871 -0.009752
v 0.019624 0.010871 -0.008737
v 0.020055 0.010871 -0.007698
v 0.020430 0.010871 -0.006638
v 0.020749 0.010871 -0.005560
v 0.021012 0.010871 -0.004466
v 0.021217 0.010871 -0.003360
v 0.021364 0.010871 -0.002245
v 0.021452 0.010871 -0.001124
v 0.022805 0.011755 0.000000
v 0.022774 0.011755 0.001194
v 0.022680 0.011755 0.002384
v 0.022524 0.011755 0.003567
v 0.022307 0.011755 0.004741
v 0.022028 0.011755 0.005902
v 0.021689 0.011755 0.007047
v 0.021290 0.011755 0.008173
v 0.020833 0.011755 0.009276
v 0.020319 0.011755 0.010353
v 0.019750 0.011755 0.011402
v 0.019126 0.011755 0.012420
v 0.018450 0.011755 0.013404
v 0.017723 0.011755 0.014352
v 0.016947 0.011755 0.015260
v 0.016126 0.011755 0.016126
v 0.015260 0.011755 0.016947
v 0.014352 0.011755 0.017723
v 0.013404 0.011755 0.018450
v 0.012420 0.011755 0.019126
v 0.011402 0.011755 0.019750
v 0.010353 0.011755 0.020319
v 0.009276 0.011755 0.020833
v 0.008173 0.011755 0.021290
v 0.007047 0.011755 0.021689
v 0.005902 0.011755 0.022028
v 0.004741 0.011755 0.022307
v 0.003567 0.011755 0.022524
v 0.002384 0.011755 0.022680
v 0.001194 0.011755 0.022774
v 0.000000 0.011755 0.022805
v -0.001194 0.011755 0.022774
v -0.002384 0.011755 0.022680
v -0.003567 0.011755 0.022524
v -0.004741 0.011755 0.022307
v -0.005902 0.011755 0.022028
v -0.007047 0.011755 0.021689
v -0.008173 0.011755 0.021290
v -0.009276 0.011755 0.020833
v -0.010353 0.011755 0.020319
v -0.011402 0.011755 0.019750
v -0.012420 0.011755 0.019126
v -0.013404 0.011755 0.018450
v -0.014352 0.011755 0.017723
v -0.015260 0.011755 0.016947
v -0.016126 0.011755 0.016126
v -0.016947 0.011755 0.015260
v -0.017723 0.011755 0.014352
v -0.018450 0.011755 0.013404
v -0.019126 0.011755 0.012420
v -0.019750 0.011755 0.011402
v -0.020319 0.011755 0.010353
v -0.020833 0.011755 0.009276
v -0.021290 0.011755 0.008173
v -0.021689 0.011755 0.007047
v -0.022028 0.011755 0.005902
v -0.022307 0.011755 0.004741
v -0.022524 0.011755 0.003567
v -0.022680 0.011755 0.002384
v -0.022774 0.011755 0.001194
v -0.022805 0.011755 0.000000
v -0.022774 0.011755 -0.001194
v -0.022680 0.011755 -0.002384
v -0.022524 0.011755 -0.003567
v -0.022307 0.011755 -0.004741
v -0.022028 0.011755 -0.005902
v -0.021689 0.011755 -0.007047
v -0.021290 0.011755 -0.008173
v -0.020833 0.011755 -0.009276
v -0.020319 0.011755 -0.010353
v -0.019750 0.011755 -0.011402
v -0.019126 0.011755 -0.012420
v -0.018450 0.011755 -0.013404
v -0.017723 0.011755 -0.014352
v -0.016947 0.011755 -0.015260
v -0.016126 0.011755 -0.016126
v -0.015260 0.011755 -0.016947
v -0.014352 0.011755 -0.017723
v -0.013404 0.011755 -0.018450
v -0.012420 0.011755 -0.019126
v -0.011402 0.011755 -0.019750
v -0.010353 0.011755 -0.020319
v -0.009276 0.011755 -0.020833
v -0.008173 0.011755 -0.021290
v -0.007047 0.011755 -0.021689
v -0.005902 0.011755 -0.022028
v -0.004741 0.011755 -0.022307
v -0.003567 0.011755 -0.022524
v -0.002384 0.011755 -0.022680
v -0.001194 0.011755 -0.022774
v -0.000000 0.011755 -0.022805
v 0.001194 0.011755 -0.022774
v 0.002384 0.011755 -0.022680
v 0.003567 0.011755 -0.022524
v 0.004741 0.011755 -0.022307
v 0.005902 0.011755 -0.022028
v 0.007047 0.011755 -0.021689
v 0.008173 0.011755 -0.021290
v 0.009276 0.011755 -0.020833
v 0.010353 0.011755 -0.020319
v 0.011402 0.011755 -0.019750
v 0.012420 0.011755 -0.019126
v 0.013404 0.011755 -0.018450
v 0.014352 0.011755 -0.017723
v 0.015260 0.011755 -0.016947
v 0.016126 0.011755 -0.016126
v 0.016947 0.011755 -0.015260
v 0.017723 0.011755 -0.014352
v 0.018450 0.011755 -0.013404
v 0.019126 0.011755 -0.012420
v 0.019750 0.011755 -0.011402
v 0.020319 0.011755 -0.010353
v 0.020833 0.011755 -0.009276
v 0.021290 0.011755 -0.008173
v 0.021689 0.011755 -0.007047
v 0.022028 0.011755 -0.005902
v 0.022307 0.011755 -0.004741
v 0.022524 0.011755 -0.003567
v 0.022680 0.011755 -0.002384
v 0.022774 0.011755 -0.001194
v 0.023689 0.013079 0.000000
v 0.023657 0.013079 0.001240
v 0.023560 0.013079 0.002476
v 0.023398 0.013079 0.003706
v 0.023172 0.013079 0.004925
v 0.022882 0.013079 0.006131
v 0.022530 0.013079 0.007320
v 0.022116 0.013079 0.008490
v 0.021641 0.013079 0.009635
v 0.021107 0.013079 0.010755
v 0.020516 0.013079 0.011845
v 0.019868 0.013079 0.012902
v 0.019165 0.013079 0.013924
v 0.018410 0.013079 0.014908
v 0.017605 0.013079 0.015851
v 0.016751 0.013079 0.016751
v 0.015851 0.013079 0.017605
v 0.014908 0.013079 0.018410
v 0.013924 0.013079 0.019165
v 0.012902 0.013079 0.019868
v 0.011845 0.013079 0.020516
v 0.010755 0.013079 0.021107
v 0.009635 0.013079 0.021641
v 0.008490 0.013079 0.022116
v 0.007320 0.013079 0.022530
v 0.006131 0.013079 0.022882
v 0.004925 0.013079 0.023172
v 0.003706 0.013079 0.023398
v 0.002476 0.013079 0.023560
v 0.001240 0.013079 0.023657
v 0.000000 0.013079 0.023689
v -0.001240 0.013079 0.023657
v -0.002476 0.013079 0.023560
v -0.003706 0.013079 0.023398
v -0.004925 0.013079 0.023172
v -0.006131 0.013079 0.022882
v -0.007320 0.013079 0.022530
v -0.008490 0.013079 0.022116
v -0.009635 0.013079 0.021641
v -0.010755 0.013079 0.021107
v -0.011845 0.013079 0.020516
v -0.012902 0.013079 0.019868
v -0.013924 0.013079 0.019165
v -0.014908 0.013079 0.018410
v -0.015851 0.013079 0.017605
v -0.016751 0.013079 0.016751
v -0.017605 0.013079 0.015851
v -0.018410 0.013079 0.014908
v -0.019165 0.013079 0.013924
v -0.019868 0.013079 0.012902
v -0.020516 0.013079 0.011845
v -0.021107 0.013079 0.010755
v -0.021641 0.013079 0.009635
v -0.022116 0.013079 0.008490
v -0.022530 0.013079 0.007320
v -0.022882 0.013079 0.006131
v -0.023172 0.013079 0.004925
v -0.023398 0.013079 0.003706
v -0.023560 0.013079 0.002476
v -0.023657 0.013079 0.001240
v -0.023689 0.013079 0.000000
v -0.023657 0.013079 -0.001240
v -0.023560 0.013079 -0.002476
v -0.023398 0.013079 -0.003706
v -0.023172 0.013079 -0.004925
v -0.022882 0.013079 -0.006131
v -0.022530 0.013079 -0.007320
v -0.022116 0.013079 -0.008490
v -0.021641 0.013079 -0.009635
v -0.021107 0.013079 -0.010755
v -0.020516 0.013079 -0.011845
v -0.019868 0.013079 -0.012902
v -0.019165 0.013079 -0.013924
v -0.018410 0.013079 -0.014908
v -0.017605 0.013079 -0.015851
v -0.016751 0.013079 -0.016751
v -0.015851 0.013079 -0.017605
v -0.014908 0.013079 -0.018410
v -0.013924 0.013079 -0.019165
v -0.012902 0.013079 -0.019868
v -0.011845 0.013079 -0.020516
v -0.010755 0.013079 -0.021107
v -0.009635 0.013079 -0.021641
v -0.008490 0.013079 -0.022116
v -0.007320 0.013079 -0.022530
v -0.006131 0.013079 -0.022882
v -0.004925 0.013079 -0.023172
v -0.003706 0.013079 -0.023398
v -0.002476 0.013079 -0.023560
v -0.001240 0.013079 -0.023657
v -0.000000 0.013079 -0.023689
v 0.001240 0.013079 -0.023657
v 0.002476 0.013079 -0.023560
v 0.003706 0.013079 -0.023398
v 0.004925 0.013079 -0.023172
v 0.006131 0.013079 -0.022882
v 0.007320 0.013079 -0.022530
v 0.008490 0.013079 -0.022116
v 0.009635 0.013079 -0.021641
v 0.010755 0.013079 -0.021107
v 0.011845 0.013079 -0.020516
v 0.012902 0.013079 -0.019868
v 0.013924 0.013079 -0.019165
v 0.014908 0.013079 -0.018410
v 0.015851 0.013079 -0.017605
v 0.016751 0.013079 -0.016751
v 0.017605 0.013079 -0.015851
v 0.018410 0.013079 -0.014908
v 0.019165 0.013079 -0.013924
v 0.019868 0.013079 -0.012902
v 0.020516 0.013079 -0.011845
v 0.021107 0.013079 -0.010755
v 0.021641 0.013079 -0.009635
v 0.022116 0.013079 -0.008490
v 0.022530 0.013079 -0.007320
v 0.022882 0.013079 -0.006131
v 0.023172 0.013079 -0.004925
v 0.023398 0.013079 -0.003706
v 0.023560 0.013079 -0.002476
v 0.023657 0.013079 -0.001240
v 0.012480 0.010560 0.000000
v 0.012463 0.010560 0.000653
v 0.012412 0.010560 0.001305
v 0.012326 0.010560 0.001952
v 0.012207 0.010560 0.002595
v 0.012055 0.010560 0.003230
v 0.011869 0.010560 0.003857
v 0.011651 0.010560 0.004472
v 0.011401 0.010560 0.005076
v 0.011120 0.010560 0.005666
v 0.010808 0.010560 0.006240
v 0.010467 0.010560 0.006797
v 0.010097 0.010560 0.007336
v 0.009699 0.010560 0.007854
v 0.009274 0.010560 0.008351
v 0.008825 0.010560 0.008825
v 0.008351 0.010560 0.009274
v 0.007854 0.010560 0.009699
v 0.007336 0.010560 0.010097
v 0.006797 0.010560 0.010467
v 0.006240 0.010560 0.010808
v 0.005666 0.010560 0.011120
v 0.005076 0.010560 0.011401
v 0.004472 0.010560 0.011651
v 0.003857 0.010560 0.011869
v 0.003230 0.010560 0.012055
v 0.002595 0.010560 0.012207
v 0.001952 0.010560 0.012326
v 0.001305 0.010560 0.012412
v 0.000653 0.010560 0.012463
v 0.000000 0.010560 0.012480
v -0.000653 0.010560 0.012463
v -0.001305 0.010560 0.012412
v -0.001952 0.010560 0.012326
v -0.002595 0.010560 0.012207
v -0.003230 0.010560 0.012055
v -0.003857 0.010560 0.011869
v -0.004472 0.010560 0.011651
v -0.005076 0.010560 0.011401
v -0.005666 0.010560 0.011120
v -0.006240 0.010560 0.010808
v -0.006797 0.010560 0.010467
v -0.007336 0.010560 0.010097
v -0.007854 0.010560 0.009699
v -0.008351 0.010560 0.009274
v -0.008825 0.010560 0.008825
v -0.009274 0.010560 0.008351
v -0.009699 0.010560 0.007854
v -0.010097 0.010560 0.007336
v -0.010467 0.010560 0.006797
v -0.010808 0.010560 0.006240
v -0.011120 0.010560 0.005666
v -0.011401 0.010560 0.005076
v -0.011651 0.010560 0.004472
v -0.011869 0.010560 0.003857
v -0.012055 0.010560 0.003230
v -0.012207 0.010560 0.002595
v -0.012326 0.010560 0.001952
v -0.012412 0.010560 0.001305
v -0.012463 0.010560 0.000653
v -0.012480 0.010560 0.000000
v -0.012463 0.010560 -0.000653
v -0.012412 0.010560 -0.001305
v -0.012326 0.010560 -0.001952
v -0.012207 0.010560 -0.002595
v -0.012055 0.010560 -0.003230
v -0.011869 0.010560 -0.003857
v -0.011651 0.010560 -0.004472
v -0.011401 0.010560 -0.005076
v -0.011120 0.010560 -0.005666
v -0.010808 0.010560 -0.006240
v -0.010467 0.010560 -0.006797
v -0.010097 0.010560 -0.007336
v -0.009699 0.010560 -0.007854
v -0.009274 0.010560 -0.008351
v -0.008825 0.010560 -0.008825
v -0.008351 0.010560 -0.009274
v -0.007854 0.010560 -0.009699
v -0.007336 0.010560 -0.010097
v -0.006797 0.010560 -0.010467
v -0.006240 0.010560 -0.010808
v -0.005666 0.010560 -0.011120
v -0.005076 0.010560 -0.011401
v -0.004472 0.010560 -0.011651
v -0.003857 0.010560 -0.011869
v -0.003230 0.010560 -0.012055
v -0.002595 0.010560 -0.012207
v -0.001952 0.010560 -0.012326
v -0.001305 0.010560 -0.012412
v -0.000653 0.010560 -0.012463
v -0.000000 0.010560 -0.012480
v 0.000653 0.010560 -0.012463
v 0.001305 0.010560 -0.012412
v 0.001952 0.010560 -0.012326
v 0.002595 0.010560 -0.012207
v 0.003230 0.010560 -0.012055
v 0.003857 0.010560 -0.011869
v 0.004472 0.010560 -0.011651
v 0.005076 0.010560 -0.011401
v 0.005666 0.010560 -0.011120
v 0.006240 0.010560 -0.010808
v 0.006797 0.010560 -0.010467
v 0.007336 0.010560 -0.010097
v 0.007854 0.010560 -0.009699
v 0.008351 0.010560 -0.009274
v 0.008825 0.010560 -0.008825
v 0.009274 0.010560 -0.008351
v 0.009699 0.010560 -0.007854
v 0.010097 0.010560 -0.007336
v 0.010467 0.010560 -0.006797
v 0.010808 0.010560 -0.006240
v 0.011120 0.010560 -0.005666
v 0.011401 0.010560 -0.005076
v 0.011651 0.010560 -0.004472
v 0.011869 0.010560 -0.003857
v 0.012055 0.010560 -0.003230
v 0.012207 0.010560 -0.002595
v 0.012326 0.010560 -0.001952
v 0.012412 0.010560 -0.001305
v 0.012463 0.010560 -0.000653
v 0.012480 0.018720 0.000000
v 0.012463 0.018720 0.000653
v 0.012412 0.018720 0.001305
v 0.012326 0.018720 0.001952
v 0.012207 0.018720 0.002595
v 0.012055 0.018720 0.003230
v 0.011869 0.018720 0.003857
v 0.011651 0.018720 0.004472
v 0.011401 0.018720 0.005076
v 0.011120 0.018720 0.005666
v 0.010808 0.018720 0.006240
v 0.010467 0.018720 0.006797
v 0.010097 0.018720 0.007336
v 0.009699 0.018720 0.007854
v 0.009274 0.018720 0.008351
v 0.008825 0.018720 0.008825
v 0.008351 0.018720 0.009274
v 0.007854 0.018720 0.009699
v 0.007336 0.018720 0.010097
v 0.006797 0.018720 0.010467
v 0.006240 0.018720 0.010808
v 0.005666 0.018720 0.011120
v 0.005076 0.018720 0.011401
v 0.004472 0.018720 0.011651
v 0.003857 0.018720 0.011869
v 0.003230 0.018720 0.012055
v 0.002595 0.018720 0.012207
v 0.001952 0.018720 0.012326
v 0.001305 0.018720 0.012412
v 0.000653 0.018720 0.012463
v 0.000000 0.018720 0.012480
v -0.000653 0.018720 0.012463
v -0.001305 0.018720 0.012412
v -0.001952 0.018720 0.012326
v -0.002595 0.018720 0.012207
v -0.003230 0.018720 0.012055
v -0.003857 0.018720 0.011869
v -0.004472 0.018720 0.011651
v -0.005076 0.018720 0.011401
v -0.005666 0.018720 0.011120
v -0.006240 0.018720 0.010808
v -0.006797 0.018720 0.010467
v -0.007336 0.018720 0.010097
v -0.007854 0.018720 0.009699
v -0.008351 0.018720 0.009274
v -0.008825 0.018720 0.008825
v -0.009274 0.018720 0.008351
v -0.009699 0.018720 0.007854
v -0.010097 0.018720 0.007336
v -0.010467 0.018720 0.006797
v -0.010808 0.018720 0.006240
v -0.011120 0.018720 0.005666
v -0.011401 0.018720 0.005076
v -0.011651 0.018720 0.004472
v -0.011869 0.018720 0.003857
v -0.012055 0.018720 0.003230
v -0.012207 0.018720 0.002595
v -0.012326 0.018720 0.001952
v -0.012412 0.018720 0.001305
v -0.012463 0.018720 0.000653
v -0.012480 0.018720 0.000000
v -0.012463 0.018720 -0.000653
v -0.012412 0.018720 -0.001305
v -0.012326 0.018720 -0.001952
v -0.012207 0.018720 -0.002595
v -0.012055 0.018720 -0.003230
v -0.011869 0.018720 -0.003857
v -0.011651 0.018720 -0.004472
v -0.011401 0.018720 -0.005076
v -0.011120 0.018720 -0.005666
v -0.010808 0.018720 -0.006240
v -0.010467 0.018720 -0.006797
v -0.010097 0.018720 -0.007336
v -0.009699 0.018720 -0.007854
v -0.009274 0.018720 -0.008351
v -0.008825 0.018720 -0.008825
v -0.008351 0.018720 -0.009274
v -0.007854 0.018720 -0.009699
v -0.007336 0.018720 -0.010097
v -0.006797 0.018720 -0.010467
v -0.006240 0.018720 -0.010808
v -0.005666 0.018720 -0.011120
v -0.005076 0.018720 -0.011401
v -0.004472 0.018720 -0.011651
v -0.003857 0.018720 -0.011869
v -0.003230 0.018720 -0.012055
v -0.002595 0.018720 -0.012207
v -0.001952 0.018720 -0.012326
v -0.001305 0.018720 -0.012412
v -0.000653 0.018720 -0.012463
v -0.000000 0.018720 -0.012480
v 0.000653 0.018720 -0.012463
v 0.001305 0.018720 -0.012412
v 0.001952 0.018720 -0.012326
v 0.002595 0.018720 -0.012207
v 0.003230 0.018720 -0.012055
v 0.003857 0.018720 -0.011869
v 0.004472 0.018720 -0.011651
v 0.005076 0.018720 -0.011401
v 0.005666 0.018720 -0.011120
v 0.006240 0.018720 -0.010808
v 0.006797 0.018720 -0.010467
v 0.007336 0.018720 -0.010097
v 0.007854 0.018720 -0.009699
v 0.008351 0.018720 -0.009274
v 0.008825 0.018720 -0.008825
v 0.009274 0.018720 -0.008351
v 0.009699 0.018720 -0.007854
v 0.010097 0.018720 -0.007336
v 0.010467 0.018720 -0.006797
v 0.010808 0.018720 -0.006240
v 0.011120 0.018720 -0.005666
v 0.011401 0.018720 -0.005076
v 0.011651 0.018720 -0.004472
v 0.011869 0.018720 -0.003857
v 0.012055 0.018720 -0.003230
v 0.012207 0.018720 -0.002595
v 0.012326 0.018720 -0.001952
v 0.012412 0.018720 -0.001305
v 0.012463 0.018720 -0.000653
v 0.000000 0.010560 0.000000
v 0.012167 0.019521 0.000000
v 0.012150 0.019521 0.000637
v 0.012100 0.019521 0.001272
v 0.012017 0.019521 0.001903
v 0.011901 0.019521 0.002530
v 0.011753 0.019521 0.003149
v 0.011572 0.019521 0.003760
v 0.011359 0.019521 0.004360
v 0.011115 0.019521 0.004949
v 0.010841 0.019521 0.005524
v 0.010537 0.019521 0.006084
v 0.010204 0.019521 0.006627
v 0.009843 0.019521 0.007152
v 0.009456 0.019521 0.007657
v 0.009042 0.019521 0.008141
v 0.008603 0.019521 0.008603
v 0.008141 0.019521 0.009042
v 0.007657 0.019521 0.009456
v 0.007152 0.019521 0.009843
v 0.006627 0.019521 0.010204
v 0.006084 0.019521 0.010537
v 0.005524 0.019521 0.010841
v 0.004949 0.019521 0.011115
v 0.004360 0.019521 0.011359
v 0.003760 0.019521 0.011572
v 0.003149 0.019521 0.011753
v 0.002530 0.019521 0.011901
v 0.001903 0.019521 0.012017
v 0.001272 0.019521 0.012100
v 0.000637 0.019521 0.012150
v 0.000000 0.019521 0.012167
v -0.000637 0.019521 0.012150
v -0.001272 0.019521 0.012100
v -0.001903 0.019521 0.012017
v -0.002530 0.019521 0.011901
v -0.003149 0.019521 0.011753
v -0.003760 0.019521 0.011572
v -0.004360 0.019521 0.011359
v -0.004949 0.019521 0.011115
v -0.005524 0.019521 0.010841
v -0.006084 0.019521 0.010537
v -0.006627 0.019521 0.010204
v -0.007152 0.019521 0.009843
v -0.007657 0.019521 0.009456
v -0.008141 0.019521 0.009042
v -0.008603 0.019521 0.008603
v -0.009042 0.019521 0.008141
v -0.009456 0.019521 0.007657
v -0.009843 0.019521 0.007152
v -0.010204 0.019521 0.006627
v -0.010537 0.019521 0.006084
v -0.010841 0.019521 0.005524
v -0.011115 0.019521 0.004949
v -0.011359 0.019521 0.004360
v -0.011572 0.019521 0.003760
v -0.011753 0.019521 0.003149
v -0.011901 0.019521 0.002530
v -0.012017 0.019521 0.001903
v -0.012100 0.019521 0.001272
v -0.012150 0.019521 0.000637
v -0.012167 0.019521 0.000000
v -0.012150 0.019521 -0.000637
v -0.012100 0.019521 -0.001272
v -0.012017 0.019521 -0.001903
v -0.011901 0.019521 -0.002530
v -0.011753 0.019521 -0.003149
v -0.011572 0.019521 -0.003760
v -0.011359 0.019521 -0.004360
v -0.011115 0.019521 -0.004949
v -0.010841 0.019521 -0.005524
v -0.010537 0.019521 -0.006084
v -0.010204 0.019521 -0.006627
v -0.009843 0.019521 -0.007152
v -0.009456 0.019521 -0.007657
v -0.009042 0.019521 -0.008141
v -0.008603 0.019521 -0.008603
v -0.008141 0.019521 -0.009042
v -0.007657 0.019521 -0.009456
v -0.007152 0.019521 -0.009843
v -0.006627 0.019521 -0.010204
v -0.006084 0.019521 -0.010537
v -0.005524 0.019521 -0.010841
v -0.004949 0.019521 -0.011115
v -0.004360 0.019521 -0.011359
v -0.003760 0.019521 -0.011572
v -0.003149 0.019521 -0.011753
v -0.002530 0.019521 -0.011901
v -0.001903 0.019521 -0.012017
v -0.001272 0.019521 -0.012100
v -0.000637 0.019521 -0.012150
v -0.000000 0.019521 -0.012167
v 0.000637 0.019521 -0.012150
v 0.001272 0.019521 -0.012100
v 0.001903 0.019521 -0.012017
v 0.002530 0.019521 -0.011901
v 0.003149 0.019521 -0.011753
v 0.003760 0.019521 -0.011572
v 0.004360 0.019521 -0.011359
v 0.004949 0.019521 -0.011115
v 0.005524 0.019521 -0.010841
v 0.006084 0.019521 -0.010537
v 0.006627 0.019521 -0.010204
v 0.007152 0.019521 -0.009843
v 0.007657 0.019521 -0.009456
v 0.008141 0.019521 -0.009042
v 0.008603 0.019521 -0.008603
v 0.009042 0.019521 -0.008141
v 0.009456 0.019521 -0.007657
v 0.009843 0.019521 -0.007152
v 0.010204 0.019521 -0.006627
v 0.010537 0.019521 -0.006084
v 0.010841 0.019521 -0.005524
v 0.011115 0.019521 -0.004949
v 0.011359 0.019521 -0.004360
v 0.011572 0.019521 -0.003760
v 0.011753 0.019521 -0.003149
v 0.011901 0.019521 -0.002530
v 0.012017 0.019521 -0.001903
v 0.012100 0.019521 -0.001272
v 0.012150 0.019521 -0.000637
v 0.011244 0.020282 0.000000
v 0.011229 0.020282 0.000588
v 0.011182 0.020282 0.001175
v 0.011106 0.020282 0.001759
v 0.010998 0.020282 0.002338
v 0.010861 0.020282 0.002910
v 0.010694 0.020282 0.003475
v 0.010497 0.020282 0.004030
v 0.010272 0.020282 0.004573
v 0.010019 0.020282 0.005105
v 0.009738 0.020282 0.005622
v 0.009430 0.020282 0.006124
v 0.009097 0.020282 0.006609
v 0.008738 0.020282 0.007076
v 0.008356 0.020282 0.007524
v 0.007951 0.020282 0.007951
v 0.007524 0.020282 0.008356
v 0.007076 0.020282 0.008738
v 0.006609 0.020282 0.009097
v 0.006124 0.020282 0.009430
v 0.005622 0.020282 0.009738
v 0.005105 0.020282 0.010019
v 0.004573 0.020282 0.010272
v 0.004030 0.020282 0.010497
v 0.003475 0.020282 0.010694
v 0.002910 0.020282 0.010861
v 0.002338 0.020282 0.010998
v 0.001759 0.020282 0.011106
v 0.001175 0.020282 0.011182
v 0.000588 0.020282 0.011229
v 0.000000 0.020282 0.011244
v -0.000588 0.020282 0.011229
v -0.001175 0.020282 0.011182
v -0.001759 0.020282 0.011106
v -0.002338 0.020282 0.010998
v -0.002910 0.020282 0.010861
v -0.003475 0.020282 0.010694
v -0.004030 0.020282 0.010497
v -0.004573 0.020282 0.010272
v -0.005105 0.020282 0.010019
v -0.005622 0.020282 0.009738
v -0.006124 0.020282 0.009430
v -0.006609 0.020282 0.009097
v -0.007076 0.020282 0.008738
v -0.007524 0.020282 0.008356
v -0.007951 0.020282 0.007951
v -0.008356 0.020282 0.007524
v -0.008738 0.020282 0.007076
v -0.009097 0.020282 0.006609
v -0.009430 0.020282 0.006124
v -0.009738 0.020282 0.005622
v -0.010019 0.020282 0.005105
v -0.010272 0.020282 0.004573
v -0.010497 0.020282 0.004030
v -0.010694 0.020282 0.003475
v -0.010861 0.020282 0.002910
v -0.010998 0.020282 0.002338
v -0.011106 0.020282 0.001759
v -0.011182 0.020282 0.001175
v -0.011229 0.020282 0.000588
v -0.011244 0.020282 0.000000
v -0.011229 0.020282 -0.000588
v -0.011182 0.020282 -0.001175
v -0.011106 0.020282 -0.001759
v -0.010998 0.020282 -0.002338
v -0.010861 0.020282 -0.002910
v -0.010694 0.020282 -0.003475
v -0.010497 0.020282 -0.004030
v -0.010272 0.020282 -0.004573
v -0.010019 0.020282 -0.005105
v -0.009738 0.020282 -0.005622
v -0.009430 0.020282 -0.006124
v -0.009097 0.020282 -0.006609
v -0.008738 0.020282 -0.007076
v -0.008356 0.020282 -0.007524
v -0.007951 0.020282 -0.007951
v -0.007524 0.020282 -0.008356
v -0.007076 0.020282 -0.008738
v -0.006609 0.020282 -0.009097
v -0.006124 0.020282 -0.009430
v -0.005622 0.020282 -0.009738
v -0.005105 0.020282 -0.010019
v -0.004573 0.020282 -0.010272
v -0.004030 0.020282 -0.010497
v -0.003475 0.020282 -0.010694
v -0.002910 0.020282 -0.010861
v -0.002338 0.020282 -0.010998
v -0.001759 0.020282 -0.011106
v -0.001175 0.020282 -0.011182
v -0.000588 0.020282 -0.011229
v -0.000000 0.020282 -0.011244
v 0.000588 0.020282 -0.011229
v 0.001175 0.020282 -0.011182
v 0.001759 0.020282 -0.011106
v 0.002338 0.020282 -0.010998
v 0.002910 0.020282 -0.010861
v 0.003475 0.020282 -0.010694
v 0.004030 0.020282 -0.010497
v 0.004573 0.020282 -0.010272
v 0.005105 0.020282 -0.010019
v 0.005622 0.020282 -0.009738
v 0.006124 0.020282 -0.009430
v 0.006609 0.020282 -0.009097
v 0.007076 0.020282 -0.008738
v 0.007524 0.020282 -0.008356
v 0.007951 0.020282 -0.007951
v 0.008356 0.020282 -0.007524
v 0.008738 0.020282 -0.007076
v 0.009097 0.020282 -0.006609
v 0.009430 0.020282 -0.006124
v 0.009738 0.020282 -0.005622
v 0.010019 0.020282 -0.005105
v 0.010272 0.020282 -0.004573
v 0.010497 0.020282 -0.004030
v 0.010694 0.020282 -0.003475
v 0.010861 0.020282 -0.002910
v 0.010998 0.020282 -0.002338
v 0.011106 0.020282 -0.001759
v 0.011182 0.020282 -0.001175
v 0.011229 0.020282 -0.000588
v 0.009757 0.020965 0.000000
v 0.009744 0.020965 0.000511
v 0.009704 0.020965 0.001020
v 0.009637 0.020965 0.001526
v 0.009544 0.020965 0.002029
v 0.009425 0.020965 0.002525
v 0.009280 0.020965 0.003015
v 0.009109 0.020965 0.003497
v 0.008914 0.020965 0.003969
v 0.008694 0.020965 0.004430
v 0.008450 0.020965 0.004879
v 0.008183 0.020965 0.005314
v 0.007894 0.020965 0.005735
v 0.007583 0.020965 0.006140
v 0.007251 0.020965 0.006529
v 0.006899 0.020965 0.006899
v 0.006529 0.020965 0.007251
v 0.006140 0.020965 0.007583
v 0.005735 0.020965 0.007894
v 0.005314 0.020965 0.008183
v 0.004879 0.020965 0.008450
v 0.004430 0.020965 0.008694
v 0.003969 0.020965 0.008914
v 0.003497 0.020965 0.009109
v 0.003015 0.020965 0.009280
v 0.002525 0.020965 0.009425
v 0.002029 0.020965 0.009544
v 0.001526 0.020965 0.009637
v 0.001020 0.020965 0.009704
v 0.000511 0.020965 0.009744
v 0.000000 0.020965 0.009757
v -0.000511 0.020965 0.009744
v -0.001020 0.020965 0.009704
v -0.001526 0.020965 0.009637
v -0.002029 0.020965 0.009544
v -0.002525 0.020965 0.009425
v -0.003015 0.020965 0.009280
v -0.003497 0.020965 0.009109
v -0.003969 0.020965 0.008914
v -0.004430 0.020965 0.008694
v -0.004879 0.020965 0.008450
v -0.005314 0.020965 0.008183
v -0.005735 0.020965 0.007894
v -0.006140 0.020965 0.007583
v -0.006529 0.020965 0.007251
v -0.006899 0.020965 0.006899
v -0.007251 0.020965 0.006529
v -0.007583 0.020965 0.006140
v -0.007894 0.020965 0.005735
v -0.008183 0.020965 0.005314
v -0.008450 0.020965 0.004879
v -0.008694 0.020965 0.004430
v -0.008914 0.020965 0.003969
v -0.009109 0.020965 0.003497
v -0.009280 0.020965 0.003015
v -0.009425 0.020965 0.002525
v -0.009544 0.020965 0.002029
v -0.009637 0.020965 0.001526
v -0.009704 0.020965 0.001020
v -0.009744 0.020965 0.000511
v -0.009757 0.020965 0.000000
v -0.009744 0.020965 -0.000511
v -0.009704 0.020965 -0.001020
v -0.009637 0.020965 -0.001526
v -0.009544 0.020965 -0.002029
v -0.009425 0.020965 -0.002525
v -0.009280 0.020965 -0.003015
v -0.009109 0.020965 -0.003497
v -0.008914 0.020965 -0.003969
v -0.008694 0.020965 -0.004430
v -0.008450 0.020965 -0.004879
v -0.008183 0.020965 -0.005314
v -0.007894 0.020965 -0.005735
v -0.007583 0.020965 -0.006140
v -0.007251 0.020965 -0.006529
v -0.006899 0.020965 -0.006899
v -0.006529 0.020965 -0.007251
v -0.006140 0.020965 -0.007583
v -0.005735 0.020965 -0.007894
v -0.005314 0.020965 -0.008183
v -0.004879 0.020965 -0.008450
v -0.004430 0.020965 -0.008694
v -0.003969 0.020965 -0.008914
v -0.003497 0.020965 -0.009109
v -0.003015 0.020965 -0.009280
v -0.002525 0.020965 -0.009425
v -0.002029 0.020965 -0.009544
v -0.001526 0.020965 -0.009637
v -0.001020 0.020965 -0.009704
v -0.000511 0.020965 -0.009744
v -0.000000 0.020965 -0.009757
v 0.000511 0.020965 -0.009744
v 0.001020 0.020965 -0.009704
v 0.001526 0.020965 -0.009637
v 0.002029 0.020965 -0.009544
v 0.002525 0.020965 -0.009425
v 0.003015 0.020965 -0.009280
v 0.003497 0.020965 -0.009109
v 0.003969 0.020965 -0.008914
v 0.004430 0.020965 -0.008694
v 0.004879 0.020965 -0.008450
v 0.005314 0.020965 -0.008183
v 0.005735 0.020965 -0.007894
v 0.006140 0.020965 -0.007583
v 0.006529 0.020965 -0.007251
v 0.006899 0.020965 -0.006899
v 0.007251 0.020965 -0.006529
v 0.007583 0.020965 -0.006140
v 0.007894 0.020965 -0.005735
v 0.008183 0.020965 -0.005314
v 0.008450 0.020965 -0.004879
v 0.008694 0.020965 -0.004430
v 0.008914 0.020965 -0.003969
v 0.009109 0.020965 -0.003497
v 0.009280 0.020965 -0.003015
v 0.009425 0.020965 -0.002525
v 0.009544 0.020965 -0.002029
v 0.009637 0.020965 -0.001526
v 0.009704 0.020965 -0.001020
v 0.009744 0.020965 -0.000511
v 0.007781 0.021535 0.000000
v 0.007770 0.021535 0.000407
v 0.007739 0.021535 0.000813
v 0.007685 0.021535 0.001217
v 0.007611 0.021535 0.001618
v 0.007516 0.021535 0.002014
v 0.007400 0.021535 0.002405
v 0.007264 0.021535 0.002789
v 0.007108 0.021535 0.003165
v 0.006933 0.021535 0.003533
v 0.006739 0.021535 0.003891
v 0.006526 0.021535 0.004238
v 0.006295 0.021535 0.004574
v 0.006047 0.021535 0.004897
v 0.005783 0.021535 0.005207
v 0.005502 0.021535 0.005502
v 0.005207 0.021535 0.005783
v 0.004897 0.021535 0.006047
v 0.004574 0.021535 0.006295
v 0.004238 0.021535 0.006526
v 0.003891 0.021535 0.006739
v 0.003533 0.021535 0.006933
v 0.003165 0.021535 0.007108
v 0.002789 0.021535 0.007264
v 0.002405 0.021535 0.007400
v 0.002014 0.021535 0.007516
v 0.001618 0.021535 0.007611
v 0.001217 0.021535 0.007685
v 0.000813 0.021535 0.007739
v 0.000407 0.021535 0.007770
v 0.000000 0.021535 0.007781
v -0.000407 0.021535 0.007770
v -0.000813 0.021535 0.007739
v -0.001217 0.021535 0.007685
v -0.001618 0.021535 0.007611
v -0.002014 0.021535 0.007516
v -0.002405 0.021535 0.007400
v -0.002789 0.021535 0.007264
v -0.003165 0.021535 0.007108
v -0.003533 0.021535 0.006933
v -0.003891 0.021535 0.006739
v -0.004238 0.021535 0.006526
v -0.004574 0.021535 0.006295
v -0.004897 0.021535 0.006047
v -0.005207 0.021535 0.005783
v -0.005502 0.021535 0.005502
v -0.005783 0.021535 0.005207
v -0.006047 0.021535 0.004897
v -0.006295 0.021535 0.004574
v -0.006526 0.021535 0.004238
v -0.006739 0.021535 0.003891
v -0.006933 0.021535 0.003533
v -0.007108 0.021535 0.003165
v -0.007264 0.021535 0.002789
v -0.007400 0.021535 0.002405
v -0.007516 0.021535 0.002014
v -0.007611 0.021535 0.001618
v -0.007685 0.021535 0.001217
v -0.007739 0.021535 0.000813
v -0.007770 0.021535 0.000407
v -0.007781 0.021535 0.000000
v -0.007770 0.021535 -0.000407
v -0.007739 0.021535 -0.000813
v -0.007685 0.021535 -0.001217
v -0.007611 0.021535 -0.001618
v -0.007516 0.021535 -0.002014
v -0.007400 0.021535 -0.002405
v -0.007264 0.021535 -0.002789
v -0.007108 0.021535 -0.003165
v -0.006933 0.021535 -0.003533
v -0.006739 0.021535 -0.003891
v -0.006526 0.021535 -0.004238
v -0.006295 0.021535 -0.004574
v -0.006047 0.021535 -0.004897
v -0.005783 0.021535 -0.005207
v -0.005502 0.021535 -0.005502
v -0.005207 0.021535 -0.005783
v -0.004897 0.021535 -0.006047
v -0.004574 0.021535 -0.006295
v -0.004238 0.021535 -0.006526
v -0.003891 0.021535 -0.006739
v -0.003533 0.021535 -0.006933
v -0.003165 0.021535 -0.007108
v -0.002789 0.021535 -0.007264
v -0.002405 0.021535 -0.007400
v -0.002014 0.021535 -0.007516
v -0.001618 0.021535 -0.007611
v -0.001217 0.021535 -0.007685
v -0.000813 0.021535 -0.007739
v -0.000407 0.021535 -0.007770
v -0.000000 0.021535 -0.007781
v 0.000407 0.021535 -0.007770
v 0.000813 0.021535 -0.007739
v 0.001217 0.021535 -0.007685
v 0.001618 0.021535 -0.007611
v 0.002014 0.021535 -0.007516
v 0.002405 0.021535 -0.007400
v 0.002789 0.021535 -0.007264
v 0.003165 0.021535 -0.007108
v 0.003533 0.021535 -0.006933
v 0.003891 0.021535 -0.006739
v 0.004238 0.021535 -0.006526
v 0.004574 0.021535 -0.006295
v 0.004897 0.021535 -0.006047
v 0.005207 0.021535 -0.005783
v 0.005502 0.021535 -0.005502
v 0.005783 0.021535 -0.005207
v 0.006047 0.021535 -0.004897
v 0.006295 0.021535 -0.004574
v 0.006526 0.021535 -0.004238
v 0.006739 0.021535 -0.003891
v 0.006933 0.021535 -0.003533
v 0.007108 0.021535 -0.003165
v 0.007264 0.021535 -0.002789
v 0.007400 0.021535 -0.002405
v 0.007516 0.021535 -0.002014
v 0.007611 0.021535 -0.001618
v 0.007685 0.021535 -0.001217
v 0.007739 0.021535 -0.000813
v 0.007770 0.021535 -0.000407
v 0.005415 0.021963 0.000000
v 0.005407 0.021963 0.000283
v 0.005385 0.021963 0.000566
v 0.005348 0.021963 0.000847
v 0.005297 0.021963 0.001126
v 0.005230 0.021963 0.001401
v 0.005150 0.021963 0.001673
v 0.005055 0.021963 0.001941
v 0.004947 0.021963 0.002202
v 0.004825 0.021963 0.002458
v 0.004689 0.021963 0.002707
v 0.004541 0.021963 0.002949
v 0.004381 0.021963 0.003183
v 0.004208 0.021963 0.003408
v 0.004024 0.021963 0.003623
v 0.003829 0.021963 0.003829
v 0.003623 0.021963 0.004024
v 0.003408 0.021963 0.004208
v 0.003183 0.021963 0.004381
v 0.002949 0.021963 0.004541
v 0.002707 0.021963 0.004689
v 0.002458 0.021963 0.004825
v 0.002202 0.021963 0.004947
v 0.001941 0.021963 0.005055
v 0.001673 0.021963 0.005150
v 0.001401 0.021963 0.005230
v 0.001126 0.021963 0.005297
v 0.000847 0.021963 0.005348
v 0.000566 0.021963 0.005385
v 0.000283 0.021963 0.005407
v 0.000000 0.021963 0.005415
v -0.000283 0.021963 0.005407
v -0.000566 0.021963 0.005385
v -0.000847 0.021963 0.005348
v -0.001126 0.021963 0.005297
v -0.001401 0.021963 0.005230
v -0.001673 0.021963 0.005150
v -0.001941 0.021963 0.005055
v -0.002202 0.021963 0.004947
v -0.002458 0.021963 0.004825
v -0.002707 0.021963 0.004689
v -0.002949 0.021963 0.004541
v -0.003183 0.021963 0.004381
v -0.003408 0.021963 0.004208
v -0.003623 0.021963 0.004024
v -0.003829 0.021963 0.003829
v -0.004024 0.021963 0.003623
v -0.004208 0.021963 0.003408
v -0.004381 0.021963 0.003183
v -0.004541 0.021963 0.002949
v -0.004689 0.021963 0.002707
v -0.004825 0.021963 0.002458
v -0.004947 0.021963 0.002202
v -0.005055 0.021963 0.001941
v -0.005150 0.021963 0.001673
v -0.005230 0.021963 0.001401
v -0.005297 0.021963 0.001126
v -0.005348 0.021963 0.000847
v -0.005385 0.021963 0.000566
v -0.005407 0.021963 0.000283
v -0.005415 0.021963 0.000000
v -0.005407 0.021963 -0.000283
v -0.005385 0.021963 -0.000566
v -0.005348 0.021963 -0.000847
v -0.005297 0.021963 -0.001126
v -0.005230 0.021963 -0.001401
v -0.005150 0.021963 -0.001673
v -0.005055 0.021963 -0.001941
v -0.004947 0.021963 -0.002202
v -0.004825 0.021963 -0.002458
v -0.004689 0.021963 -0.002707
v -0.004541 0.021963 -0.002949
v -0.004381 0.021963 -0.003183
v -0.004208 0.021963 -0.003408
v -0.004024 0.021963 -0.003623
v -0.003829 0.021963 -0.003829
v -0.003623 0.021963 -0.004024
v -0.003408 0.021963 -0.004208
v -0.003183 0.021963 -0.004381
v -0.002949 0.021963 -0.004541
v -0.002707 0.021963 -0.004689
v -0.002458 0.021963 -0.004825
v -0.002202 0.021963 -0.004947
v -0.001941 0.021963 -0.005055
v -0.001673 0.021963 -0.005150
v -0.001401 0.021963 -0.005230
v -0.001126 0.021963 -0.005297
v -0.000847 0.021963 -0.005348
v -0.000566 0.021963 -0.005385
v -0.000283 0.021963 -0.005407
v -0.000000 0.021963 -0.005415
v 0.000283 0.021963 -0.005407
v 0.000566 0.021963 -0.005385
v 0.000847 0.021963 -0.005348
v 0.001126 0.021963 -0.005297
v 0.001401 0.021963 -0.005230
v 0.001673 0.021963 -0.005150
v 0.001941 0.021963 -0.005055
v 0.002202 0.021963 -0.004947
v 0.002458 0.021963 -0.004825
v 0.002707 0.021963 -0.004689
v 0.002949 0.021963 -0.004541
v 0.003183 0.021963 -0.004381
v 0.003408 0.021963 -0.004208
v 0.003623 0.021963 -0.004024
v 0.003829 0.021963 -0.003829
v 0.004024 0.021963 -0.003623
v 0.004208 0.021963 -0.003408
v 0.004381 0.021963 -0.003183
v 0.004541 0.021963 -0.002949
v 0.004689 0.021963 -0.002707
v 0.004825 0.021963 -0.002458
v 0.004947 0.021963 -0.002202
v 0.005055 0.021963 -0.001941
v 0.005150 0.021963 -0.001673
v 0.005230 0.021963 -0.001401
v 0.005297 0.021963 -0.001126
v 0.005348 0.021963 -0.000847
v 0.005385 0.021963 -0.000566
v 0.005407 0.021963 -0.000283
v 0.002777 0.022230 0.000000
v 0.002773 0.022230 0.000145
v 0.002762 0.022230 0.000290
v 0.002743 0.022230 0.000434
v 0.002716 0.022230 0.000577
v 0.002682 0.022230 0.000719
v 0.002641 0.022230 0.000858
v 0.002593 0.022230 0.000995
v 0.002537 0.022230 0.001130
v 0.002474 0.022230 0.001261
v 0.002405 0.022230 0.001389
v 0.002329 0.022230 0.001512
v 0.002247 0.022230 0.001632
v 0.002158 0.022230 0.001748
v 0.002064 0.022230 0.001858
v 0.001964 0.022230 0.001964
v 0.001858 0.022230 0.002064
v 0.001748 0.022230 0.002158
v 0.001632 0.022230 0.002247
v 0.001512 0.022230 0.002329
v 0.001389 0.022230 0.002405
v 0.001261 0.022230 0.002474
v 0.001130 0.022230 0.002537
v 0.000995 0.022230 0.002593
v 0.000858 0.022230 0.002641
v 0.000719 0.022230 0.002682
v 0.000577 0.022230 0.002716
v 0.000434 0.022230 0.002743
v 0.000290 0.022230 0.002762
v 0.000145 0.022230 0.002773
v 0.000000 0.022230 0.002777
v -0.000145 0.022230 0.002773
v -0.000290 0.022230 0.002762
v -0.000434 0.022230 0.002743
v -0.000577 0.022230 0.002716
v -0.000719 0.022230 0.002682
v -0.000858 0.022230 0.002641
v -0.000995 0.022230 0.002593
v -0.001130 0.022230 0.002537
v -0.001261 0.022230 0.002474
v -0.001389 0.022230 0.002405
v -0.001512 0.022230 0.002329
v -0.001632 0.022230 0.002247
v -0.001748 0.022230 0.002158
v -0.001858 0.022230 0.002064
v -0.001964 0.022230 0.001964
v -0.002064 0.022230 0.001858
v -0.002158 0.022230 0.001748
v -0.002247 0.022230 0.001632
v -0.002329 0.022230 0.001512
v -0.002405 0.022230 0.001389
v -0.002474 0.022230 0.001261
v -0.002537 0.022230 0.001130
v -0.002593 0.022230 0.000995
v -0.002641 0.022230 0.000858
v -0.002682 0.022230 0.000719
v -0.002716 0.022230 0.000577
v -0.002743 0.022230 0.000434
v -0.002762 0.022230 0.000290
v -0.002773 0.022230 0.000145
v -0.002777 0.022230 0.000000
v -0.002773 0.022230 -0.000145
v -0.002762 0.022230 -0.000290
v -0.002743 0.022230 -0.000434
v -0.002716 0.022230 -0.000577
v -0.002682 0.022230 -0.000719
v -0.002641 0.022230 -0.000858
v -0.002593 0.022230 -0.000995
v -0.002537 0.022230 -0.001130
v -0.002474 0.022230 -0.001261
v -0.002405 0.022230 -0.001389
v -0.002329 0.022230 -0.001512
v -0.002247 0.022230 -0.001632
v -0.002158 0.022230 -0.001748
v -0.002064 0.022230 -0.001858
v -0.001964 0.022230 -0.001964
v -0.001858 0.022230 -0.002064
v -0.001748 0.022230 -0.002158
v -0.001632 0.022230 -0.002247
v -0.001512 0.022230 -0.002329
v -0.001389 0.022230 -0.002405
v -0.001261 0.022230 -0.002474
v -0.001130 0.022230 -0.002537
v -0.000995 0.022230 -0.002593
v -0.000858 0.022230 -0.002641
v -0.000719 0.022230 -0.002682
v -0.000577 0.022230 -0.002716
v -0.000434 0.022230 -0.002743
v -0.000290 0.022230 -0.002762
v -0.000145 0.022230 -0.002773
v -0.000000 0.022230 -0.002777
v 0.000145 0.022230 -0.002773
v 0.000290 0.022230 -0.002762
v 0.000434 0.022230 -0.002743
v 0.000577 0.022230 -0.002716
v 0.000719 0.022230 -0.002682
v 0.000858 0.022230 -0.002641
v 0.000995 0.022230 -0.002593
v 0.001130 0.022230 -0.002537
v 0.001261 0.022230 -0.002474
v 0.001389 0.022230 -0.002405
v 0.001512 0.022230 -0.002329
v 0.001632 0.022230 -0.002247
v 0.001748 0.022230 -0.002158
v 0.001858 0.022230 -0.002064
v 0.001964 0.022230 -0.001964
v 0.002064 0.022230 -0.001858
v 0.002158 0.022230 -0.001748
v 0.002247 0.022230 -0.001632
v 0.002329 0.022230 -0.001512
v 0.002405 0.022230 -0.001389
v 0.002474 0.022230 -0.001261
v 0.002537 0.022230 -0.001130
v 0.002593 0.022230 -0.000995
v 0.002641 0.022230 -0.000858
v 0.002682 0.022230 -0.000719
v 0.002716 0.022230 -0.000577
v 0.002743 0.022230 -0.000434
v 0.002762 0.022230 -0.000290
v 0.002773 0.022230 -0.000145
v 0.000000 0.022320 0.000000
v 0.012230 0.010560 -0.002640
v 0.012230 0.010560 0.002640
v 0.019920 0.010560 0.002640
v 0.019920 0.010560 -0.002640
v 0.012230 0.018720 -0.002640
v 0.012230 0.018720 0.002640
v 0.019920 0.018720 0.002640
v 0.019920 0.018720 -0.002640
v 0.006290 0.010560 0.010816
v 0.001269 0.010560 0.012448
v 0.003645 0.010560 0.019761
v 0.008666 0.010560 0.018129
v 0.006290 0.018720 0.010816
v 0.001269 0.018720 0.012448
v 0.003645 0.018720 0.019761
v 0.008666 0.018720 0.018129
v -0.008343 0.010560 0.009325
v -0.011446 0.010560 0.005053
v -0.017667 0.010560 0.009573
v -0.014564 0.010560 0.013844
v -0.008343 0.018720 0.009325
v -0.011446 0.018720 0.005053
v -0.017667 0.018720 0.009573
v -0.014564 0.018720 0.013844
v -0.011446 0.010560 -0.005053
v -0.008343 0.010560 -0.009325
v -0.014564 0.010560 -0.013844
v -0.017667 0.010560 -0.009573
v -0.011446 0.018720 -0.005053
v -0.008343 0.018720 -0.009325
v -0.014564 0.018720 -0.013844
v -0.017667 0.018720 -0.009573
v 0.001269 0.010560 -0.012448
v 0.006290 0.010560 -0.010816
v 0.008666 0.010560 -0.018129
v 0.003645 0.010560 -0.019761
v 0.001269 0.018720 -0.012448
v 0.006290 0.018720 -0.010816
v 0.008666 0.018720 -0.018129
v 0.003645 0.018720 -0.019761
usemtl Body
f 49 1 2
f 49 2 3
f 49 3 4
f 49 4 5
f 49 5 6
f 49 6 7
f 49 7 8
f 49 8 9
f 49 9 10
f 49 10 11
f 49 11 12
f 49 12 13
f 49 13 14
f 49 14 15
f 49 15 16
f 49 16 17
f 49 17 18
f 49 18 19
f 49 19 20
f 49 20 21
f 49 21 22
f 49 22 23
f 49 23 24
f 49 24 25
f 49 25 26
f 49 26 27
f 49 27 28
f 49 28 29
f 49 29 30
f 49 30 31
f 49 31 32
f 49 32 33
f 49 33 34
f 49 34 35
f 49 35 36
f 49 36 37
f 49 37 38
f 49 38 39
f 49 39 40
f 49 40 41
f 49 41 42
f 49 42 43
f 49 43 44
f 49 44 45
f 49 45 46
f 49 46 47
f 49 47 48
f 49 48 1
f 1 50 51 2
f 2 51 52 3
f 3 52 53 4
f 4 53 54 5
f 5 54 55 6
f 6 55 56 7
f 7 56 57 8
f 8 57 58 9
f 9 58 59 10
f 10 59 60 11
f 11 60 61 12
f 12 61 62 13
f 13 62 63 14
f 14 63 64 15
f 15 64 65 16
f 16 65 66 17
f 17 66 67 18
f 18 67 68 19
f 19 68 69 20
f 20 69 70 21
f 21 70 71 22
f 22 71 72 23
f 23 72 73 24
f 24 73 74 25
f 25 74 75 26
f 26 75 76 27
f 27 76 77 28
f 28 77 78 29
f 29 78 79 30
f 30 79 80 31
f 31 80 81 32
f 32 81 82 33
f 33 82 83 34
f 34 83 84 35
f 35 84 85 36
f 36 85 86 37
f 37 86 87 38
f 38 87 88 39
f 39 88 89 40
f 40 89 90 41
f 41 90 91 42
f 42 91 92 43
f 43 92 93 44
f 44 93 94 45
f 45 94 95 46
f 46 95 96 47
f 47 96 97 48
f 48 97 50 1
f 50 98 99 51
f 51 99 100 52
f 52 100 101 53
f 53 101 102 54
f 54 102 103 55
f 55 103 104 56
f 56 104 105 57
f 57 105 106 58
f 58 106 107 59
f 59 107 108 60
f 60 108 109 61
f 61 109 110 62
f 62 110 111 63
f 63 111 112 64
f 64 112 113 65
f 65 113 114 66
f 66 114 115 67
f 67 115 116 68
f 68 116 117 69
f 69 117 118 70
f 70 118 119 71
f 71 119 120 72
f 72 120 121 73
f 73 121 122 74
f 74 122 123 75
f 75 123 124 76
f 76 124 125 77
f 77 125 126 78
f 78 126 127 79
f 79 127 128 80
f 80 128 129 81
f 81 129 130 82
f 82 130 131 83
f 83 131 132 84
f 84 132 133 85
f 85 133 134 86
f 86 134 135 87
f 87 135 136 88
f 88 136 137 89
f 89 137 138 90
f 90 138 139 91
f 91 139 140 92
f 92 140 141 93
f 93 141 142 94
f 94 142 143 95
f 95 143 144 96
f 96 144 145 97
f 97 145 98 50
f 98 146 147 99
f 99 147 148 100
f 100 148 149 101
f 101 149 150 102
f 102 150 151 103
f 103 151 152 104
f 104 152 153 105
f 105 153 154 106
f 106 154 155 107
f 107 155 156 108
f 108 156 157 109
f 109 157 158 110
f 110 158 159 111
f 111 159 160 112
f 112 160 161 113
f 113 161 162 114
f 114 162 163 115
f 115 163 164 116
f 116 164 165 117
f 117 165 166 118
f 118 166 167 119
f 119 167 168 120
f 120 168 169 121
f 121 169 170 122
f 122 170 171 123
f 123 171 172 124
f 124 172 173 125
f 125 173 174 126
f 126 174 175 127
f 127 175 176 128
f 128 176 177 129
f 129 177 178 130
f 130 178 179 131
f 131 179 180 132
f 132 180 181 133
f 133 181 182 134
f 134 182 183 135
f 135 183 184 136
f 136 184 185 137
f 137 185 186 138
f 138 186 187 139
f 139 187 188 140
f 140 188 189 141
f 141 189 190 142
f 142 190 191 143
f 143 191 192 144
f 144 192 193 145
f 145 193 146 98
f 146 194 195 147
f 147 195 196 148
f 148 196 197 149
f 149 197 198 150
f 150 198 199 151
f 151 199 200 152
f 152 200 201 153
f 153 201 202 154
f 154 202 203 155
f 155 203 204 156
f 156 204 205 157
f 157 205 206 158
f 158 206 207 159
f 159 207 208 160
f 160 208 209 161
f 161 209 210 162
f 162 210 211 163
f 163 211 212 164
f 164 212 213 165
f 165 213 214 166
f 166 214 215 167
f 167 215 216 168
f 168 216 217 169
f 169 217 218 170
f 170 218 219 171
f 171 219 220 172
f 172 220 221 173
f 173 221 222 174
f 174 222 223 175
f 175 223 224 176
f 176 224 225 177
f 177 225 226 178
f 178 226 227 179
f 179 227 228 180
f 180 228 229 181
f 181 229 230 182
f 182 230 231 183
f 183 231 232 184
f 184 232 233 185
f 185 233 234 186
f 186 234 235 187
f 187 235 236 188
f 188 236 237 189
f 189 237 238 190
f 190 238 239 191
f 191 239 240 192
f 192 240 241 193
f 193 241 194 146
f 194 242 243 195
f 195 243 244 196
f 196 244 245 197
f 197 245 246 198
f 198 246 247 199
f 199 247 248 200
f 200 248 249 201
f 201 249 250 202
f 202 250 251 203
f 203 251 252 204
f 204 252 253 205
f 205 253 254 206
f 206 254 255 207
f 207 255 256 208
f 208 256 257 209
f 209 257 258 210
f 210 258 259 211
f 211 259 260 212
f 212 260 261 213
f 213 261 262 214
f 214 262 263 215
f 215 263 264 216
f 216 264 265 217
f 217 265 266 218
f 218 266 267 219
f 219 267 268 220
f 220 268 269 221
f 221 269 270 222
f 222 270 271 223
f 223 271 272 224
f 224 272 273 225
f 225 273 274 226
f 226 274 275 227
f 227 275 276 228
f 228 276 277 229
f 229 277 278 230
f 230 278 279 231
f 231 279 280 232
f 232 280 281 233
f 233 281 282 234
f 234 282 283 235
f 235 283 284 236
f 236 284 285 237
f 237 285 286 238
f 238 286 287 239
f 239 287 288 240
f 240 288 289 241
f 241 289 242 194
f 242 290 291 243
f 243 291 292 244
f 244 292 293 245
f 245 293 294 246
f 246 294 295 247
f 247 295 296 248
f 248 296 297 249
f 249 297 298 250
f 250 298 299 251
f 251 299 300 252
f 252 300 301 253
f 253 301 302 254
f 254 302 303 255
f 255 303 304 256
f 256 304 305 257
f 257 305 306 258
f 258 306 307 259
f 259 307 308 260
f 260 308 309 261
f 261 309 310 262
f 262 310 311 263
f 263 311 312 264
f 264 312 313 265
f 265 313 314 266
f 266 314 315 267
f 267 315 316 268
f 268 316 317 269
f 269 317 318 270
f 270 318 319 271
f 271 319 320 272
f 272 320 321 273
f 273 321 322 274
f 274 322 323 275
f 275 323 324 276
f 276 324 325 277
f 277 325 326 278
f 278 326 327 279
f 279 327 328 280
f 280 328 329 281
f 281 329 330 282
f 282 330 331 283
f 283 331 332 284
f 284 332 333 285
f 285 333 334 286
f 286 334 335 287
f 287 335 336 288
f 288 336 337 289
f 289 337 290 242
f 290 338 339 291
f 291 339 340 292
f 292 340 341 293
f 293 341 342 294
f 294 342 343 295
f 295 343 344 296
f 296 344 345 297
f 297 345 346 298
f 298 346 347 299
f 299 347 348 300
f 300 348 349 301
f 301 349 350 302
f 302 350 351 303
f 303 351 352 304
f 304 352 353 305
f 305 353 354 306
f 306 354 355 307
f 307 355 356 308
f 308 356 357 309
f 309 357 358 310
f 310 358 359 311
f 311 359 360 312
f 312 360 361 313
f 313 361 362 314
f 314 362 363 315
f 315 363 364 316
f 316 364 365 317
f 317 365 366 318
f 318 366 367 319
f 319 367 368 320
f 320 368 369 321
f 321 369 370 322
f 322 370 371 323
f 323 371 372 324
f 324 372 373 325
f 325 373 374 326
f 326 374 375 327
f 327 375 376 328
f 328 376 377 329
f 329 377 378 330
f 330 378 379 331
f 331 379 380 332
f 332 380 381 333
f 333 381 382 334
f 334 382 383 335
f 335 383 384 336
f 336 384 385 337
f 337 385 338 290
f 338 386 387 339
f 339 387 388 340
f 340 388 389 341
f 341 389 390 342
f 342 390 391 343
f 343 391 392 344
f 344 392 393 345
f 345 393 394 346
f 346 394 395 347
f 347 395 396 348
f 348 396 397 349
f 349 397 398 350
f 350 398 399 351
f 351 399 400 352
f 352 400 401 353
f 353 401 402 354
f 354 402 403 355
f 355 403 404 356
f 356 404 405 357
f 357 405 406 358
f 358 406 407 359
f 359 407 408 360
f 360 408 409 361
f 361 409 410 362
f 362 410 411 363
f 363 411 412 364
f 364 412 413 365
f 365 413 414 366
f 366 414 415 367
f 367 415 416 368
f 368 416 417 369
f 369 417 418 370
f 370 418 419 371
f 371 419 420 372
f 372 420 421 373
f 373 421 422 374
f 374 422 423 375
f 375 423 424 376
f 376 424 425 377
f 377 425 426 378
f 378 426 427 379
f 379 427 428 380
f 380 428 429 381
f 381 429 430 382
f 382 430 431 383
f 383 431 432 384
f 384 432 433 385
f 385 433 386 338
f 386 434 435 387
f 387 435 436 388
f 388 436 437 389
f 389 437 438 390
f 390 438 439 391
f 391 439 440 392
f 392 440 441 393
f 393 441 442 394
f 394 442 443 395
f 395 443 444 396
f 396 444 445 397
f 397 445 446 398
f 398 446 447 399
f 399 447 448 400
f 400 448 449 401
f 401 449 450 402
f 402 450 451 403
f 403 451 452 404
f 404 452 453 405
f 405 453 454 406
f 406 454 455 407
f 407 455 456 408
f 408 456 457 409
f 409 457 458 410
f 410 458 459 411
f 411 459 460 412
f 412 460 461 413
f 413 461 462 414
f 414 462 463 415
f 415 463 464 416
f 416 464 465 417
f 417 465 466 418
f 418 466 467 419
f 419 467 468 420
f 420 468 469 421
f 421 469 470 422
f 422 470 471 423
f 423 471 472 424
f 424 472 473 425
f 425 473 474 426
f 426 474 475 427
f 427 475 476 428
f 428 476 477 429
f 429 477 478 430
f 430 478 479 431
f 431 479 480 432
f 432 480 481 433
f 433 481 434 386
f 434 482 483 435
f 435 483 484 436
f 436 484 485 437
f 437 485 486 438
f 438 486 487 439
f 439 487 488 440
f 440 488 489 441
f 441 489 490 442
f 442 490 491 443
f 443 491 492 444
f 444 492 493 445
f 445 493 494 446
f 446 494 495 447
f 447 495 496 448
f 448 496 497 449
f 449 497 498 450
f 450 498 499 451
f 451 499 500 452
f 452 500 501 453
f 453 501 502 454
f 454 502 503 455
f 455 503 504 456
f 456 504 505 457
f 457 505 506 458
f 458 506 507 459
f 459 507 508 460
f 460 508 509 461
f 461 509 510 462
f 462 510 511 463
f 463 511 512 464
f 464 512 513 465
f 465 513 514 466
f 466 514 515 467
f 467 515 516 468
f 468 516 517 469
f 469 517 518 470
f 470 518 519 471
f 471 519 520 472
f 472 520 521 473
f 473 521 522 474
f 474 522 523 475
f 475 523 524 476
f 476 524 525 477
f 477 525 526 478
f 478 526 527 479
f 479 527 528 480
f 480 528 529 481
f 481 529 482 434
f 2450 2570 2571 2451
f 2451 2571 2572 2452
f 2452 2572 2573 2453
f 2453 2573 2574 2454
f 2454 2574 2575 2455
f 2455 2575 2576 2456
f 2456 2576 2577 2457
f 2457 2577 2578 2458
f 2458 2578 2579 2459
f 2459 2579 2580 2460
f 2460 2580 2581 2461
f 2461 2581 2582 2462
f 2462 2582 2583 2463
f 2463 2583 2584 2464
f 2464 2584 2585 2465
f 2465 2585 2586 2466
f 2466 2586 2587 2467
f 2467 2587 2588 2468
f 2468 2588 2589 2469
f 2469 2589 2590 2470
f 2470 2590 2591 2471
f 2471 2591 2592 2472
f 2472 2592 2593 2473
f 2473 2593 2594 2474
f 2474 2594 2595 2475
f 2475 2595 2596 2476
f 2476 2596 2597 2477
f 2477 2597 2598 2478
f 2478 2598 2599 2479
f 2479 2599 2600 2480
f 2480 2600 2601 2481
f 2481 2601 2602 2482
f 2482 2602 2603 2483
f 2483 2603 2604 2484
f 2484 2604 2605 2485
f 2485 2605 2606 2486
f 2486 2606 2607 2487
f 2487 2607 2608 2488
f 2488 2608 2609 2489
f 2489 2609 2610 2490
f 2490 2610 2611 2491
f 2491 2611 2612 2492
f 2492 2612 2613 2493
f 2493 2613 2614 2494
f 2494 2614 2615 2495
f 2495 2615 2616 2496
f 2496 2616 2617 2497
f 2497 2617 2618 2498
f 2498 2618 2619 2499
f 2499 2619 2620 2500
f 2500 2620 2621 2501
f 2501 2621 2622 2502
f 2502 2622 2623 2503
f 2503 2623 2624 2504
f 2504 2624 2625 2505
f 2505 2625 2626 2506
f 2506 2626 2627 2507
f 2507 2627 2628 2508
f 2508 2628 2629 2509
f 2509 2629 2630 2510
f 2510 2630 2631 2511
f 2511 2631 2632 2512
f 2512 2632 2633 2513
f 2513 2633 2634 2514
f 2514 2634 2635 2515
f 2515 2635 2636 2516
f 2516 2636 2637 2517
f 2517 2637 2638 2518
f 2518 2638 2639 2519
f 2519 2639 2640 2520
f 2520 2640 2641 2521
f 2521 2641 2642 2522
f 2522 2642 2643 2523
f 2523 2643 2644 2524
f 2524 2644 2645 2525
f 2525 2645 2646 2526
f 2526 2646 2647 2527
f 2527 2647 2648 2528
f 2528 2648 2649 2529
f 2529 2649 2650 2530
f 2530 2650 2651 2531
f 2531 2651 2652 2532
f 2532 2652 2653 2533
f 2533 2653 2654 2534
f 2534 2654 2655 2535
f 2535 2655 2656 2536
f 2536 2656 2657 2537
f 2537 2657 2658 2538
f 2538 2658 2659 2539
f 2539 2659 2660 2540
f 2540 2660 2661 2541
f 2541 2661 2662 2542
f 2542 2662 2663 2543
f 2543 2663 2664 2544
f 2544 2664 2665 2545
f 2545 2665 2666 2546
f 2546 2666 2667 2547
f 2547 2667 2668 2548
f 2548 2668 2669 2549
f 2549 2669 2670 2550
f 2550 2670 2671 2551
f 2551 2671 2672 2552
f 2552 2672 2673 2553
f 2553 2673 2674 2554
f 2554 2674 2675 2555
f 2555 2675 2676 2556
f 2556 2676 2677 2557
f 2557 2677 2678 2558
f 2558 2678 2679 2559
f 2559 2679 2680 2560
f 2560 2680 2681 2561
f 2561 2681 2682 2562
f 2562 2682 2683 2563
f 2563 2683 2684 2564
f 2564 2684 2685 2565
f 2565 2685 2686 2566
f 2566 2686 2687 2567
f 2567 2687 2688 2568
f 2568 2688 2689 2569
f 2569 2689 2570 2450
f 2690 2450 2451
f 2690 2451 2452
f 2690 2452 2453
f 2690 2453 2454
f 2690 2454 2455
f 2690 2455 2456
f 2690 2456 2457
f 2690 2457 2458
f 2690 2458 2459
f 2690 2459 2460
f 2690 2460 2461
f 2690 2461 2462
f 2690 2462 2463
f 2690 2463 2464
f 2690 2464 2465
f 2690 2465 2466
f 2690 2466 2467
f 2690 2467 2468
f 2690 2468 2469
f 2690 2469 2470
f 2690 2470 2471
f 2690 2471 2472
f 2690 2472 2473
f 2690 2473 2474
f 2690 2474 2475
f 2690 2475 2476
f 2690 2476 2477
f 2690 2477 2478
f 2690 2478 2479
f 2690 2479 2480
f 2690 2480 2481
f 2690 2481 2482
f 2690 2482 2483
f 2690 2483 2484
f 2690 2484 2485
f 2690 2485 2486
f 2690 2486 2487
f 2690 2487 2488
f 2690 2488 2489
f 2690 2489 2490
f 2690 2490 2491
f 2690 2491 2492
f 2690 2492 2493
f 2690 2493 2494
f 2690 2494 2495
f 2690 2495 2496
f 2690 2496 2497
f 2690 2497 2498
f 2690 2498 2499
f 2690 2499 2500
f 2690 2500 2501
f 2690 2501 2502
f 2690 2502 2503
f 2690 2503 2504
f 2690 2504 2505
f 2690 2505 2506
f 2690 2506 2507
f 2690 2507 2508
f 2690 2508 2509
f 2690 2509 2510
f 2690 2510 2511
f 2690 2511 2512
f 2690 2512 2513
f 2690 2513 2514
f 2690 2514 2515
f 2690 2515 2516
f 2690 2516 2517
f 2690 2517 2518
f 2690 2518 2519
f 2690 2519 2520
f 2690 2520 2521
f 2690 2521 2522
f 2690 2522 2523
f 2690 2523 2524
f 2690 2524 2525
f 2690 2525 2526
f 2690 2526 2527
f 2690 2527 2528
f 2690 2528 2529
f 2690 2529 2530
f 2690 2530 2531
f 2690 2531 2532
f 2690 2532 2533
f 2690 2533 2534
f 2690 2534 2535
f 2690 2535 2536
f 2690 2536 2537
f 2690 2537 2538
f 2690 2538 2539
f 2690 2539 2540
f 2690 2540 2541
f 2690 2541 2542
f 2690 2542 2543
f 2690 2543 2544
f 2690 2544 2545
f 2690 2545 2546
f 2690 2546 2547
f 2690 2547 2548
f 2690 2548 2549
f 2690 2549 2550
f 2690 2550 2551
f 2690 2551 2552
f 2690 2552 2553
f 2690 2553 2554
f 2690 2554 2555
f 2690 2555 2556
f 2690 2556 2557
f 2690 2557 2558
f 2690 2558 2559
f 2690 2559 2560
f 2690 2560 2561
f 2690 2561 2562
f 2690 2562 2563
f 2690 2563 2564
f 2690 2564 2565
f 2690 2565 2566
f 2690 2566 2567
f 2690 2567 2568
f 2690 2568 2569
f 2690 2569 2450
f 2570 2691 2692 2571
f 2571 2692 2693 2572
f 2572 2693 2694 2573
f 2573 2694 2695 2574
f 2574 2695 2696 2575
f 2575 2696 2697 2576
f 2576 2697 2698 2577
f 2577 2698 2699 2578
f 2578 2699 2700 2579
f 2579 2700 2701 2580
f 2580 2701 2702 2581
f 2581 2702 2703 2582
f 2582 2703 2704 2583
f 2583 2704 2705 2584
f 2584 2705 2706 2585
f 2585 2706 2707 2586
f 2586 2707 2708 2587
f 2587 2708 2709 2588
f 2588 2709 2710 2589
f 2589 2710 2711 2590
f 2590 2711 2712 2591
f 2591 2712 2713 2592
f 2592 2713 2714 2593
f 2593 2714 2715 2594
f 2594 2715 2716 2595
f 2595 2716 2717 2596
f 2596 2717 2718 2597
f 2597 2718 2719 2598
f 2598 2719 2720 2599
f 2599 2720 2721 2600
f 2600 2721 2722 2601
f 2601 2722 2723 2602
f 2602 2723 2724 2603
f 2603 2724 2725 2604
f 2604 2725 2726 2605
f 2605 2726 2727 2606
f 2606 2727 2728 2607
f 2607 2728 2729 2608
f 2608 2729 2730 2609
f 2609 2730 2731 2610
f 2610 2731 2732 2611
f 2611 2732 2733 2612
f 2612 2733 2734 2613
f 2613 2734 2735 2614
f 2614 2735 2736 2615
f 2615 2736 2737 2616
f 2616 2737 2738 2617
f 2617 2738 2739 2618
f 2618 2739 2740 2619
f 2619 2740 2741 2620
f 2620 2741 2742 2621
f 2621 2742 2743 2622
f 2622 2743 2744 2623
f 2623 2744 2745 2624
f 2624 2745 2746 2625
f 2625 2746 2747 2626
f 2626 2747 2748 2627
f 2627 2748 2749 2628
f 2628 2749 2750 2629
f 2629 2750 2751 2630
f 2630 2751 2752 2631
f 2631 2752 2753 2632
f 2632 2753 2754 2633
f 2633 2754 2755 2634
f 2634 2755 2756 2635
f 2635 2756 2757 2636
f 2636 2757 2758 2637
f 2637 2758 2759 2638
f 2638 2759 2760 2639
f 2639 2760 2761 2640
f 2640 2761 2762 2641
f 2641 2762 2763 2642
f 2642 2763 2764 2643
f 2643 2764 2765 2644
f 2644 2765 2766 2645
f 2645 2766 2767 2646
f 2646 2767 2768 2647
f 2647 2768 2769 2648
f 2648 2769 2770 2649
f 2649 2770 2771 2650
f 2650 2771 2772 2651
f 2651 2772 2773 2652
f 2652 2773 2774 2653
f 2653 2774 2775 2654
f 2654 2775 2776 2655
f 2655 2776 2777 2656
f 2656 2777 2778 2657
f 2657 2778 2779 2658
f 2658 2779 2780 2659
f 2659 2780 2781 2660
f 2660 2781 2782 2661
f 2661 2782 2783 2662
f 2662 2783 2784 2663
f 2663 2784 2785 2664
f 2664 2785 2786 2665
f 2665 2786 2787 2666
f 2666 2787 2788 2667
f 2667 2788 2789 2668
f 2668 2789 2790 2669
f 2669 2790 2791 2670
f 2670 2791 2792 2671
f 2671 2792 2793 2672
f 2672 2793 2794 2673
f 2673 2794 2795 2674
f 2674 2795 2796 2675
f 2675 2796 2797 2676
f 2676 2797 2798 2677
f 2677 2798 2799 2678
f 2678 2799 2800 2679
f 2679 2800 2801 2680
f 2680 2801 2802 2681
f 2681 2802 2803 2682
f 2682 2803 2804 2683
f 2683 2804 2805 2684
f 2684 2805 2806 2685
f 2685 2806 2807 2686
f 2686 2807 2808 2687
f 2687 2808 2809 2688
f 2688 2809 2810 2689
f 2689 2810 2691 2570
f 2691 2811 2812 2692
f 2692 2812 2813 2693
f 2693 2813 2814 2694
f 2694 2814 2815 2695
f 2695 2815 2816 2696
f 2696 2816 2817 2697
f 2697 2817 2818 2698
f 2698 2818 2819 2699
f 2699 2819 2820 2700
f 2700 2820 2821 2701
f 2701 2821 2822 2702
f 2702 2822 2823 2703
f 2703 2823 2824 2704
f 2704 2824 2825 2705
f 2705 2825 2826 2706
f 2706 2826 2827 2707
f 2707 2827 2828 2708
f 2708 2828 2829 2709
f 2709 2829 2830 2710
f 2710 2830 2831 2711
f 2711 2831 2832 2712
f 2712 2832 2833 2713
f 2713 2833 2834 2714
f 2714 2834 2835 2715
f 2715 2835 2836 2716
f 2716 2836 2837 2717
f 2717 2837 2838 2718
f 2718 2838 2839 2719
f 2719 2839 2840 2720
f 2720 2840 2841 2721
f 2721 2841 2842 2722
f 2722 2842 2843 2723
f 2723 2843 2844 2724
f 2724 2844 2845 2725
f 2725 2845 2846 2726
f 2726 2846 2847 2727
f 2727 2847 2848 2728
f 2728 2848 2849 2729
f 2729 2849 2850 2730
f 2730 2850 2851 2731
f 2731 2851 2852 2732
f 2732 2852 2853 2733
f 2733 2853 2854 2734
f 2734 2854 2855 2735
f 2735 2855 2856 2736
f 2736 2856 2857 2737
f 2737 2857 2858 2738
f 2738 2858 2859 2739
f 2739 2859 2860 2740
f 2740 2860 2861 2741
f 2741 2861 2862 2742
f 2742 2862 2863 2743
f 2743 2863 2864 2744
f 2744 2864 2865 2745
f 2745 2865 2866 2746
f 2746 2866 2867 2747
f 2747 2867 2868 2748
f 2748 2868 2869 2749
f 2749 2869 2870 2750
f 2750 2870 2871 2751
f 2751 2871 2872 2752
f 2752 2872 2873 2753
f 2753 2873 2874 2754
f 2754 2874 2875 2755
f 2755 2875 2876 2756
f 2756 2876 2877 2757
f 2757 2877 2878 2758
f 2758 2878 2879 2759
f 2759 2879 2880 2760
f 2760 2880 2881 2761
f 2761 2881 2882 2762
f 2762 2882 2883 2763
f 2763 2883 2884 2764
f 2764 2884 2885 2765
f 2765 2885 2886 2766
f 2766 2886 2887 2767
f 2767 2887 2888 2768
f 2768 2888 2889 2769
f 2769 2889 2890 2770
f 2770 2890 2891 2771
f 2771 2891 2892 2772
f 2772 2892 2893 2773
f 2773 2893 2894 2774
f 2774 2894 2895 2775
f 2775 2895 2896 2776
f 2776 2896 2897 2777
f 2777 2897 2898 2778
f 2778 2898 2899 2779
f 2779 2899 2900 2780
f 2780 2900 2901 2781
f 2781 2901 2902 2782
f 2782 2902 2903 2783
f 2783 2903 2904 2784
f 2784 2904 2905 2785
f 2785 2905 2906 2786
f 2786 2906 2907 2787
f 2787 2907 2908 2788
f 2788 2908 2909 2789
f 2789 2909 2910 2790
f 2790 2910 2911 2791
f 2791 2911 2912 2792
f 2792 2912 2913 2793
f 2793 2913 2914 2794
f 2794 2914 2915 2795
f 2795 2915 2916 2796
f 2796 2916 2917 2797
f 2797 2917 2918 2798
f 2798 2918 2919 2799
f 2799 2919 2920 2800
f 2800 2920 2921 2801
f 2801 2921 2922 2802
f 2802 2922 2923 2803
f 2803 2923 2924 2804
f 2804 2924 2925 2805
f 2805 2925 2926 2806
f 2806 2926 2927 2807
f 2807 2927 2928 2808
f 2808 2928 2929 2809
f 2809 2929 2930 2810
f 2810 2930 2811 2691
f 2811 2931 2932 2812
f 2812 2932 2933 2813
f 2813 2933 2934 2814
f 2814 2934 2935 2815
f 2815 2935 2936 2816
f 2816 2936 2937 2817
f 2817 2937 2938 2818
f 2818 2938 2939 2819
f 2819 2939 2940 2820
f 2820 2940 2941 2821
f 2821 2941 2942 2822
f 2822 2942 2943 2823
f 2823 2943 2944 2824
f 2824 2944 2945 2825
f 2825 2945 2946 2826
f 2826 2946 2947 2827
f 2827 2947 2948 2828
f 2828 2948 2949 2829
f 2829 2949 2950 2830
f 2830 2950 2951 2831
f 2831 2951 2952 2832
f 2832 2952 2953 2833
f 2833 2953 2954 2834
f 2834 2954 2955 2835
f 2835 2955 2956 2836
f 2836 2956 2957 2837
f 2837 2957 2958 2838
f 2838 2958 2959 2839
f 2839 2959 2960 2840
f 2840 2960 2961 2841
f 2841 2961 2962 2842
f 2842 2962 2963 2843
f 2843 2963 2964 2844
f 2844 2964 2965 2845
f 2845 2965 2966 2846
f 2846 2966 2967 2847
f 2847 2967 2968 2848
f 2848 2968 2969 2849
f 2849 2969 2970 2850
f 2850 2970 2971 2851
f 2851 2971 2972 2852
f 2852 2972 2973 2853
f 2853 2973 2974 2854
f 2854 2974 2975 2855
f 2855 2975 2976 2856
f 2856 2976 2977 2857
f 2857 2977 2978 2858
f 2858 2978 2979 2859
f 2859 2979 2980 2860
f 2860 2980 2981 2861
f 2861 2981 2982 2862
f 2862 2982 2983 2863
f 2863 2983 2984 2864
f 2864 2984 2985 2865
f 2865 2985 2986 2866
f 2866 2986 2987 2867
f 2867 2987 2988 2868
f 2868 2988 2989 2869
f 2869 2989 2990 2870
f 2870 2990 2991 2871
f 2871 2991 2992 2872
f 2872 2992 2993 2873
f 2873 2993 2994 2874
f 2874 2994 2995 2875
f 2875 2995 2996 2876
f 2876 2996 2997 2877
f 2877 2997 2998 2878
f 2878 2998 2999 2879
f 2879 2999 3000 2880
f 2880 3000 3001 2881
f 2881 3001 3002 2882
f 2882 3002 3003 2883
f 2883 3003 3004 2884
f 2884 3004 3005 2885
f 2885 3005 3006 2886
f 2886 3006 3007 2887
f 2887 3007 3008 2888
f 2888 3008 3009 2889
f 2889 3009 3010 2890
f 2890 3010 3011 2891
f 2891 3011 3012 2892
f 2892 3012 3013 2893
f 2893 3013 3014 2894
f 2894 3014 3015 2895
f 2895 3015 3016 2896
f 2896 3016 3017 2897
f 2897 3017 3018 2898
f 2898 3018 3019 2899
f 2899 3019 3020 2900
f 2900 3020 3021 2901
f 2901 3021 3022 2902
f 2902 3022 3023 2903
f 2903 3023 3024 2904
f 2904 3024 3025 2905
f 2905 3025 3026 2906
f 2906 3026 3027 2907
f 2907 3027 3028 2908
f 2908 3028 3029 2909
f 2909 3029 3030 2910
f 2910 3030 3031 2911
f 2911 3031 3032 2912
f 2912 3032 3033 2913
f 2913 3033 3034 2914
f 2914 3034 3035 2915
f 2915 3035 3036 2916
f 2916 3036 3037 2917
f 2917 3037 3038 2918
f 2918 3038 3039 2919
f 2919 3039 3040 2920
f 2920 3040 3041 2921
f 2921 3041 3042 2922
f 2922 3042 3043 2923
f 2923 3043 3044 2924
f 2924 3044 3045 2925
f 2925 3045 3046 2926
f 2926 3046 3047 2927
f 2927 3047 3048 2928
f 2928 3048 3049 2929
f 2929 3049 3050 2930
f 2930 3050 2931 2811
f 2931 3051 3052 2932
f 2932 3052 3053 2933
f 2933 3053 3054 2934
f 2934 3054 3055 2935
f 2935 3055 3056 2936
f 2936 3056 3057 2937
f 2937 3057 3058 2938
f 2938 3058 3059 2939
f 2939 3059 3060 2940
f 2940 3060 3061 2941
f 2941 3061 3062 2942
f 2942 3062 3063 2943
f 2943 3063 3064 2944
f 2944 3064 3065 2945
f 2945 3065 3066 2946
f 2946 3066 3067 2947
f 2947 3067 3068 2948
f 2948 3068 3069 2949
f 2949 3069 3070 2950
f 2950 3070 3071 2951
f 2951 3071 3072 2952
f 2952 3072 3073 2953
f 2953 3073 3074 2954
f 2954 3074 3075 2955
f 2955 3075 3076 2956
f 2956 3076 3077 2957
f 2957 3077 3078 2958
f 2958 3078 3079 2959
f 2959 3079 3080 2960
f 2960 3080 3081 2961
f 2961 3081 3082 2962
f 2962 3082 3083 2963
f 2963 3083 3084 2964
f 2964 3084 3085 2965
f 2965 3085 3086 2966
f 2966 3086 3087 2967
f 2967 3087 3088 2968
f 2968 3088 3089 2969
f 2969 3089 3090 2970
f 2970 3090 3091 2971
f 2971 3091 3092 2972
f 2972 3092 3093 2973
f 2973 3093 3094 2974
f 2974 3094 3095 2975
f 2975 3095 3096 2976
f 2976 3096 3097 2977
f 2977 3097 3098 2978
f 2978 3098 3099 2979
f 2979 3099 3100 2980
f 2980 3100 3101 2981
f 2981 3101 3102 2982
f 2982 3102 3103 2983
f 2983 3103 3104 2984
f 2984 3104 3105 2985
f 2985 3105 3106 2986
f 2986 3106 3107 2987
f 2987 3107 3108 2988
f 2988 3108 3109 2989
f 2989 3109 3110 2990
f 2990 3110 3111 2991
f 2991 3111 3112 2992
f 2992 3112 3113 2993
f 2993 3113 3114 2994
f 2994 3114 3115 2995
f 2995 3115 3116 2996
f 2996 3116 3117 2997
f 2997 3117 3118 2998
f 2998 3118 3119 2999
f 2999 3119 3120 3000
f 3000 3120 3121 3001
f 3001 3121 3122 3002
f 3002 3122 3123 3003
f 3003 3123 3124 3004
f 3004 3124 3125 3005
f 3005 3125 3126 3006
f 3006 3126 3127 3007
f 3007 3127 3128 3008
f 3008 3128 3129 3009
f 3009 3129 3130 3010
f 3010 3130 3131 3011
f 3011 3131 3132 3012
f 3012 3132 3133 3013
f 3013 3133 3134 3014
f 3014 3134 3135 3015
f 3015 3135 3136 3016
f 3016 3136 3137 3017
f 3017 3137 3138 3018
f 3018 3138 3139 3019
f 3019 3139 3140 3020
f 3020 3140 3141 3021
f 3021 3141 3142 3022
f 3022 3142 3143 3023
f 3023 3143 3144 3024
f 3024 3144 3145 3025
f 3025 3145 3146 3026
f 3026 3146 3147 3027
f 3027 3147 3148 3028
f 3028 3148 3149 3029
f 3029 3149 3150 3030
f 3030 3150 3151 3031
f 3031 3151 3152 3032
f 3032 3152 3153 3033
f 3033 3153 3154 3034
f 3034 3154 3155 3035
f 3035 3155 3156 3036
f 3036 3156 3157 3037
f 3037 3157 3158 3038
f 3038 3158 3159 3039
f 3039 3159 3160 3040
f 3040 3160 3161 3041
f 3041 3161 3162 3042
f 3042 3162 3163 3043
f 3043 3163 3164 3044
f 3044 3164 3165 3045
f 3045 3165 3166 3046
f 3046 3166 3167 3047
f 3047 3167 3168 3048
f 3048 3168 3169 3049
f 3049 3169 3170 3050
f 3050 3170 3051 2931
f 3051 3171 3172 3052
f 3052 3172 3173 3053
f 3053 3173 3174 3054
f 3054 3174 3175 3055
f 3055 3175 3176 3056
f 3056 3176 3177 3057
f 3057 3177 3178 3058
f 3058 3178 3179 3059
f 3059 3179 3180 3060
f 3060 3180 3181 3061
f 3061 3181 3182 3062
f 3062 3182 3183 3063
f 3063 3183 3184 3064
f 3064 3184 3185 3065
f 3065 3185 3186 3066
f 3066 3186 3187 3067
f 3067 3187 3188 3068
f 3068 3188 3189 3069
f 3069 3189 3190 3070
f 3070 3190 3191 3071
f 3071 3191 3192 3072
f 3072 3192 3193 3073
f 3073 3193 3194 3074
f 3074 3194 3195 3075
f 3075 3195 3196 3076
f 3076 3196 3197 3077
f 3077 3197 3198 3078
f 3078 3198 3199 3079
f 3079 3199 3200 3080
f 3080 3200 3201 3081
f 3081 3201 3202 3082
f 3082 3202 3203 3083
f 3083 3203 3204 3084
f 3084 3204 3205 3085
f 3085 3205 3206 3086
f 3086 3206 3207 3087
f 3087 3207 3208 3088
f 3088 3208 3209 3089
f 3089 3209 3210 3090
f 3090 3210 3211 3091
f 3091 3211 3212 3092
f 3092 3212 3213 3093
f 3093 3213 3214 3094
f 3094 3214 3215 3095
f 3095 3215 3216 3096
f 3096 3216 3217 3097
f 3097 3217 3218 3098
f 3098 3218 3219 3099
f 3099 3219 3220 3100
f 3100 3220 3221 3101
f 3101 3221 3222 3102
f 3102 3222 3223 3103
f 3103 3223 3224 3104
f 3104 3224 3225 3105
f 3105 3225 3226 3106
f 3106 3226 3227 3107
f 3107 3227 3228 3108
f 3108 3228 3229 3109
f 3109 3229 3230 3110
f 3110 3230 3231 3111
f 3111 3231 3232 3112
f 3112 3232 3233 3113
f 3113 3233 3234 3114
f 3114 3234 3235 3115
f 3115 3235 3236 3116
f 3116 3236 3237 3117
f 3117 3237 3238 3118
f 3118 3238 3239 3119
f 3119 3239 3240 3120
f 3120 3240 3241 3121
f 3121 3241 3242 3122
f 3122 3242 3243 3123
f 3123 3243 3244 3124
f 3124 3244 3245 3125
f 3125 3245 3246 3126
f 3126 3246 3247 3127
f 3127 3247 3248 3128
f 3128 3248 3249 3129
f 3129 3249 3250 3130
f 3130 3250 3251 3131
f 3131 3251 3252 3132
f 3132 3252 3253 3133
f 3133 3253 3254 3134
f 3134 3254 3255 3135
f 3135 3255 3256 3136
f 3136 3256 3257 3137
f 3137 3257 3258 3138
f 3138 3258 3259 3139
f 3139 3259 3260 3140
f 3140 3260 3261 3141
f 3141 3261 3262 3142
f 3142 3262 3263 3143
f 3143 3263 3264 3144
f 3144 3264 3265 3145
f 3145 3265 3266 3146
f 3146 3266 3267 3147
f 3147 3267 3268 3148
f 3148 3268 3269 3149
f 3149 3269 3270 3150
f 3150 3270 3271 3151
f 3151 3271 3272 3152
f 3152 3272 3273 3153
f 3153 3273 3274 3154
f 3154 3274 3275 3155
f 3155 3275 3276 3156
f 3156 3276 3277 3157
f 3157 3277 3278 3158
f 3158 3278 3279 3159
f 3159 3279 3280 3160
f 3160 3280 3281 3161
f 3161 3281 3282 3162
f 3162 3282 3283 3163
f 3163 3283 3284 3164
f 3164 3284 3285 3165
f 3165 3285 3286 3166
f 3166 3286 3287 3167
f 3167 3287 3288 3168
f 3168 3288 3289 3169
f 3169 3289 3290 3170
f 3170 3290 3171 3051
f 3171 3291 3292 3172
f 3172 3292 3293 3173
f 3173 3293 3294 3174
f 3174 3294 3295 3175
f 3175 3295 3296 3176
f 3176 3296 3297 3177
f 3177 3297 3298 3178
f 3178 3298 3299 3179
f 3179 3299 3300 3180
f 3180 3300 3301 3181
f 3181 3301 3302 3182
f 3182 3302 3303 3183
f 3183 3303 3304 3184
f 3184 3304 3305 3185
f 3185 3305 3306 3186
f 3186 3306 3307 3187
f 3187 3307 3308 3188
f 3188 3308 3309 3189
f 3189 3309 3310 3190
f 3190 3310 3311 3191
f 3191 3311 3312 3192
f 3192 3312 3313 3193
f 3193 3313 3314 3194
f 3194 3314 3315 3195
f 3195 3315 3316 3196
f 3196 3316 3317 3197
f 3197 3317 3318 3198
f 3198 3318 3319 3199
f 3199 3319 3320 3200
f 3200 3320 3321 3201
f 3201 3321 3322 3202
f 3202 3322 3323 3203
f 3203 3323 3324 3204
f 3204 3324 3325 3205
f 3205 3325 3326 3206
f 3206 3326 3327 3207
f 3207 3327 3328 3208
f 3208 3328 3329 3209
f 3209 3329 3330 3210
f 3210 3330 3331 3211
f 3211 3331 3332 3212
f 3212 3332 3333 3213
f 3213 3333 3334 3214
f 3214 3334 3335 3215
f 3215 3335 3336 3216
f 3216 3336 3337 3217
f 3217 3337 3338 3218
f 3218 3338 3339 3219
f 3219 3339 3340 3220
f 3220 3340 3341 3221
f 3221 3341 3342 3222
f 3222 3342 3343 3223
f 3223 3343 3344 3224
f 3224 3344 3345 3225
f 3225 3345 3346 3226
f 3226 3346 3347 3227
f 3227 3347 3348 3228
f 3228 3348 3349 3229
f 3229 3349 3350 3230
f 3230 3350 3351 3231
f 3231 3351 3352 3232
f 3232 3352 3353 3233
f 3233 3353 3354 3234
f 3234 3354 3355 3235
f 3235 3355 3356 3236
f 3236 3356 3357 3237
f 3237 3357 3358 3238
f 3238 3358 3359 3239
f 3239 3359 3360 3240
f 3240 3360 3361 3241
f 3241 3361 3362 3242
f 3242 3362 3363 3243
f 3243 3363 3364 3244
f 3244 3364 3365 3245
f 3245 3365 3366 3246
f 3246 3366 3367 3247
f 3247 3367 3368 3248
f 3248 3368 3369 3249
f 3249 3369 3370 3250
f 3250 3370 3371 3251
f 3251 3371 3372 3252
f 3252 3372 3373 3253
f 3253 3373 3374 3254
f 3254 3374 3375 3255
f 3255 3375 3376 3256
f 3256 3376 3377 3257
f 3257 3377 3378 3258
f 3258 3378 3379 3259
f 3259 3379 3380 3260
f 3260 3380 3381 3261
f 3261 3381 3382 3262
f 3262 3382 3383 3263
f 3263 3383 3384 3264
f 3264 3384 3385 3265
f 3265 3385 3386 3266
f 3266 3386 3387 3267
f 3267 3387 3388 3268
f 3268 3388 3389 3269
f 3269 3389 3390 3270
f 3270 3390 3391 3271
f 3271 3391 3392 3272
f 3272 3392 3393 3273
f 3273 3393 3394 3274
f 3274 3394 3395 3275
f 3275 3395 3396 3276
f 3276 3396 3397 3277
f 3277 3397 3398 3278
f 3278 3398 3399 3279
f 3279 3399 3400 3280
f 3280 3400 3401 3281
f 3281 3401 3402 3282
f 3282 3402 3403 3283
f 3283 3403 3404 3284
f 3284 3404 3405 3285
f 3285 3405 3406 3286
f 3286 3406 3407 3287
f 3287 3407 3408 3288
f 3288 3408 3409 3289
f 3289 3409 3410 3290
f 3290 3410 3291 3171
f 3411 3292 3291
f 3411 3293 3292
f 3411 3294 3293
f 3411 3295 3294
f 3411 3296 3295
f 3411 3297 3296
f 3411 3298 3297
f 3411 3299 3298
f 3411 3300 3299
f 3411 3301 3300
f 3411 3302 3301
f 3411 3303 3302
f 3411 3304 3303
f 3411 3305 3304
f 3411 3306 3305
f 3411 3307 3306
f 3411 3308 3307
f 3411 3309 3308
f 3411 3310 3309
f 3411 3311 3310
f 3411 3312 3311
f 3411 3313 3312
f 3411 3314 3313
f 3411 3315 3314
f 3411 3316 3315
f 3411 3317 3316
f 3411 3318 3317
f 3411 3319 3318
f 3411 3320 3319
f 3411 3321 3320
f 3411 3322 3321
f 3411 3323 3322
f 3411 3324 3323
f 3411 3325 3324
f 3411 3326 3325
f 3411 3327 3326
f 3411 3328 3327
f 3411 3329 3328
f 3411 3330 3329
f 3411 3331 3330
f 3411 3332 3331
f 3411 3333 3332
f 3411 3334 3333
f 3411 3335 3334
f 3411 3336 3335
f 3411 3337 3336
f 3411 3338 3337
f 3411 3339 3338
f 3411 3340 3339
f 3411 3341 3340
f 3411 3342 3341
f 3411 3343 3342
f 3411 3344 3343
f 3411 3345 3344
f 3411 3346 3345
f 3411 3347 3346
f 3411 3348 3347
f 3411 3349 3348
f 3411 3350 3349
f 3411 3351 3350
f 3411 3352 3351
f 3411 3353 3352
f 3411 3354 3353
f 3411 3355 3354
f 3411 3356 3355
f 3411 3357 3356
f 3411 3358 3357
f 3411 3359 3358
f 3411 3360 3359
f 3411 3361 3360
f 3411 3362 3361
f 3411 3363 3362
f 3411 3364 3363
f 3411 3365 3364
f 3411 3366 3365
f 3411 3367 3366
f 3411 3368 3367
f 3411 3369 3368
f 3411 3370 3369
f 3411 3371 3370
f 3411 3372 3371
f 3411 3373 3372
f 3411 3374 3373
f 3411 3375 3374
f 3411 3376 3375
f 3411 3377 3376
f 3411 3378 3377
f 3411 3379 3378
f 3411 3380 3379
f 3411 3381 3380
f 3411 3382 3381
f 3411 3383 3382
f 3411 3384 3383
f 3411 3385 3384
f 3411 3386 3385
f 3411 3387 3386
f 3411 3388 3387
f 3411 3389 3388
f 3411 3390 3389
f 3411 3391 3390
f 3411 3392 3391
f 3411 3393 3392
f 3411 3394 3393
f 3411 3395 3394
f 3411 3396 3395
f 3411 3397 3396
f 3411 3398 3397
f 3411 3399 3398
f 3411 3400 3399
f 3411 3401 3400
f 3411 3402 3401
f 3411 3403 3402
f 3411 3404 3403
f 3411 3405 3404
f 3411 3406 3405
f 3411 3407 3406
f 3411 3408 3407
f 3411 3409 3408
f 3411 3410 3409
f 3411 3291 3410
f 3416 3417 3418 3419
f 3415 3414 3413 3412
f 3412 3413 3417 3416
f 3414 3415 3419 3418
f 3413 3414 3418 3417
f 3415 3412 3416 3419
f 3424 3425 3426 3427
f 3423 3422 3421 3420
f 3420 3421 3425 3424
f 3422 3423 3427 3426
f 3421 3422 3426 3425
f 3423 3420 3424 3427
f 3432 3433 3434 3435
f 3431 3430 3429 3428
f 3428 3429 3433 3432
f 3430 3431 3435 3434
f 3429 3430 3434 3433
f 3431 3428 3432 3435
f 3440 3441 3442 3443
f 3439 3438 3437 3436
f 3436 3437 3441 3440
f 3438 3439 3443 3442
f 3437 3438 3442 3441
f 3439 3436 3440 3443
f 3448 3449 3450 3451
f 3447 3446 3445 3444
f 3444 3445 3449 3448
f 3446 3447 3451 3450
f 3445 3446 3450 3449
f 3447 3444 3448 3451
usemtl Rim
f 530 650 651 531
f 531 651 652 532
f 532 652 653 533
f 533 653 654 534
f 534 654 655 535
f 535 655 656 536
f 536 656 657 537
f 537 657 658 538
f 538 658 659 539
f 539 659 660 540
f 540 660 661 541
f 541 661 662 542
f 542 662 663 543
f 543 663 664 544
f 544 664 665 545
f 545 665 666 546
f 546 666 667 547
f 547 667 668 548
f 548 668 669 549
f 549 669 670 550
f 550 670 671 551
f 551 671 672 552
f 552 672 673 553
f 553 673 674 554
f 554 674 675 555
f 555 675 676 556
f 556 676 677 557
f 557 677 678 558
f 558 678 679 559
f 559 679 680 560
f 560 680 681 561
f 561 681 682 562
f 562 682 683 563
f 563 683 684 564
f 564 684 685 565
f 565 685 686 566
f 566 686 687 567
f 567 687 688 568
f 568 688 689 569
f 569 689 690 570
f 570 690 691 571
f 571 691 692 572
f 572 692 693 573
f 573 693 694 574
f 574 694 695 575
f 575 695 696 576
f 576 696 697 577
f 577 697 698 578
f 578 698 699 579
f 579 699 700 580
f 580 700 701 581
f 581 701 702 582
f 582 702 703 583
f 583 703 704 584
f 584 704 705 585
f 585 705 706 586
f 586 706 707 587
f 587 707 708 588
f 588 708 709 589
f 589 709 710 590
f 590 710 711 591
f 591 711 712 592
f 592 712 713 593
f 593 713 714 594
f 594 714 715 595
f 595 715 716 596
f 596 716 717 597
f 597 717 718 598
f 598 718 719 599
f 599 719 720 600
f 600 720 721 601
f 601 721 722 602
f 602 722 723 603
f 603 723 724 604
f 604 724 725 605
f 605 725 726 606
f 606 726 727 607
f 607 727 728 608
f 608 728 729 609
f 609 729 730 610
f 610 730 731 611
f 611 731 732 612
f 612 732 733 613
f 613 733 734 614
f 614 734 735 615
f 615 735 736 616
f 616 736 737 617
f 617 737 738 618
f 618 738 739 619
f 619 739 740 620
f 620 740 741 621
f 621 741 742 622
f 622 742 743 623
f 623 743 744 624
f 624 744 745 625
f 625 745 746 626
f 626 746 747 627
f 627 747 748 628
f 628 748 749 629
f 629 749 750 630
f 630 750 751 631
f 631 751 752 632
f 632 752 753 633
f 633 753 754 634
f 634 754 755 635
f 635 755 756 636
f 636 756 757 637
f 637 757 758 638
f 638 758 759 639
f 639 759 760 640
f 640 760 761 641
f 641 761 762 642
f 642 762 763 643
f 643 763 764 644
f 644 764 765 645
f 645 765 766 646
f 646 766 767 647
f 647 767 768 648
f 648 768 769 649
f 649 769 650 530
f 650 770 771 651
f 651 771 772 652
f 652 772 773 653
f 653 773 774 654
f 654 774 775 655
f 655 775 776 656
f 656 776 777 657
f 657 777 778 658
f 658 778 779 659
f 659 779 780 660
f 660 780 781 661
f 661 781 782 662
f 662 782 783 663
f 663 783 784 664
f 664 784 785 665
f 665 785 786 666
f 666 786 787 667
f 667 787 788 668
f 668 788 789 669
f 669 789 790 670
f 670 790 791 671
f 671 791 792 672
f 672 792 793 673
f 673 793 794 674
f 674 794 795 675
f 675 795 796 676
f 676 796 797 677
f 677 797 798 678
f 678 798 799 679
f 679 799 800 680
f 680 800 801 681
f 681 801 802 682
f 682 802 803 683
f 683 803 804 684
f 684 804 805 685
f 685 805 806 686
f 686 806 807 687
f 687 807 808 688
f 688 808 809 689
f 689 809 810 690
f 690 810 811 691
f 691 811 812 692
f 692 812 813 693
f 693 813 814 694
f 694 814 815 695
f 695 815 816 696
f 696 816 817 697
f 697 817 818 698
f 698 818 819 699
f 699 819 820 700
f 700 820 821 701
f 701 821 822 702
f 702 822 823 703
f 703 823 824 704
f 704 824 825 705
f 705 825 826 706
f 706 826 827 707
f 707 827 828 708
f 708 828 829 709
f 709 829 830 710
f 710 830 831 711
f 711 831 832 712
f 712 832 833 713
f 713 833 834 714
f 714 834 835 715
f 715 835 836 716
f 716 836 837 717
f 717 837 838 718
f 718 838 839 719
f 719 839 840 720
f 720 840 841 721
f 721 841 842 722
f 722 842 843 723
f 723 843 844 724
f 724 844 845 725
f 725 845 846 726
f 726 846 847 727
f 727 847 848 728
f 728 848 849 729
f 729 849 850 730
f 730 850 851 731
f 731 851 852 732
f 732 852 853 733
f 733 853 854 734
f 734 854 855 735
f 735 855 856 736
f 736 856 857 737
f 737 857 858 738
f 738 858 859 739
f 739 859 860 740
f 740 860 861 741
f 741 861 862 742
f 742 862 863 743
f 743 863 864 744
f 744 864 865 745
f 745 865 866 746
f 746 866 867 747
f 747 867 868 748
f 748 868 869 749
f 749 869 870 750
f 750 870 871 751
f 751 871 872 752
f 752 872 873 753
f 753 873 874 754
f 754 874 875 755
f 755 875 876 756
f 756 876 877 757
f 757 877 878 758
f 758 878 879 759
f 759 879 880 760
f 760 880 881 761
f 761 881 882 762
f 762 882 883 763
f 763 883 884 764
f 764 884 885 765
f 765 885 886 766
f 766 886 887 767
f 767 887 888 768
f 768 888 889 769
f 769 889 770 650
f 770 890 891 771
f 771 891 892 772
f 772 892 893 773
f 773 893 894 774
f 774 894 895 775
f 775 895 896 776
f 776 896 897 777
f 777 897 898 778
f 778 898 899 779
f 779 899 900 780
f 780 900 901 781
f 781 901 902 782
f 782 902 903 783
f 783 903 904 784
f 784 904 905 785
f 785 905 906 786
f 786 906 907 787
f 787 907 908 788
f 788 908 909 789
f 789 909 910 790
f 790 910 911 791
f 791 911 912 792
f 792 912 913 793
f 793 913 914 794
f 794 914 915 795
f 795 915 916 796
f 796 916 917 797
f 797 917 918 798
f 798 918 919 799
f 799 919 920 800
f 800 920 921 801
f 801 921 922 802
f 802 922 923 803
f 803 923 924 804
f 804 924 925 805
f 805 925 926 806
f 806 926 927 807
f 807 927 928 808
f 808 928 929 809
f 809 929 930 810
f 810 930 931 811
f 811 931 932 812
f 812 932 933 813
f 813 933 934 814
f 814 934 935 815
f 815 935 936 816
f 816 936 937 817
f 817 937 938 818
f 818 938 939 819
f 819 939 940 820
f 820 940 941 821
f 821 941 942 822
f 822 942 943 823
f 823 943 944 824
f 824 944 945 825
f 825 945 946 826
f 826 946 947 827
f 827 947 948 828
f 828 948 949 829
f 829 949 950 830
f 830 950 951 831
f 831 951 952 832
f 832 952 953 833
f 833 953 954 834
f 834 954 955 835
f 835 955 956 836
f 836 956 957 837
f 837 957 958 838
f 838 958 959 839
f 839 959 960 840
f 840 960 961 841
f 841 961 962 842
f 842 962 963 843
f 843 963 964 844
f 844 964 965 845
f 845 965 966 846
f 846 966 967 847
f 847 967 968 848
f 848 968 969 849
f 849 969 970 850
f 850 970 971 851
f 851 971 972 852
f 852 972 973 853
f 853 973 974 854
f 854 974 975 855
f 855 975 976 856
f 856 976 977 857
f 857 977 978 858
f 858 978 979 859
f 859 979 980 860
f 860 980 981 861
f 861 981 982 862
f 862 982 983 863
f 863 983 984 864
f 864 984 985 865
f 865 985 986 866
f 866 986 987 867
f 867 987 988 868
f 868 988 989 869
f 869 989 990 870
f 870 990 991 871
f 871 991 992 872
f 872 992 993 873
f 873 993 994 874
f 874 994 995 875
f 875 995 996 876
f 876 996 997 877
f 877 997 998 878
f 878 998 999 879
f 879 999 1000 880
f 880 1000 1001 881
f 881 1001 1002 882
f 882 1002 1003 883
f 883 1003 1004 884
f 884 1004 1005 885
f 885 1005 1006 886
f 886 1006 1007 887
f 887 1007 1008 888
f 888 1008 1009 889
f 889 1009 890 770
f 890 1010 1011 891
f 891 1011 1012 892
f 892 1012 1013 893
f 893 1013 1014 894
f 894 1014 1015 895
f 895 1015 1016 896
f 896 1016 1017 897
f 897 1017 1018 898
f 898 1018 1019 899
f 899 1019 1020 900
f 900 1020 1021 901
f 901 1021 1022 902
f 902 1022 1023 903
f 903 1023 1024 904
f 904 1024 1025 905
f 905 1025 1026 906
f 906 1026 1027 907
f 907 1027 1028 908
f 908 1028 1029 909
f 909 1029 1030 910
f 910 1030 1031 911
f 911 1031 1032 912
f 912 1032 1033 913
f 913 1033 1034 914
f 914 1034 1035 915
f 915 1035 1036 916
f 916 1036 1037 917
f 917 1037 1038 918
f 918 1038 1039 919
f 919 1039 1040 920
f 920 1040 1041 921
f 921 1041 1042 922
f 922 1042 1043 923
f 923 1043 1044 924
f 924 1044 1045 925
f 925 1045 1046 926
f 926 1046 1047 927
f 927 1047 1048 928
f 928 1048 1049 929
f 929 1049 1050 930
f 930 1050 1051 931
f 931 1051 1052 932
f 932 1052 1053 933
f 933 1053 1054 934
f 934 1054 1055 935
f 935 1055 1056 936
f 936 1056 1057 937
f 937 1057 1058 938
f 938 1058 1059 939
f 939 1059 1060 940
f 940 1060 1061 941
f 941 1061 1062 942
f 942 1062 1063 943
f 943 1063 1064 944
f 944 1064 1065 945
f 945 1065 1066 946
f 946 1066 1067 947
f 947 1067 1068 948
f 948 1068 1069 949
f 949 1069 1070 950
f 950 1070 1071 951
f 951 1071 1072 952
f 952 1072 1073 953
f 953 1073 1074 954
f 954 1074 1075 955
f 955 1075 1076 956
f 956 1076 1077 957
f 957 1077 1078 958
f 958 1078 1079 959
f 959 1079 1080 960
f 960 1080 1081 961
f 961 1081 1082 962
f 962 1082 1083 963
f 963 1083 1084 964
f 964 1084 1085 965
f 965 1085 1086 966
f 966 1086 1087 967
f 967 1087 1088 968
f 968 1088 1089 969
f 969 1089 1090 970
f 970 1090 1091 971
f 971 1091 1092 972
f 972 1092 1093 973
f 973 1093 1094 974
f 974 1094 1095 975
f 975 1095 1096 976
f 976 1096 1097 977
f 977 1097 1098 978
f 978 1098 1099 979
f 979 1099 1100 980
f 980 1100 1101 981
f 981 1101 1102 982
f 982 1102 1103 983
f 983 1103 1104 984
f 984 1104 1105 985
f 985 1105 1106 986
f 986 1106 1107 987
f 987 1107 1108 988
f 988 1108 1109 989
f 989 1109 1110 990
f 990 1110 1111 991
f 991 1111 1112 992
f 992 1112 1113 993
f 993 1113 1114 994
f 994 1114 1115 995
f 995 1115 1116 996
f 996 1116 1117 997
f 997 1117 1118 998
f 998 1118 1119 999
f 999 1119 1120 1000
f 1000 1120 1121 1001
f 1001 1121 1122 1002
f 1002 1122 1123 1003
f 1003 1123 1124 1004
f 1004 1124 1125 1005
f 1005 1125 1126 1006
f 1006 1126 1127 1007
f 1007 1127 1128 1008
f 1008 1128 1129 1009
f 1009 1129 1010 890
f 1010 1130 1131 1011
f 1011 1131 1132 1012
f 1012 1132 1133 1013
f 1013 1133 1134 1014
f 1014 1134 1135 1015
f 1015 1135 1136 1016
f 1016 1136 1137 1017
f 1017 1137 1138 1018
f 1018 1138 1139 1019
f 1019 1139 1140 1020
f 1020 1140 1141 1021
f 1021 1141 1142 1022
f 1022 1142 1143 1023
f 1023 1143 1144 1024
f 1024 1144 1145 1025
f 1025 1145 1146 1026
f 1026 1146 1147 1027
f 1027 1147 1148 1028
f 1028 1148 1149 1029
f 1029 1149 1150 1030
f 1030 1150 1151 1031
f 1031 1151 1152 1032
f 1032 1152 1153 1033
f 1033 1153 1154 1034
f 1034 1154 1155 1035
f 1035 1155 1156 1036
f 1036 1156 1157 1037
f 1037 1157 1158 1038
f 1038 1158 1159 1039
f 1039 1159 1160 1040
f 1040 1160 1161 1041
f 1041 1161 1162 1042
f 1042 1162 1163 1043
f 1043 1163 1164 1044
f 1044 1164 1165 1045
f 1045 1165 1166 1046
f 1046 1166 1167 1047
f 1047 1167 1168 1048
f 1048 1168 1169 1049
f 1049 1169 1170 1050
f 1050 1170 1171 1051
f 1051 1171 1172 1052
f 1052 1172 1173 1053
f 1053 1173 1174 1054
f 1054 1174 1175 1055
f 1055 1175 1176 1056
f 1056 1176 1177 1057
f 1057 1177 1178 1058
f 1058 1178 1179 1059
f 1059 1179 1180 1060
f 1060 1180 1181 1061
f 1061 1181 1182 1062
f 1062 1182 1183 1063
f 1063 1183 1184 1064
f 1064 1184 1185 1065
f 1065 1185 1186 1066
f 1066 1186 1187 1067
f 1067 1187 1188 1068
f 1068 1188 1189 1069
f 1069 1189 1190 1070
f 1070 1190 1191 1071
f 1071 1191 1192 1072
f 1072 1192 1193 1073
f 1073 1193 1194 1074
f 1074 1194 1195 1075
f 1075 1195 1196 1076
f 1076 1196 1197 1077
f 1077 1197 1198 1078
f 1078 1198 1199 1079
f 1079 1199 1200 1080
f 1080 1200 1201 1081
f 1081 1201 1202 1082
f 1082 1202 1203 1083
f 1083 1203 1204 1084
f 1084 1204 1205 1085
f 1085 1205 1206 1086
f 1086 1206 1207 1087
f 1087 1207 1208 1088
f 1088 1208 1209 1089
f 1089 1209 1210 1090
f 1090 1210 1211 1091
f 1091 1211 1212 1092
f 1092 1212 1213 1093
f 1093 1213 1214 1094
f 1094 1214 1215 1095
f 1095 1215 1216 1096
f 1096 1216 1217 1097
f 1097 1217 1218 1098
f 1098 1218 1219 1099
f 1099 1219 1220 1100
f 1100 1220 1221 1101
f 1101 1221 1222 1102
f 1102 1222 1223 1103
f 1103 1223 1224 1104
f 1104 1224 1225 1105
f 1105 1225 1226 1106
f 1106 1226 1227 1107
f 1107 1227 1228 1108
f 1108 1228 1229 1109
f 1109 1229 1230 1110
f 1110 1230 1231 1111
f 1111 1231 1232 1112
f 1112 1232 1233 1113
f 1113 1233 1234 1114
f 1114 1234 1235 1115
f 1115 1235 1236 1116
f 1116 1236 1237 1117
f 1117 1237 1238 1118
f 1118 1238 1239 1119
f 1119 1239 1240 1120
f 1120 1240 1241 1121
f 1121 1241 1242 1122
f 1122 1242 1243 1123
f 1123 1243 1244 1124
f 1124 1244 1245 1125
f 1125 1245 1246 1126
f 1126 1246 1247 1127
f 1127 1247 1248 1128
f 1128 1248 1249 1129
f 1129 1249 1130 1010
f 1130 1250 1251 1131
f 1131 1251 1252 1132
f 1132 1252 1253 1133
f 1133 1253 1254 1134
f 1134 1254 1255 1135
f 1135 1255 1256 1136
f 1136 1256 1257 1137
f 1137 1257 1258 1138
f 1138 1258 1259 1139
f 1139 1259 1260 1140
f 1140 1260 1261 1141
f 1141 1261 1262 1142
f 1142 1262 1263 1143
f 1143 1263 1264 1144
f 1144 1264 1265 1145
f 1145 1265 1266 1146
f 1146 1266 1267 1147
f 1147 1267 1268 1148
f 1148 1268 1269 1149
f 1149 1269 1270 1150
f 1150 1270 1271 1151
f 1151 1271 1272 1152
f 1152 1272 1273 1153
f 1153 1273 1274 1154
f 1154 1274 1275 1155
f 1155 1275 1276 1156
f 1156 1276 1277 1157
f 1157 1277 1278 1158
f 1158 1278 1279 1159
f 1159 1279 1280 1160
f 1160 1280 1281 1161
f 1161 1281 1282 1162
f 1162 1282 1283 1163
f 1163 1283 1284 1164
f 1164 1284 1285 1165
f 1165 1285 1286 1166
f 1166 1286 1287 1167
f 1167 1287 1288 1168
f 1168 1288 1289 1169
f 1169 1289 1290 1170
f 1170 1290 1291 1171
f 1171 1291 1292 1172
f 1172 1292 1293 1173
f 1173 1293 1294 1174
f 1174 1294 1295 1175
f 1175 1295 1296 1176
f 1176 1296 1297 1177
f 1177 1297 1298 1178
f 1178 1298 1299 1179
f 1179 1299 1300 1180
f 1180 1300 1301 1181
f 1181 1301 1302 1182
f 1182 1302 1303 1183
f 1183 1303 1304 1184
f 1184 1304 1305 1185
f 1185 1305 1306 1186
f 1186 1306 1307 1187
f 1187 1307 1308 1188
f 1188 1308 1309 1189
f 1189 1309 1310 1190
f 1190 1310 1311 1191
f 1191 1311 1312 1192
f 1192 1312 1313 1193
f 1193 1313 1314 1194
f 1194 1314 1315 1195
f 1195 1315 1316 1196
f 1196 1316 1317 1197
f 1197 1317 1318 1198
f 1198 1318 1319 1199
f 1199 1319 1320 1200
f 1200 1320 1321 1201
f 1201 1321 1322 1202
f 1202 1322 1323 1203
f 1203 1323 1324 1204
f 1204 1324 1325 1205
f 1205 1325 1326 1206
f 1206 1326 1327 1207
f 1207 1327 1328 1208
f 1208 1328 1329 1209
f 1209 1329 1330 1210
f 1210 1330 1331 1211
f 1211 1331 1332 1212
f 1212 1332 1333 1213
f 1213 1333 1334 1214
f 1214 1334 1335 1215
f 1215 1335 1336 1216
f 1216 1336 1337 1217
f 1217 1337 1338 1218
f 1218 1338 1339 1219
f 1219 1339 1340 1220
f 1220 1340 1341 1221
f 1221 1341 1342 1222
f 1222 1342 1343 1223
f 1223 1343 1344 1224
f 1224 1344 1345 1225
f 1225 1345 1346 1226
f 1226 1346 1347 1227
f 1227 1347 1348 1228
f 1228 1348 1349 1229
f 1229 1349 1350 1230
f 1230 1350 1351 1231
f 1231 1351 1352 1232
f 1232 1352 1353 1233
f 1233 1353 1354 1234
f 1234 1354 1355 1235
f 1235 1355 1356 1236
f 1236 1356 1357 1237
f 1237 1357 1358 1238
f 1238 1358 1359 1239
f 1239 1359 1360 1240
f 1240 1360 1361 1241
f 1241 1361 1362 1242
f 1242 1362 1363 1243
f 1243 1363 1364 1244
f 1244 1364 1365 1245
f 1245 1365 1366 1246
f 1246 1366 1367 1247
f 1247 1367 1368 1248
f 1248 1368 1369 1249
f 1249 1369 1250 1130
f 1250 1370 1371 1251
f 1251 1371 1372 1252
f 1252 1372 1373 1253
f 1253 1373 1374 1254
f 1254 1374 1375 1255
f 1255 1375 1376 1256
f 1256 1376 1377 1257
f 1257 1377 1378 1258
f 1258 1378 1379 1259
f 1259 1379 1380 1260
f 1260 1380 1381 1261
f 1261 1381 1382 1262
f 1262 1382 1383 1263
f 1263 1383 1384 1264
f 1264 1384 1385 1265
f 1265 1385 1386 1266
f 1266 1386 1387 1267
f 1267 1387 1388 1268
f 1268 1388 1389 1269
f 1269 1389 1390 1270
f 1270 1390 1391 1271
f 1271 1391 1392 1272
f 1272 1392 1393 1273
f 1273 1393 1394 1274
f 1274 1394 1395 1275
f 1275 1395 1396 1276
f 1276 1396 1397 1277
f 1277 1397 1398 1278
f 1278 1398 1399 1279
f 1279 1399 1400 1280
f 1280 1400 1401 1281
f 1281 1401 1402 1282
f 1282 1402 1403 1283
f 1283 1403 1404 1284
f 1284 1404 1405 1285
f 1285 1405 1406 1286
f 1286 1406 1407 1287
f 1287 1407 1408 1288
f 1288 1408 1409 1289
f 1289 1409 1410 1290
f 1290 1410 1411 1291
f 1291 1411 1412 1292
f 1292 1412 1413 1293
f 1293 1413 1414 1294
f 1294 1414 1415 1295
f 1295 1415 1416 1296
f 1296 1416 1417 1297
f 1297 1417 1418 1298
f 1298 1418 1419 1299
f 1299 1419 1420 1300
f 1300 1420 1421 1301
f 1301 1421 1422 1302
f 1302 1422 1423 1303
f 1303 1423 1424 1304
f 1304 1424 1425 1305
f 1305 1425 1426 1306
f 1306 1426 1427 1307
f 1307 1427 1428 1308
f 1308 1428 1429 1309
f 1309 1429 1430 1310
f 1310 1430 1431 1311
f 1311 1431 1432 1312
f 1312 1432 1433 1313
f 1313 1433 1434 1314
f 1314 1434 1435 1315
f 1315 1435 1436 1316
f 1316 1436 1437 1317
f 1317 1437 1438 1318
f 1318 1438 1439 1319
f 1319 1439 1440 1320
f 1320 1440 1441 1321
f 1321 1441 1442 1322
f 1322 1442 1443 1323
f 1323 1443 1444 1324
f 1324 1444 1445 1325
f 1325 1445 1446 1326
f 1326 1446 1447 1327
f 1327 1447 1448 1328
f 1328 1448 1449 1329
f 1329 1449 1450 1330
f 1330 1450 1451 1331
f 1331 1451 1452 1332
f 1332 1452 1453 1333
f 1333 1453 1454 1334
f 1334 1454 1455 1335
f 1335 1455 1456 1336
f 1336 1456 1457 1337
f 1337 1457 1458 1338
f 1338 1458 1459 1339
f 1339 1459 1460 1340
f 1340 1460 1461 1341
f 1341 1461 1462 1342
f 1342 1462 1463 1343
f 1343 1463 1464 1344
f 1344 1464 1465 1345
f 1345 1465 1466 1346
f 1346 1466 1467 1347
f 1347 1467 1468 1348
f 1348 1468 1469 1349
f 1349 1469 1470 1350
f 1350 1470 1471 1351
f 1351 1471 1472 1352
f 1352 1472 1473 1353
f 1353 1473 1474 1354
f 1354 1474 1475 1355
f 1355 1475 1476 1356
f 1356 1476 1477 1357
f 1357 1477 1478 1358
f 1358 1478 1479 1359
f 1359 1479 1480 1360
f 1360 1480 1481 1361
f 1361 1481 1482 1362
f 1362 1482 1483 1363
f 1363 1483 1484 1364
f 1364 1484 1485 1365
f 1365 1485 1486 1366
f 1366 1486 1487 1367
f 1367 1487 1488 1368
f 1368 1488 1489 1369
f 1369 1489 1370 1250
f 1370 1490 1491 1371
f 1371 1491 1492 1372
f 1372 1492 1493 1373
f 1373 1493 1494 1374
f 1374 1494 1495 1375
f 1375 1495 1496 1376
f 1376 1496 1497 1377
f 1377 1497 1498 1378
f 1378 1498 1499 1379
f 1379 1499 1500 1380
f 1380 1500 1501 1381
f 1381 1501 1502 1382
f 1382 1502 1503 1383
f 1383 1503 1504 1384
f 1384 1504 1505 1385
f 1385 1505 1506 1386
f 1386 1506 1507 1387
f 1387 1507 1508 1388
f 1388 1508 1509 1389
f 1389 1509 1510 1390
f 1390 1510 1511 1391
f 1391 1511 1512 1392
f 1392 1512 1513 1393
f 1393 1513 1514 1394
f 1394 1514 1515 1395
f 1395 1515 1516 1396
f 1396 1516 1517 1397
f 1397 1517 1518 1398
f 1398 1518 1519 1399
f 1399 1519 1520 1400
f 1400 1520 1521 1401
f 1401 1521 1522 1402
f 1402 1522 1523 1403
f 1403 1523 1524 1404
f 1404 1524 1525 1405
f 1405 1525 1526 1406
f 1406 1526 1527 1407
f 1407 1527 1528 1408
f 1408 1528 1529 1409
f 1409 1529 1530 1410
f 1410 1530 1531 1411
f 1411 1531 1532 1412
f 1412 1532 1533 1413
f 1413 1533 1534 1414
f 1414 1534 1535 1415
f 1415 1535 1536 1416
f 1416 1536 1537 1417
f 1417 1537 1538 1418
f 1418 1538 1539 1419
f 1419 1539 1540 1420
f 1420 1540 1541 1421
f 1421 1541 1542 1422
f 1422 1542 1543 1423
f 1423 1543 1544 1424
f 1424 1544 1545 1425
f 1425 1545 1546 1426
f 1426 1546 1547 1427
f 1427 1547 1548 1428
f 1428 1548 1549 1429
f 1429 1549 1550 1430
f 1430 1550 1551 1431
f 1431 1551 1552 1432
f 1432 1552 1553 1433
f 1433 1553 1554 1434
f 1434 1554 1555 1435
f 1435 1555 1556 1436
f 1436 1556 1557 1437
f 1437 1557 1558 1438
f 1438 1558 1559 1439
f 1439 1559 1560 1440
f 1440 1560 1561 1441
f 1441 1561 1562 1442
f 1442 1562 1563 1443
f 1443 1563 1564 1444
f 1444 1564 1565 1445
f 1445 1565 1566 1446
f 1446 1566 1567 1447
f 1447 1567 1568 1448
f 1448 1568 1569 1449
f 1449 1569 1570 1450
f 1450 1570 1571 1451
f 1451 1571 1572 1452
f 1452 1572 1573 1453
f 1453 1573 1574 1454
f 1454 1574 1575 1455
f 1455 1575 1576 1456
f 1456 1576 1577 1457
f 1457 1577 1578 1458
f 1458 1578 1579 1459
f 1459 1579 1580 1460
f 1460 1580 1581 1461
f 1461 1581 1582 1462
f 1462 1582 1583 1463
f 1463 1583 1584 1464
f 1464 1584 1585 1465
f 1465 1585 1586 1466
f 1466 1586 1587 1467
f 1467 1587 1588 1468
f 1468 1588 1589 1469
f 1469 1589 1590 1470
f 1470 1590 1591 1471
f 1471 1591 1592 1472
f 1472 1592 1593 1473
f 1473 1593 1594 1474
f 1474 1594 1595 1475
f 1475 1595 1596 1476
f 1476 1596 1597 1477
f 1477 1597 1598 1478
f 1478 1598 1599 1479
f 1479 1599 1600 1480
f 1480 1600 1601 1481
f 1481 1601 1602 1482
f 1482 1602 1603 1483
f 1483 1603 1604 1484
f 1484 1604 1605 1485
f 1485 1605 1606 1486
f 1486 1606 1607 1487
f 1487 1607 1608 1488
f 1488 1608 1609 1489
f 1489 1609 1490 1370
f 1490 1610 1611 1491
f 1491 1611 1612 1492
f 1492 1612 1613 1493
f 1493 1613 1614 1494
f 1494 1614 1615 1495
f 1495 1615 1616 1496
f 1496 1616 1617 1497
f 1497 1617 1618 1498
f 1498 1618 1619 1499
f 1499 1619 1620 1500
f 1500 1620 1621 1501
f 1501 1621 1622 1502
f 1502 1622 1623 1503
f 1503 1623 1624 1504
f 1504 1624 1625 1505
f 1505 1625 1626 1506
f 1506 1626 1627 1507
f 1507 1627 1628 1508
f 1508 1628 1629 1509
f 1509 1629 1630 1510
f 1510 1630 1631 1511
f 1511 1631 1632 1512
f 1512 1632 1633 1513
f 1513 1633 1634 1514
f 1514 1634 1635 1515
f 1515 1635 1636 1516
f 1516 1636 1637 1517
f 1517 1637 1638 1518
f 1518 1638 1639 1519
f 1519 1639 1640 1520
f 1520 1640 1641 1521
f 1521 1641 1642 1522
f 1522 1642 1643 1523
f 1523 1643 1644 1524
f 1524 1644 1645 1525
f 1525 1645 1646 1526
f 1526 1646 1647 1527
f 1527 1647 1648 1528
f 1528 1648 1649 1529
f 1529 1649 1650 1530
f 1530 1650 1651 1531
f 1531 1651 1652 1532
f 1532 1652 1653 1533
f 1533 1653 1654 1534
f 1534 1654 1655 1535
f 1535 1655 1656 1536
f 1536 1656 1657 1537
f 1537 1657 1658 1538
f 1538 1658 1659 1539
f 1539 1659 1660 1540
f 1540 1660 1661 1541
f 1541 1661 1662 1542
f 1542 1662 1663 1543
f 1543 1663 1664 1544
f 1544 1664 1665 1545
f 1545 1665 1666 1546
f 1546 1666 1667 1547
f 1547 1667 1668 1548
f 1548 1668 1669 1549
f 1549 1669 1670 1550
f 1550 1670 1671 1551
f 1551 1671 1672 1552
f 1552 1672 1673 1553
f 1553 1673 1674 1554
f 1554 1674 1675 1555
f 1555 1675 1676 1556
f 1556 1676 1677 1557
f 1557 1677 1678 1558
f 1558 1678 1679 1559
f 1559 1679 1680 1560
f 1560 1680 1681 1561
f 1561 1681 1682 1562
f 1562 1682 1683 1563
f 1563 1683 1684 1564
f 1564 1684 1685 1565
f 1565 1685 1686 1566
f 1566 1686 1687 1567
f 1567 1687 1688 1568
f 1568 1688 1689 1569
f 1569 1689 1690 1570
f 1570 1690 1691 1571
f 1571 1691 1692 1572
f 1572 1692 1693 1573
f 1573 1693 1694 1574
f 1574 1694 1695 1575
f 1575 1695 1696 1576
f 1576 1696 1697 1577
f 1577 1697 1698 1578
f 1578 1698 1699 1579
f 1579 1699 1700 1580
f 1580 1700 1701 1581
f 1581 1701 1702 1582
f 1582 1702 1703 1583
f 1583 1703 1704 1584
f 1584 1704 1705 1585
f 1585 1705 1706 1586
f 1586 1706 1707 1587
f 1587 1707 1708 1588
f 1588 1708 1709 1589
f 1589 1709 1710 1590
f 1590 1710 1711 1591
f 1591 1711 1712 1592
f 1592 1712 1713 1593
f 1593 1713 1714 1594
f 1594 1714 1715 1595
f 1595 1715 1716 1596
f 1596 1716 1717 1597
f 1597 1717 1718 1598
f 1598 1718 1719 1599
f 1599 1719 1720 1600
f 1600 1720 1721 1601
f 1601 1721 1722 1602
f 1602 1722 1723 1603
f 1603 1723 1724 1604
f 1604 1724 1725 1605
f 1605 1725 1726 1606
f 1606 1726 1727 1607
f 1607 1727 1728 1608
f 1608 1728 1729 1609
f 1609 1729 1610 1490
f 1610 1730 1731 1611
f 1611 1731 1732 1612
f 1612 1732 1733 1613
f 1613 1733 1734 1614
f 1614 1734 1735 1615
f 1615 1735 1736 1616
f 1616 1736 1737 1617
f 1617 1737 1738 1618
f 1618 1738 1739 1619
f 1619 1739 1740 1620
f 1620 1740 1741 1621
f 1621 1741 1742 1622
f 1622 1742 1743 1623
f 1623 1743 1744 1624
f 1624 1744 1745 1625
f 1625 1745 1746 1626
f 1626 1746 1747 1627
f 1627 1747 1748 1628
f 1628 1748 1749 1629
f 1629 1749 1750 1630
f 1630 1750 1751 1631
f 1631 1751 1752 1632
f 1632 1752 1753 1633
f 1633 1753 1754 1634
f 1634 1754 1755 1635
f 1635 1755 1756 1636
f 1636 1756 1757 1637
f 1637 1757 1758 1638
f 1638 1758 1759 1639
f 1639 1759 1760 1640
f 1640 1760 1761 1641
f 1641 1761 1762 1642
f 1642 1762 1763 1643
f 1643 1763 1764 1644
f 1644 1764 1765 1645
f 1645 1765 1766 1646
f 1646 1766 1767 1647
f 1647 1767 1768 1648
f 1648 1768 1769 1649
f 1649 1769 1770 1650
f 1650 1770 1771 1651
f 1651 1771 1772 1652
f 1652 1772 1773 1653
f 1653 1773 1774 1654
f 1654 1774 1775 1655
f 1655 1775 1776 1656
f 1656 1776 1777 1657
f 1657 1777 1778 1658
f 1658 1778 1779 1659
f 1659 1779 1780 1660
f 1660 1780 1781 1661
f 1661 1781 1782 1662
f 1662 1782 1783 1663
f 1663 1783 1784 1664
f 1664 1784 1785 1665
f 1665 1785 1786 1666
f 1666 1786 1787 1667
f 1667 1787 1788 1668
f 1668 1788 1789 1669
f 1669 1789 1790 1670
f 1670 1790 1791 1671
f 1671 1791 1792 1672
f 1672 1792 1793 1673
f 1673 1793 1794 1674
f 1674 1794 1795 1675
f 1675 1795 1796 1676
f 1676 1796 1797 1677
f 1677 1797 1798 1678
f 1678 1798 1799 1679
f 1679 1799 1800 1680
f 1680 1800 1801 1681
f 1681 1801 1802 1682
f 1682 1802 1803 1683
f 1683 1803 1804 1684
f 1684 1804 1805 1685
f 1685 1805 1806 1686
f 1686 1806 1807 1687
f 1687 1807 1808 1688
f 1688 1808 1809 1689
f 1689 1809 1810 1690
f 1690 1810 1811 1691
f 1691 1811 1812 1692
f 1692 1812 1813 1693
f 1693 1813 1814 1694
f 1694 1814 1815 1695
f 1695 1815 1816 1696
f 1696 1816 1817 1697
f 1697 1817 1818 1698
f 1698 1818 1819 1699
f 1699 1819 1820 1700
f 1700 1820 1821 1701
f 1701 1821 1822 1702
f 1702 1822 1823 1703
f 1703 1823 1824 1704
f 1704 1824 1825 1705
f 1705 1825 1826 1706
f 1706 1826 1827 1707
f 1707 1827 1828 1708
f 1708 1828 1829 1709
f 1709 1829 1830 1710
f 1710 1830 1831 1711
f 1711 1831 1832 1712
f 1712 1832 1833 1713
f 1713 1833 1834 1714
f 1714 1834 1835 1715
f 1715 1835 1836 1716
f 1716 1836 1837 1717
f 1717 1837 1838 1718
f 1718 1838 1839 1719
f 1719 1839 1840 1720
f 1720 1840 1841 1721
f 1721 1841 1842 1722
f 1722 1842 1843 1723
f 1723 1843 1844 1724
f 1724 1844 1845 1725
f 1725 1845 1846 1726
f 1726 1846 1847 1727
f 1727 1847 1848 1728
f 1728 1848 1849 1729
f 1729 1849 1730 1610
f 1730 1850 1851 1731
f 1731 1851 1852 1732
f 1732 1852 1853 1733
f 1733 1853 1854 1734
f 1734 1854 1855 1735
f 1735 1855 1856 1736
f 1736 1856 1857 1737
f 1737 1857 1858 1738
f 1738 1858 1859 1739
f 1739 1859 1860 1740
f 1740 1860 1861 1741
f 1741 1861 1862 1742
f 1742 1862 1863 1743
f 1743 1863 1864 1744
f 1744 1864 1865 1745
f 1745 1865 1866 1746
f 1746 1866 1867 1747
f 1747 1867 1868 1748
f 1748 1868 1869 1749
f 1749 1869 1870 1750
f 1750 1870 1871 1751
f 1751 1871 1872 1752
f 1752 1872 1873 1753
f 1753 1873 1874 1754
f 1754 1874 1875 1755
f 1755 1875 1876 1756
f 1756 1876 1877 1757
f 1757 1877 1878 1758
f 1758 1878 1879 1759
f 1759 1879 1880 1760
f 1760 1880 1881 1761
f 1761 1881 1882 1762
f 1762 1882 1883 1763
f 1763 1883 1884 1764
f 1764 1884 1885 1765
f 1765 1885 1886 1766
f 1766 1886 1887 1767
f 1767 1887 1888 1768
f 1768 1888 1889 1769
f 1769 1889 1890 1770
f 1770 1890 1891 1771
f 1771 1891 1892 1772
f 1772 1892 1893 1773
f 1773 1893 1894 1774
f 1774 1894 1895 1775
f 1775 1895 1896 1776
f 1776 1896 1897 1777
f 1777 1897 1898 1778
f 1778 1898 1899 1779
f 1779 1899 1900 1780
f 1780 1900 1901 1781
f 1781 1901 1902 1782
f 1782 1902 1903 1783
f 1783 1903 1904 1784
f 1784 1904 1905 1785
f 1785 1905 1906 1786
f 1786 1906 1907 1787
f 1787 1907 1908 1788
f 1788 1908 1909 1789
f 1789 1909 1910 1790
f 1790 1910 1911 1791
f 1791 1911 1912 1792
f 1792 1912 1913 1793
f 1793 1913 1914 1794
f 1794 1914 1915 1795
f 1795 1915 1916 1796
f 1796 1916 1917 1797
f 1797 1917 1918 1798
f 1798 1918 1919 1799
f 1799 1919 1920 1800
f 1800 1920 1921 1801
f 1801 1921 1922 1802
f 1802 1922 1923 1803
f 1803 1923 1924 1804
f 1804 1924 1925 1805
f 1805 1925 1926 1806
f 1806 1926 1927 1807
f 1807 1927 1928 1808
f 1808 1928 1929 1809
f 1809 1929 1930 1810
f 1810 1930 1931 1811
f 1811 1931 1932 1812
f 1812 1932 1933 1813
f 1813 1933 1934 1814
f 1814 1934 1935 1815
f 1815 1935 1936 1816
f 1816 1936 1937 1817
f 1817 1937 1938 1818
f 1818 1938 1939 1819
f 1819 1939 1940 1820
f 1820 1940 1941 1821
f 1821 1941 1942 1822
f 1822 1942 1943 1823
f 1823 1943 1944 1824
f 1824 1944 1945 1825
f 1825 1945 1946 1826
f 1826 1946 1947 1827
f 1827 1947 1948 1828
f 1828 1948 1949 1829
f 1829 1949 1950 1830
f 1830 1950 1951 1831
f 1831 1951 1952 1832
f 1832 1952 1953 1833
f 1833 1953 1954 1834
f 1834 1954 1955 1835
f 1835 1955 1956 1836
f 1836 1956 1957 1837
f 1837 1957 1958 1838
f 1838 1958 1959 1839
f 1839 1959 1960 1840
f 1840 1960 1961 1841
f 1841 1961 1962 1842
f 1842 1962 1963 1843
f 1843 1963 1964 1844
f 1844 1964 1965 1845
f 1845 1965 1966 1846
f 1846 1966 1967 1847
f 1847 1967 1968 1848
f 1848 1968 1969 1849
f 1849 1969 1850 1730
f 1850 1970 1971 1851
f 1851 1971 1972 1852
f 1852 1972 1973 1853
f 1853 1973 1974 1854
f 1854 1974 1975 1855
f 1855 1975 1976 1856
f 1856 1976 1977 1857
f 1857 1977 1978 1858
f 1858 1978 1979 1859
f 1859 1979 1980 1860
f 1860 1980 1981 1861
f 1861 1981 1982 1862
f 1862 1982 1983 1863
f 1863 1983 1984 1864
f 1864 1984 1985 1865
f 1865 1985 1986 1866
f 1866 1986 1987 1867
f 1867 1987 1988 1868
f 1868 1988 1989 1869
f 1869 1989 1990 1870
f 1870 1990 1991 1871
f 1871 1991 1992 1872
f 1872 1992 1993 1873
f 1873 1993 1994 1874
f 1874 1994 1995 1875
f 1875 1995 1996 1876
f 1876 1996 1997 1877
f 1877 1997 1998 1878
f 1878 1998 1999 1879
f 1879 1999 2000 1880
f 1880 2000 2001 1881
f 1881 2001 2002 1882
f 1882 2002 2003 1883
f 1883 2003 2004 1884
f 1884 2004 2005 1885
f 1885 2005 2006 1886
f 1886 2006 2007 1887
f 1887 2007 2008 1888
f 1888 2008 2009 1889
f 1889 2009 2010 1890
f 1890 2010 2011 1891
f 1891 2011 2012 1892
f 1892 2012 2013 1893
f 1893 2013 2014 1894
f 1894 2014 2015 1895
f 1895 2015 2016 1896
f 1896 2016 2017 1897
f 1897 2017 2018 1898
f 1898 2018 2019 1899
f 1899 2019 2020 1900
f 1900 2020 2021 1901
f 1901 2021 2022 1902
f 1902 2022 2023 1903
f 1903 2023 2024 1904
f 1904 2024 2025 1905
f 1905 2025 2026 1906
f 1906 2026 2027 1907
f 1907 2027 2028 1908
f 1908 2028 2029 1909
f 1909 2029 2030 1910
f 1910 2030 2031 1911
f 1911 2031 2032 1912
f 1912 2032 2033 1913
f 1913 2033 2034 1914
f 1914 2034 2035 1915
f 1915 2035 2036 1916
f 1916 2036 2037 1917
f 1917 2037 2038 1918
f 1918 2038 2039 1919
f 1919 2039 2040 1920
f 1920 2040 2041 1921
f 1921 2041 2042 1922
f 1922 2042 2043 1923
f 1923 2043 2044 1924
f 1924 2044 2045 1925
f 1925 2045 2046 1926
f 1926 2046 2047 1927
f 1927 2047 2048 1928
f 1928 2048 2049 1929
f 1929 2049 2050 1930
f 1930 2050 2051 1931
f 1931 2051 2052 1932
f 1932 2052 2053 1933
f 1933 2053 2054 1934
f 1934 2054 2055 1935
f 1935 2055 2056 1936
f 1936 2056 2057 1937
f 1937 2057 2058 1938
f 1938 2058 2059 1939
f 1939 2059 2060 1940
f 1940 2060 2061 1941
f 1941 2061 2062 1942
f 1942 2062 2063 1943
f 1943 2063 2064 1944
f 1944 2064 2065 1945
f 1945 2065 2066 1946
f 1946 2066 2067 1947
f 1947 2067 2068 1948
f 1948 2068 2069 1949
f 1949 2069 2070 1950
f 1950 2070 2071 1951
f 1951 2071 2072 1952
f 1952 2072 2073 1953
f 1953 2073 2074 1954
f 1954 2074 2075 1955
f 1955 2075 2076 1956
f 1956 2076 2077 1957
f 1957 2077 2078 1958
f 1958 2078 2079 1959
f 1959 2079 2080 1960
f 1960 2080 2081 1961
f 1961 2081 2082 1962
f 1962 2082 2083 1963
f 1963 2083 2084 1964
f 1964 2084 2085 1965
f 1965 2085 2086 1966
f 1966 2086 2087 1967
f 1967 2087 2088 1968
f 1968 2088 2089 1969
f 1969 2089 1970 1850
f 1970 2090 2091 1971
f 1971 2091 2092 1972
f 1972 2092 2093 1973
f 1973 2093 2094 1974
f 1974 2094 2095 1975
f 1975 2095 2096 1976
f 1976 2096 2097 1977
f 1977 2097 2098 1978
f 1978 2098 2099 1979
f 1979 2099 2100 1980
f 1980 2100 2101 1981
f 1981 2101 2102 1982
f 1982 2102 2103 1983
f 1983 2103 2104 1984
f 1984 2104 2105 1985
f 1985 2105 2106 1986
f 1986 2106 2107 1987
f 1987 2107 2108 1988
f 1988 2108 2109 1989
f 1989 2109 2110 1990
f 1990 2110 2111 1991
f 1991 2111 2112 1992
f 1992 2112 2113 1993
f 1993 2113 2114 1994
f 1994 2114 2115 1995
f 1995 2115 2116 1996
f 1996 2116 2117 1997
f 1997 2117 2118 1998
f 1998 2118 2119 1999
f 1999 2119 2120 2000
f 2000 2120 2121 2001
f 2001 2121 2122 2002
f 2002 2122 2123 2003
f 2003 2123 2124 2004
f 2004 2124 2125 2005
f 2005 2125 2126 2006
f 2006 2126 2127 2007
f 2007 2127 2128 2008
f 2008 2128 2129 2009
f 2009 2129 2130 2010
f 2010 2130 2131 2011
f 2011 2131 2132 2012
f 2012 2132 2133 2013
f 2013 2133 2134 2014
f 2014 2134 2135 2015
f 2015 2135 2136 2016
f 2016 2136 2137 2017
f 2017 2137 2138 2018
f 2018 2138 2139 2019
f 2019 2139 2140 2020
f 2020 2140 2141 2021
f 2021 2141 2142 2022
f 2022 2142 2143 2023
f 2023 2143 2144 2024
f 2024 2144 2145 2025
f 2025 2145 2146 2026
f 2026 2146 2147 2027
f 2027 2147 2148 2028
f 2028 2148 2149 2029
f 2029 2149 2150 2030
f 2030 2150 2151 2031
f 2031 2151 2152 2032
f 2032 2152 2153 2033
f 2033 2153 2154 2034
f 2034 2154 2155 2035
f 2035 2155 2156 2036
f 2036 2156 2157 2037
f 2037 2157 2158 2038
f 2038 2158 2159 2039
f 2039 2159 2160 2040
f 2040 2160 2161 2041
f 2041 2161 2162 2042
f 2042 2162 2163 2043
f 2043 2163 2164 2044
f 2044 2164 2165 2045
f 2045 2165 2166 2046
f 2046 2166 2167 2047
f 2047 2167 2168 2048
f 2048 2168 2169 2049
f 2049 2169 2170 2050
f 2050 2170 2171 2051
f 2051 2171 2172 2052
f 2052 2172 2173 2053
f 2053 2173 2174 2054
f 2054 2174 2175 2055
f 2055 2175 2176 2056
f 2056 2176 2177 2057
f 2057 2177 2178 2058
f 2058 2178 2179 2059
f 2059 2179 2180 2060
f 2060 2180 2181 2061
f 2061 2181 2182 2062
f 2062 2182 2183 2063
f 2063 2183 2184 2064
f 2064 2184 2185 2065
f 2065 2185 2186 2066
f 2066 2186 2187 2067
f 2067 2187 2188 2068
f 2068 2188 2189 2069
f 2069 2189 2190 2070
f 2070 2190 2191 2071
f 2071 2191 2192 2072
f 2072 2192 2193 2073
f 2073 2193 2194 2074
f 2074 2194 2195 2075
f 2075 2195 2196 2076
f 2076 2196 2197 2077
f 2077 2197 2198 2078
f 2078 2198 2199 2079
f 2079 2199 2200 2080
f 2080 2200 2201 2081
f 2081 2201 2202 2082
f 2082 2202 2203 2083
f 2083 2203 2204 2084
f 2084 2204 2205 2085
f 2085 2205 2206 2086
f 2086 2206 2207 2087
f 2087 2207 2208 2088
f 2088 2208 2209 2089
f 2089 2209 2090 1970
f 2090 2210 2211 2091
f 2091 2211 2212 2092
f 2092 2212 2213 2093
f 2093 2213 2214 2094
f 2094 2214 2215 2095
f 2095 2215 2216 2096
f 2096 2216 2217 2097
f 2097 2217 2218 2098
f 2098 2218 2219 2099
f 2099 2219 2220 2100
f 2100 2220 2221 2101
f 2101 2221 2222 2102
f 2102 2222 2223 2103
f 2103 2223 2224 2104
f 2104 2224 2225 2105
f 2105 2225 2226 2106
f 2106 2226 2227 2107
f 2107 2227 2228 2108
f 2108 2228 2229 2109
f 2109 2229 2230 2110
f 2110 2230 2231 2111
f 2111 2231 2232 2112
f 2112 2232 2233 2113
f 2113 2233 2234 2114
f 2114 2234 2235 2115
f 2115 2235 2236 2116
f 2116 2236 2237 2117
f 2117 2237 2238 2118
f 2118 2238 2239 2119
f 2119 2239 2240 2120
f 2120 2240 2241 2121
f 2121 2241 2242 2122
f 2122 2242 2243 2123
f 2123 2243 2244 2124
f 2124 2244 2245 2125
f 2125 2245 2246 2126
f 2126 2246 2247 2127
f 2127 2247 2248 2128
f 2128 2248 2249 2129
f 2129 2249 2250 2130
f 2130 2250 2251 2131
f 2131 2251 2252 2132
f 2132 2252 2253 2133
f 2133 2253 2254 2134
f 2134 2254 2255 2135
f 2135 2255 2256 2136
f 2136 2256 2257 2137
f 2137 2257 2258 2138
f 2138 2258 2259 2139
f 2139 2259 2260 2140
f 2140 2260 2261 2141
f 2141 2261 2262 2142
f 2142 2262 2263 2143
f 2143 2263 2264 2144
f 2144 2264 2265 2145
f 2145 2265 2266 2146
f 2146 2266 2267 2147
f 2147 2267 2268 2148
f 2148 2268 2269 2149
f 2149 2269 2270 2150
f 2150 2270 2271 2151
f 2151 2271 2272 2152
f 2152 2272 2273 2153
f 2153 2273 2274 2154
f 2154 2274 2275 2155
f 2155 2275 2276 2156
f 2156 2276 2277 2157
f 2157 2277 2278 2158
f 2158 2278 2279 2159
f 2159 2279 2280 2160
f 2160 2280 2281 2161
f 2161 2281 2282 2162
f 2162 2282 2283 2163
f 2163 2283 2284 2164
f 2164 2284 2285 2165
f 2165 2285 2286 2166
f 2166 2286 2287 2167
f 2167 2287 2288 2168
f 2168 2288 2289 2169
f 2169 2289 2290 2170
f 2170 2290 2291 2171
f 2171 2291 2292 2172
f 2172 2292 2293 2173
f 2173 2293 2294 2174
f 2174 2294 2295 2175
f 2175 2295 2296 2176
f 2176 2296 2297 2177
f 2177 2297 2298 2178
f 2178 2298 2299 2179
f 2179 2299 2300 2180
f 2180 2300 2301 2181
f 2181 2301 2302 2182
f 2182 2302 2303 2183
f 2183 2303 2304 2184
f 2184 2304 2305 2185
f 2185 2305 2306 2186
f 2186 2306 2307 2187
f 2187 2307 2308 2188
f 2188 2308 2309 2189
f 2189 2309 2310 2190
f 2190 2310 2311 2191
f 2191 2311 2312 2192
f 2192 2312 2313 2193
f 2193 2313 2314 2194
f 2194 2314 2315 2195
f 2195 2315 2316 2196
f 2196 2316 2317 2197
f 2197 2317 2318 2198
f 2198 2318 2319 2199
f 2199 2319 2320 2200
f 2200 2320 2321 2201
f 2201 2321 2322 2202
f 2202 2322 2323 2203
f 2203 2323 2324 2204
f 2204 2324 2325 2205
f 2205 2325 2326 2206
f 2206 2326 2327 2207
f 2207 2327 2328 2208
f 2208 2328 2329 2209
f 2209 2329 2210 2090
f 2210 2330 2331 2211
f 2211 2331 2332 2212
f 2212 2332 2333 2213
f 2213 2333 2334 2214
f 2214 2334 2335 2215
f 2215 2335 2336 2216
f 2216 2336 2337 2217
f 2217 2337 2338 2218
f 2218 2338 2339 2219
f 2219 2339 2340 2220
f 2220 2340 2341 2221
f 2221 2341 2342 2222
f 2222 2342 2343 2223
f 2223 2343 2344 2224
f 2224 2344 2345 2225
f 2225 2345 2346 2226
f 2226 2346 2347 2227
f 2227 2347 2348 2228
f 2228 2348 2349 2229
f 2229 2349 2350 2230
f 2230 2350 2351 2231
f 2231 2351 2352 2232
f 2232 2352 2353 2233
f 2233 2353 2354 2234
f 2234 2354 2355 2235
f 2235 2355 2356 2236
f 2236 2356 2357 2237
f 2237 2357 2358 2238
f 2238 2358 2359 2239
f 2239 2359 2360 2240
f 2240 2360 2361 2241
f 2241 2361 2362 2242
f 2242 2362 2363 2243
f 2243 2363 2364 2244
f 2244 2364 2365 2245
f 2245 2365 2366 2246
f 2246 2366 2367 2247
f 2247 2367 2368 2248
f 2248 2368 2369 2249
f 2249 2369 2370 2250
f 2250 2370 2371 2251
f 2251 2371 2372 2252
f 2252 2372 2373 2253
f 2253 2373 2374 2254
f 2254 2374 2375 2255
f 2255 2375 2376 2256
f 2256 2376 2377 2257
f 2257 2377 2378 2258
f 2258 2378 2379 2259
f 2259 2379 2380 2260
f 2260 2380 2381 2261
f 2261 2381 2382 2262
f 2262 2382 2383 2263
f 2263 2383 2384 2264
f 2264 2384 2385 2265
f 2265 2385 2386 2266
f 2266 2386 2387 2267
f 2267 2387 2388 2268
f 2268 2388 2389 2269
f 2269 2389 2390 2270
f 2270 2390 2391 2271
f 2271 2391 2392 2272
f 2272 2392 2393 2273
f 2273 2393 2394 2274
f 2274 2394 2395 2275
f 2275 2395 2396 2276
f 2276 2396 2397 2277
f 2277 2397 2398 2278
f 2278 2398 2399 2279
f 2279 2399 2400 2280
f 2280 2400 2401 2281
f 2281 2401 2402 2282
f 2282 2402 2403 2283
f 2283 2403 2404 2284
f 2284 2404 2405 2285
f 2285 2405 2406 2286
f 2286 2406 2407 2287
f 2287 2407 2408 2288
f 2288 2408 2409 2289
f 2289 2409 2410 2290
f 2290 2410 2411 2291
f 2291 2411 2412 2292
f 2292 2412 2413 2293
f 2293 2413 2414 2294
f 2294 2414 2415 2295
f 2295 2415 2416 2296
f 2296 2416 2417 2297
f 2297 2417 2418 2298
f 2298 2418 2419 2299
f 2299 2419 2420 2300
f 2300 2420 2421 2301
f 2301 2421 2422 2302
f 2302 2422 2423 2303
f 2303 2423 2424 2304
f 2304 2424 2425 2305
f 2305 2425 2426 2306
f 2306 2426 2427 2307
f 2307 2427 2428 2308
f 2308 2428 2429 2309
f 2309 2429 2430 2310
f 2310 2430 2431 2311
f 2311 2431 2432 2312
f 2312 2432 2433 2313
f 2313 2433 2434 2314
f 2314 2434 2435 2315
f 2315 2435 2436 2316
f 2316 2436 2437 2317
f 2317 2437 2438 2318
f 2318 2438 2439 2319
f 2319 2439 2440 2320
f 2320 2440 2441 2321
f 2321 2441 2442 2322
f 2322 2442 2443 2323
f 2323 2443 2444 2324
f 2324 2444 2445 2325
f 2325 2445 2446 2326
f 2326 2446 2447 2327
f 2327 2447 2448 2328
f 2328 2448 2449 2329
f 2329 2449 2330 2210
f 2330 530 531 2331
f 2331 531 532 2332
f 2332 532 533 2333
f 2333 533 534 2334
f 2334 534 535 2335
f 2335 535 536 2336
f 2336 536 537 2337
f 2337 537 538 2338
f 2338 538 539 2339
f 2339 539 540 2340
f 2340 540 541 2341
f 2341 541 542 2342
f 2342 542 543 2343
f 2343 543 544 2344
f 2344 544 545 2345
f 2345 545 546 2346
f 2346 546 547 2347
f 2347 547 548 2348
f 2348 548 549 2349
f 2349 549 550 2350
f 2350 550 551 2351
f 2351 551 552 2352
f 2352 552 553 2353
f 2353 553 554 2354
f 2354 554 555 2355
f 2355 555 556 2356
f 2356 556 557 2357
f 2357 557 558 2358
f 2358 558 559 2359
f 2359 559 560 2360
f 2360 560 561 2361
f 2361 561 562 2362
f 2362 562 563 2363
f 2363 563 564 2364
f 2364 564 565 2365
f 2365 565 566 2366
f 2366 566 567 2367
f 2367 567 568 2368
f 2368 568 569 2369
f 2369 569 570 2370
f 2370 570 571 2371
f 2371 571 572 2372
f 2372 572 573 2373
f 2373 573 574 2374
f 2374 574 575 2375
f 2375 575 576 2376
f 2376 576 577 2377
f 2377 577 578 2378
f 2378 578 579 2379
f 2379 579 580 2380
f 2380 580 581 2381
f 2381 581 582 2382
f 2382 582 583 2383
f 2383 583 584 2384
f 2384 584 585 2385
f 2385 585 586 2386
f 2386 586 587 2387
f 2387 587 588 2388
f 2388 588 589 2389
f 2389 589 590 2390
f 2390 590 591 2391
f 2391 591 592 2392
f 2392 592 593 2393
f 2393 593 594 2394
f 2394 594 595 2395
f 2395 595 596 2396
f 2396 596 597 2397
f 2397 597 598 2398
f 2398 598 599 2399
f 2399 599 600 2400
f 2400 600 601 2401
f 2401 601 602 2402
f 2402 602 603 2403
f 2403 603 604 2404
f 2404 604 605 2405
f 2405 605 606 2406
f 2406 606 607 2407
f 2407 607 608 2408
f 2408 608 609 2409
f 2409 609 610 2410
f 2410 610 611 2411
f 2411 611 612 2412
f 2412 612 613 2413
f 2413 613 614 2414
f 2414 614 615 2415
f 2415 615 616 2416
f 2416 616 617 2417
f 2417 617 618 2418
f 2418 618 619 2419
f 2419 619 620 2420
f 2420 620 621 2421
f 2421 621 622 2422
f 2422 622 623 2423
f 2423 623 624 2424
f 2424 624 625 2425
f 2425 625 626 2426
f 2426 626 627 2427
f 2427 627 628 2428
f 2428 628 629 2429
f 2429 629 630 2430
f 2430 630 631 2431
f 2431 631 632 2432
f 2432 632 633 2433
f 2433 633 634 2434
f 2434 634 635 2435
f 2435 635 636 2436
f 2436 636 637 2437
f 2437 637 638 2438
f 2438 638 639 2439
f 2439 639 640 2440
f 2440 640 641 2441
f 2441 641 642 2442
f 2442 642 643 2443
f 2443 643 644 2444
f 2444 644 645 2445
f 2445 645 646 2446
f 2446 646 647 2447
f 2447 647 648 2448
f 2448 648 649 2449
f 2449 649 530 2330
