# Arena — Y-up, arena-scale units (rim radius 0.19)
mtllib arena.mtl
o Arena
v 0.000000 0.000000 0.000000
v 0.005654 0.000018 0.000000
v 0.005641 0.000018 0.000370
v 0.005605 0.000018 0.000738
v 0.005545 0.000018 0.001103
v 0.005461 0.000018 0.001463
v 0.005354 0.000018 0.001817
v 0.005223 0.000018 0.002164
v 0.005071 0.000018 0.002501
v 0.004896 0.000018 0.002827
v 0.004701 0.000018 0.003141
v 0.004485 0.000018 0.003442
v 0.004251 0.000018 0.003728
v 0.003998 0.000018 0.003998
v 0.003728 0.000018 0.004251
v 0.003442 0.000018 0.004485
v 0.003141 0.000018 0.004701
v 0.002827 0.000018 0.004896
v 0.002501 0.000018 0.005071
v 0.002164 0.000018 0.005223
v 0.001817 0.000018 0.005354
v 0.001463 0.000018 0.005461
v 0.001103 0.000018 0.005545
v 0.000738 0.000018 0.005605
v 0.000370 0.000018 0.005641
v 0.000000 0.000018 0.005654
v -0.000370 0.000018 0.005641
v -0.000738 0.000018 0.005605
v -0.001103 0.000018 0.005545
v -0.001463 0.000018 0.005461
v -0.001817 0.000018 0.005354
v -0.002164 0.000018 0.005223
v -0.002501 0.000018 0.005071
v -0.002827 0.000018 0.004896
v -0.003141 0.000018 0.004701
v -0.003442 0.000018 0.004485
v -0.003728 0.000018 0.004251
v -0.003998 0.000018 0.003998
v -0.004251 0.000018 0.003728
v -0.004485 0.000018 0.003442
v -0.004701 0.000018 0.003141
v -0.004896 0.000018 0.002827
v -0.005071 0.000018 0.002501
v -0.005223 0.000018 0.002164
v -0.005354 0.000018 0.001817
v -0.005461 0.000018 0.001463
v -0.005545 0.000018 0.001103
v -0.005605 0.000018 0.000738
v -0.005641 0.000018 0.000370
v -0.005654 0.000018 0.000000
v -0.005641 0.000018 -0.000370
v -0.005605 0.000018 -0.000738
v -0.005545 0.000018 -0.001103
v -0.005461 0.000018 -0.001463
v -0.005354 0.000018 -0.001817
v -0.005223 0.000018 -0.002164
v -0.005071 0.000018 -0.002501
v -0.004896 0.000018 -0.002827
v -0.004701 0.000018 -0.003141
v -0.004485 0.000018 -0.003442
v -0.004251 0.000018 -0.003728
v -0.003998 0.000018 -0.003998
v -0.003728 0.000018 -0.004251
v -0.003442 0.000018 -0.004485
v -0.003141 0.000018 -0.004701
v -0.002827 0.000018 -0.004896
v -0.002501 0.000018 -0.005071
v -0.002164 0.000018 -0.005223
v -0.001817 0.000018 -0.005354
v -0.001463 0.000018 -0.005461
v -0.001103 0.000018 -0.005545
v -0.000738 0.000018 -0.005605
v -0.000370 0.000018 -0.005641
v -0.000000 0.000018 -0.005654
v 0.000370 0.000018 -0.005641
v 0.000738 0.000018 -0.005605
v 0.001103 0.000018 -0.005545
v 0.001463 0.000018 -0.005461
v 0.001817 0.000018 -0.005354
v 0.002164 0.000018 -0.005223
v 0.002501 0.000018 -0.005071
v 0.002827 0.000018 -0.004896
v 0.003141 0.000018 -0.004701
v 0.003442 0.000018 -0.004485
v 0.003728 0.000018 -0.004251
v 0.003998 0.000018 -0.003998
v 0.004251 0.000018 -0.003728
v 0.004485 0.000018 -0.003442
v 0.004701 0.000018 -0.003141
v 0.004896 0.000018 -0.002827
v 0.005071 0.000018 -0.002501
v 0.005223 0.000018 -0.002164
v 0.005354 0.000018 -0.001817
v 0.005461 0.000018 -0.001463
v 0.005545 0.000018 -0.001103
v 0.005605 0.000018 -0.000738
v 0.005641 0.000018 -0.000370
v 0.011307 0.000073 0.000000
v 0.011283 0.000073 0.000740
v 0.011210 0.000073 0.001476
v 0.011090 0.000073 0.002206
v 0.010922 0.000073 0.002927
v 0.010707 0.000073 0.003635
v 0.010446 0.000073 0.004327
v 0.010141 0.000073 0.005001
v 0.009792 0.000073 0.005654
v 0.009402 0.000073 0.006282
v 0.008971 0.000073 0.006883
v 0.008501 0.000073 0.007455
v 0.007995 0.000073 0.007995
v 0.007455 0.000073 0.008501
v 0.006883 0.000073 0.008971
v 0.006282 0.000073 0.009402
v 0.005654 0.000073 0.009792
v 0.005001 0.000073 0.010141
v 0.004327 0.000073 0.010446
v 0.003635 0.000073 0.010707
v 0.002927 0.000073 0.010922
v 0.002206 0.000073 0.011090
v 0.001476 0.000073 0.011210
v 0.000740 0.000073 0.011283
v 0.000000 0.000073 0.011307
v -0.000740 0.000073 0.011283
v -0.001476 0.000073 0.011210
v -0.002206 0.000073 0.011090
v -0.002927 0.000073 0.010922
v -0.003635 0.000073 0.010707
v -0.004327 0.000073 0.010446
v -0.005001 0.000073 0.010141
v -0.005654 0.000073 0.009792
v -0.006282 0.000073 0.009402
v -0.006883 0.000073 0.008971
v -0.007455 0.000073 0.008501
v -0.007995 0.000073 0.007995
v -0.008501 0.000073 0.007455
v -0.008971 0.000073 0.006883
v -0.009402 0.000073 0.006282
v -0.009792 0.000073 0.005654
v -0.010141 0.000073 0.005001
v -0.010446 0.000073 0.004327
v -0.010707 0.000073 0.003635
v -0.010922 0.000073 0.002927
v -0.011090 0.000073 0.002206
v -0.011210 0.000073 0.001476
v -0.011283 0.000073 0.000740
v -0.011307 0.000073 0.000000
v -0.011283 0.000073 -0.000740
v -0.011210 0.000073 -0.001476
v -0.011090 0.000073 -0.002206
v -0.010922 0.000073 -0.002927
v -0.010707 0.000073 -0.003635
v -0.010446 0.000073 -0.004327
v -0.010141 0.000073 -0.005001
v -0.009792 0.000073 -0.005654
v -0.009402 0.000073 -0.006282
v -0.008971 0.000073 -0.006883
v -0.008501 0.000073 -0.007455
v -0.007995 0.000073 -0.007995
v -0.007455 0.000073 -0.008501
v -0.006883 0.000073 -0.008971
v -0.006282 0.000073 -0.009402
v -0.005654 0.000073 -0.009792
v -0.005001 0.000073 -0.010141
v -0.004327 0.000073 -0.010446
v -0.003635 0.000073 -0.010707
v -0.002927 0.000073 -0.010922
v -0.002206 0.000073 -0.011090
v -0.001476 0.000073 -0.011210
v -0.000740 0.000073 -0.011283
v -0.000000 0.000073 -0.011307
v 0.000740 0.000073 -0.011283
v 0.001476 0.000073 -0.011210
v 0.002206 0.000073 -0.011090
v 0.002927 0.000073 -0.010922
v 0.003635 0.000073 -0.010707
v 0.004327 0.000073 -0.010446
v 0.005001 0.000073 -0.010141
v 0.005654 0.000073 -0.009792
v 0.006282 0.000073 -0.009402
v 0.006883 0.000073 -0.008971
v 0.007455 0.000073 -0.008501
v 0.007995 0.000073 -0.007995
v 0.008501 0.000073 -0.007455
v 0.008971 0.000073 -0.006883
v 0.009402 0.000073 -0.006282
v 0.009792 0.000073 -0.005654
v 0.010141 0.000073 -0.005001
v 0.010446 0.000073 -0.004327
v 0.010707 0.000073 -0.003635
v 0.010922 0.000073 -0.002927
v 0.011090 0.000073 -0.002206
v 0.011210 0.000073 -0.001476
v 0.011283 0.000073 -0.000740
v 0.016961 0.000164 0.000000
v 0.016924 0.000164 0.001109
v 0.016816 0.000164 0.002214
v 0.016635 0.000164 0.003309
v 0.016383 0.000164 0.004390
v 0.016061 0.000164 0.005452
v 0.015670 0.000164 0.006491
v 0.015212 0.000164 0.007502
v 0.014688 0.000164 0.008480
v 0.014102 0.000164 0.009423
v 0.013456 0.000164 0.010325
v 0.012752 0.000164 0.011183
v 0.011993 0.000164 0.011993
v 0.011183 0.000164 0.012752
v 0.010325 0.000164 0.013456
v 0.009423 0.000164 0.014102
v 0.008480 0.000164 0.014688
v 0.007502 0.000164 0.015212
v 0.006491 0.000164 0.015670
v 0.005452 0.000164 0.016061
v 0.004390 0.000164 0.016383
v 0.003309 0.000164 0.016635
v 0.002214 0.000164 0.016816
v 0.001109 0.000164 0.016924
v 0.000000 0.000164 0.016961
v -0.001109 0.000164 0.016924
v -0.002214 0.000164 0.016816
v -0.003309 0.000164 0.016635
v -0.004390 0.000164 0.016383
v -0.005452 0.000164 0.016061
v -0.006491 0.000164 0.015670
v -0.007502 0.000164 0.015212
v -0.008480 0.000164 0.014688
v -0.009423 0.000164 0.014102
v -0.010325 0.000164 0.013456
v -0.011183 0.000164 0.012752
v -0.011993 0.000164 0.011993
v -0.012752 0.000164 0.011183
v -0.013456 0.000164 0.010325
v -0.014102 0.000164 0.009423
v -0.014688 0.000164 0.008480
v -0.015212 0.000164 0.007502
v -0.015670 0.000164 0.006491
v -0.016061 0.000164 0.005452
v -0.016383 0.000164 0.004390
v -0.016635 0.000164 0.003309
v -0.016816 0.000164 0.002214
v -0.016924 0.000164 0.001109
v -0.016961 0.000164 0.000000
v -0.016924 0.000164 -0.001109
v -0.016816 0.000164 -0.002214
v -0.016635 0.000164 -0.003309
v -0.016383 0.000164 -0.004390
v -0.016061 0.000164 -0.005452
v -0.015670 0.000164 -0.006491
v -0.015212 0.000164 -0.007502
v -0.014688 0.000164 -0.008480
v -0.014102 0.000164 -0.009423
v -0.013456 0.000164 -0.010325
v -0.012752 0.000164 -0.011183
v -0.011993 0.000164 -0.011993
v -0.011183 0.000164 -0.012752
v -0.010325 0.000164 -0.013456
v -0.009423 0.000164 -0.014102
v -0.008480 0.000164 -0.014688
v -0.007502 0.000164 -0.015212
v -0.006491 0.000164 -0.015670
v -0.005452 0.000164 -0.016061
v -0.004390 0.000164 -0.016383
v -0.003309 0.000164 -0.016635
v -0.002214 0.000164 -0.016816
v -0.001109 0.000164 -0.016924
v -0.000000 0.000164 -0.016961
v 0.001109 0.000164 -0.016924
v 0.002214 0.000164 -0.016816
v 0.003309 0.000164 -0.016635
v 0.004390 0.000164 -0.016383
v 0.005452 0.000164 -0.016061
v 0.006491 0.000164 -0.015670
v 0.007502 0.000164 -0.015212
v 0.008480 0.000164 -0.014688
v 0.009423 0.000164 -0.014102
v 0.010325 0.000164 -0.013456
v 0.011183 0.000164 -0.012752
v 0.011993 0.000164 -0.011993
v 0.012752 0.000164 -0.011183
v 0.013456 0.000164 -0.010325
v 0.014102 0.000164 -0.009423
v 0.014688 0.000164 -0.008480
v 0.015212 0.000164 -0.007502
v 0.015670 0.000164 -0.006491
v 0.016061 0.000164 -0.005452
v 0.016383 0.000164 -0.004390
v 0.016635 0.000164 -0.003309
v 0.016816 0.000164 -0.002214
v 0.016924 0.000164 -0.001109
v 0.022614 0.000292 0.000000
v 0.022566 0.000292 0.001479
v 0.022421 0.000292 0.002952
v 0.022180 0.000292 0.004412
v 0.021844 0.000292 0.005853
v 0.021414 0.000292 0.007269
v 0.020893 0.000292 0.008654
v 0.020282 0.000292 0.010002
v 0.019585 0.000292 0.011307
v 0.018803 0.000292 0.012564
v 0.017941 0.000292 0.013767
v 0.017002 0.000292 0.014911
v 0.015991 0.000292 0.015991
v 0.014911 0.000292 0.017002
v 0.013767 0.000292 0.017941
v 0.012564 0.000292 0.018803
v 0.011307 0.000292 0.019585
v 0.010002 0.000292 0.020282
v 0.008654 0.000292 0.020893
v 0.007269 0.000292 0.021414
v 0.005853 0.000292 0.021844
v 0.004412 0.000292 0.022180
v 0.002952 0.000292 0.022421
v 0.001479 0.000292 0.022566
v 0.000000 0.000292 0.022614
v -0.001479 0.000292 0.022566
v -0.002952 0.000292 0.022421
v -0.004412 0.000292 0.022180
v -0.005853 0.000292 0.021844
v -0.007269 0.000292 0.021414
v -0.008654 0.000292 0.020893
v -0.010002 0.000292 0.020282
v -0.011307 0.000292 0.019585
v -0.012564 0.000292 0.018803
v -0.013767 0.000292 0.017941
v -0.014911 0.000292 0.017002
v -0.015991 0.000292 0.015991
v -0.017002 0.000292 0.014911
v -0.017941 0.000292 0.013767
v -0.018803 0.000292 0.012564
v -0.019585 0.000292 0.011307
v -0.020282 0.000292 0.010002
v -0.020893 0.000292 0.008654
v -0.021414 0.000292 0.007269
v -0.021844 0.000292 0.005853
v -0.022180 0.000292 0.004412
v -0.022421 0.000292 0.002952
v -0.022566 0.000292 0.001479
v -0.022614 0.000292 0.000000
v -0.022566 0.000292 -0.001479
v -0.022421 0.000292 -0.002952
v -0.022180 0.000292 -0.004412
v -0.021844 0.000292 -0.005853
v -0.021414 0.000292 -0.007269
v -0.020893 0.000292 -0.008654
v -0.020282 0.000292 -0.010002
v -0.019585 0.000292 -0.011307
v -0.018803 0.000292 -0.012564
v -0.017941 0.000292 -0.013767
v -0.017002 0.000292 -0.014911
v -0.015991 0.000292 -0.015991
v -0.014911 0.000292 -0.017002
v -0.013767 0.000292 -0.017941
v -0.012564 0.000292 -0.018803
v -0.011307 0.000292 -0.019585
v -0.010002 0.000292 -0.020282
v -0.008654 0.000292 -0.020893
v -0.007269 0.000292 -0.021414
v -0.005853 0.000292 -0.021844
v -0.004412 0.000292 -0.022180
v -0.002952 0.000292 -0.022421
v -0.001479 0.000292 -0.022566
v -0.000000 0.000292 -0.022614
v 0.001479 0.000292 -0.022566
v 0.002952 0.000292 -0.022421
v 0.004412 0.000292 -0.022180
v 0.005853 0.000292 -0.021844
v 0.007269 0.000292 -0.021414
v 0.008654 0.000292 -0.020893
v 0.010002 0.000292 -0.020282
v 0.011307 0.000292 -0.019585
v 0.012564 0.000292 -0.018803
v 0.013767 0.000292 -0.017941
v 0.014911 0.000292 -0.017002
v 0.015991 0.000292 -0.015991
v 0.017002 0.000292 -0.014911
v 0.017941 0.000292 -0.013767
v 0.018803 0.000292 -0.012564
v 0.019585 0.000292 -0.011307
v 0.020282 0.000292 -0.010002
v 0.020893 0.000292 -0.008654
v 0.021414 0.000292 -0.007269
v 0.021844 0.000292 -0.005853
v 0.022180 0.000292 -0.004412
v 0.022421 0.000292 -0.002952
v 0.022566 0.000292 -0.001479
v 0.028268 0.000456 0.000000
v 0.028207 0.000456 0.001849
v 0.028026 0.000456 0.003690
v 0.027725 0.000456 0.005515
v 0.027305 0.000456 0.007316
v 0.026768 0.000456 0.009086
v 0.026116 0.000456 0.010818
v 0.025353 0.000456 0.012503
v 0.024481 0.000456 0.014134
v 0.023504 0.000456 0.015705
v 0.022426 0.000456 0.017208
v 0.021253 0.000456 0.018638
v 0.019988 0.000456 0.019988
v 0.018638 0.000456 0.021253
v 0.017208 0.000456 0.022426
v 0.015705 0.000456 0.023504
v 0.014134 0.000456 0.024481
v 0.012503 0.000456 0.025353
v 0.010818 0.000456 0.026116
v 0.009086 0.000456 0.026768
v 0.007316 0.000456 0.027305
v 0.005515 0.000456 0.027725
v 0.003690 0.000456 0.028026
v 0.001849 0.000456 0.028207
v 0.000000 0.000456 0.028268
v -0.001849 0.000456 0.028207
v -0.003690 0.000456 0.028026
v -0.005515 0.000456 0.027725
v -0.007316 0.000456 0.027305
v -0.009086 0.000456 0.026768
v -0.010818 0.000456 0.026116
v -0.012503 0.000456 0.025353
v -0.014134 0.000456 0.024481
v -0.015705 0.000456 0.023504
v -0.017208 0.000456 0.022426
v -0.018638 0.000456 0.021253
v -0.019988 0.000456 0.019988
v -0.021253 0.000456 0.018638
v -0.022426 0.000456 0.017208
v -0.023504 0.000456 0.015705
v -0.024481 0.000456 0.014134
v -0.025353 0.000456 0.012503
v -0.026116 0.000456 0.010818
v -0.026768 0.000456 0.009086
v -0.027305 0.000456 0.007316
v -0.027725 0.000456 0.005515
v -0.028026 0.000456 0.003690
v -0.028207 0.000456 0.001849
v -0.028268 0.000456 0.000000
v -0.028207 0.000456 -0.001849
v -0.028026 0.000456 -0.003690
v -0.027725 0.000456 -0.005515
v -0.027305 0.000456 -0.007316
v -0.026768 0.000456 -0.009086
v -0.026116 0.000456 -0.010818
v -0.025353 0.000456 -0.012503
v -0.024481 0.000456 -0.014134
v -0.023504 0.000456 -0.015705
v -0.022426 0.000456 -0.017208
v -0.021253 0.000456 -0.018638
v -0.019988 0.000456 -0.019988
v -0.018638 0.000456 -0.021253
v -0.017208 0.000456 -0.022426
v -0.015705 0.000456 -0.023504
v -0.014134 0.000456 -0.024481
v -0.012503 0.000456 -0.025353
v -0.010818 0.000456 -0.026116
v -0.009086 0.000456 -0.026768
v -0.007316 0.000456 -0.027305
v -0.005515 0.000456 -0.027725
v -0.003690 0.000456 -0.028026
v -0.001849 0.000456 -0.028207
v -0.000000 0.000456 -0.028268
v 0.001849 0.000456 -0.028207
v 0.003690 0.000456 -0.028026
v 0.005515 0.000456 -0.027725
v 0.007316 0.000456 -0.027305
v 0.009086 0.000456 -0.026768
v 0.010818 0.000456 -0.026116
v 0.012503 0.000456 -0.025353
v 0.014134 0.000456 -0.024481
v 0.015705 0.000456 -0.023504
v 0.017208 0.000456 -0.022426
v 0.018638 0.000456 -0.021253
v 0.019988 0.000456 -0.019988
v 0.021253 0.000456 -0.018638
v 0.022426 0.000456 -0.017208
v 0.023504 0.000456 -0.015705
v 0.024481 0.000456 -0.014134
v 0.025353 0.000456 -0.012503
v 0.026116 0.000456 -0.010818
v 0.026768 0.000456 -0.009086
v 0.027305 0.000456 -0.007316
v 0.027725 0.000456 -0.005515
v 0.028026 0.000456 -0.003690
v 0.028207 0.000456 -0.001849
v 0.033921 0.000657 0.000000
v 0.033849 0.000657 0.002219
v 0.033631 0.000657 0.004428
v 0.033270 0.000657 0.006618
v 0.032766 0.000657 0.008780
v 0.032121 0.000657 0.010904
v 0.031339 0.000657 0.012981
v 0.030423 0.000657 0.015003
v 0.029377 0.000657 0.016961
v 0.028205 0.000657 0.018846
v 0.026912 0.000657 0.020650
v 0.025503 0.000657 0.022366
v 0.023986 0.000657 0.023986
v 0.022366 0.000657 0.025503
v 0.020650 0.000657 0.026912
v 0.018846 0.000657 0.028205
v 0.016961 0.000657 0.029377
v 0.015003 0.000657 0.030423
v 0.012981 0.000657 0.031339
v 0.010904 0.000657 0.032121
v 0.008780 0.000657 0.032766
v 0.006618 0.000657 0.033270
v 0.004428 0.000657 0.033631
v 0.002219 0.000657 0.033849
v 0.000000 0.000657 0.033921
v -0.002219 0.000657 0.033849
v -0.004428 0.000657 0.033631
v -0.006618 0.000657 0.033270
v -0.008780 0.000657 0.032766
v -0.010904 0.000657 0.032121
v -0.012981 0.000657 0.031339
v -0.015003 0.000657 0.030423
v -0.016961 0.000657 0.029377
v -0.018846 0.000657 0.028205
v -0.020650 0.000657 0.026912
v -0.022366 0.000657 0.025503
v -0.023986 0.000657 0.023986
v -0.025503 0.000657 0.022366
v -0.026912 0.000657 0.020650
v -0.028205 0.000657 0.018846
v -0.029377 0.000657 0.016961
v -0.030423 0.000657 0.015003
v -0.031339 0.000657 0.012981
v -0.032121 0.000657 0.010904
v -0.032766 0.000657 0.008780
v -0.033270 0.000657 0.006618
v -0.033631 0.000657 0.004428
v -0.033849 0.000657 0.002219
v -0.033921 0.000657 0.000000
v -0.033849 0.000657 -0.002219
v -0.033631 0.000657 -0.004428
v -0.033270 0.000657 -0.006618
v -0.032766 0.000657 -0.008780
v -0.032121 0.000657 -0.010904
v -0.031339 0.000657 -0.012981
v -0.030423 0.000657 -0.015003
v -0.029377 0.000657 -0.016961
v -0.028205 0.000657 -0.018846
v -0.026912 0.000657 -0.020650
v -0.025503 0.000657 -0.022366
v -0.023986 0.000657 -0.023986
v -0.022366 0.000657 -0.025503
v -0.020650 0.000657 -0.026912
v -0.018846 0.000657 -0.028205
v -0.016961 0.000657 -0.029377
v -0.015003 0.000657 -0.030423
v -0.012981 0.000657 -0.031339
v -0.010904 0.000657 -0.032121
v -0.008780 0.000657 -0.032766
v -0.006618 0.000657 -0.033270
v -0.004428 0.000657 -0.033631
v -0.002219 0.000657 -0.033849
v -0.000000 0.000657 -0.033921
v 0.002219 0.000657 -0.033849
v 0.004428 0.000657 -0.033631
v 0.006618 0.000657 -0.033270
v 0.008780 0.000657 -0.032766
v 0.010904 0.000657 -0.032121
v 0.012981 0.000657 -0.031339
v 0.015003 0.000657 -0.030423
v 0.016961 0.000657 -0.029377
v 0.018846 0.000657 -0.028205
v 0.020650 0.000657 -0.026912
v 0.022366 0.000657 -0.025503
v 0.023986 0.000657 -0.023986
v 0.025503 0.000657 -0.022366
v 0.026912 0.000657 -0.020650
v 0.028205 0.000657 -0.018846
v 0.029377 0.000657 -0.016961
v 0.030423 0.000657 -0.015003
v 0.031339 0.000657 -0.012981
v 0.032121 0.000657 -0.010904
v 0.032766 0.000657 -0.008780
v 0.033270 0.000657 -0.006618
v 0.033631 0.000657 -0.004428
v 0.033849 0.000657 -0.002219
v 0.039575 0.000894 0.000000
v 0.039490 0.000894 0.002588
v 0.039236 0.000894 0.005166
v 0.038815 0.000894 0.007721
v 0.038227 0.000894 0.010243
v 0.037475 0.000894 0.012721
v 0.036563 0.000894 0.015145
v 0.035494 0.000894 0.017504
v 0.034273 0.000894 0.019787
v 0.032905 0.000894 0.021987
v 0.031397 0.000894 0.024092
v 0.029754 0.000894 0.026094
v 0.027984 0.000894 0.027984
v 0.026094 0.000894 0.029754
v 0.024092 0.000894 0.031397
v 0.021987 0.000894 0.032905
v 0.019787 0.000894 0.034273
v 0.017504 0.000894 0.035494
v 0.015145 0.000894 0.036563
v 0.012721 0.000894 0.037475
v 0.010243 0.000894 0.038227
v 0.007721 0.000894 0.038815
v 0.005166 0.000894 0.039236
v 0.002588 0.000894 0.039490
v 0.000000 0.000894 0.039575
v -0.002588 0.000894 0.039490
v -0.005166 0.000894 0.039236
v -0.007721 0.000894 0.038815
v -0.010243 0.000894 0.038227
v -0.012721 0.000894 0.037475
v -0.015145 0.000894 0.036563
v -0.017504 0.000894 0.035494
v -0.019787 0.000894 0.034273
v -0.021987 0.000894 0.032905
v -0.024092 0.000894 0.031397
v -0.026094 0.000894 0.029754
v -0.027984 0.000894 0.027984
v -0.029754 0.000894 0.026094
v -0.031397 0.000894 0.024092
v -0.032905 0.000894 0.021987
v -0.034273 0.000894 0.019787
v -0.035494 0.000894 0.017504
v -0.036563 0.000894 0.015145
v -0.037475 0.000894 0.012721
v -0.038227 0.000894 0.010243
v -0.038815 0.000894 0.007721
v -0.039236 0.000894 0.005166
v -0.039490 0.000894 0.002588
v -0.039575 0.000894 0.000000
v -0.039490 0.000894 -0.002588
v -0.039236 0.000894 -0.005166
v -0.038815 0.000894 -0.007721
v -0.038227 0.000894 -0.010243
v -0.037475 0.000894 -0.012721
v -0.036563 0.000894 -0.015145
v -0.035494 0.000894 -0.017504
v -0.034273 0.000894 -0.019787
v -0.032905 0.000894 -0.021987
v -0.031397 0.000894 -0.024092
v -0.029754 0.000894 -0.026094
v -0.027984 0.000894 -0.027984
v -0.026094 0.000894 -0.029754
v -0.024092 0.000894 -0.031397
v -0.021987 0.000894 -0.032905
v -0.019788 0.000894 -0.034273
v -0.017504 0.000894 -0.035494
v -0.015145 0.000894 -0.036563
v -0.012721 0.000894 -0.037475
v -0.010243 0.000894 -0.038227
v -0.007721 0.000894 -0.038815
v -0.005166 0.000894 -0.039236
v -0.002588 0.000894 -0.039490
v -0.000000 0.000894 -0.039575
v 0.002588 0.000894 -0.039490
v 0.005166 0.000894 -0.039236
v 0.007721 0.000894 -0.038815
v 0.010243 0.000894 -0.038227
v 0.012721 0.000894 -0.037475
v 0.015145 0.000894 -0.036563
v 0.017504 0.000894 -0.035494
v 0.019787 0.000894 -0.034273
v 0.021987 0.000894 -0.032905
v 0.024092 0.000894 -0.031397
v 0.026094 0.000894 -0.029754
v 0.027984 0.000894 -0.027984
v 0.029754 0.000894 -0.026094
v 0.031397 0.000894 -0.024092
v 0.032905 0.000894 -0.021987
v 0.034273 0.000894 -0.019788
v 0.035494 0.000894 -0.017504
v 0.036563 0.000894 -0.015145
v 0.037475 0.000894 -0.012721
v 0.038227 0.000894 -0.010243
v 0.038815 0.000894 -0.007721
v 0.039236 0.000894 -0.005166
v 0.039490 0.000894 -0.002588
v 0.045229 0.001167 0.000000
v 0.045132 0.001167 0.002958
v 0.044842 0.001167 0.005904
v 0.044360 0.001167 0.008824
v 0.043687 0.001167 0.011706
v 0.042828 0.001167 0.014538
v 0.041786 0.001167 0.017308
v 0.040564 0.001167 0.020004
v 0.039169 0.001167 0.022614
v 0.037606 0.001167 0.025128
v 0.035882 0.001167 0.027533
v 0.034005 0.001167 0.029821
v 0.031981 0.001167 0.031981
v 0.029821 0.001167 0.034005
v 0.027533 0.001167 0.035882
v 0.025128 0.001167 0.037606
v 0.022614 0.001167 0.039169
v 0.020004 0.001167 0.040564
v 0.017308 0.001167 0.041786
v 0.014538 0.001167 0.042828
v 0.011706 0.001167 0.043687
v 0.008824 0.001167 0.044360
v 0.005904 0.001167 0.044842
v 0.002958 0.001167 0.045132
v 0.000000 0.001167 0.045229
v -0.002958 0.001167 0.045132
v -0.005904 0.001167 0.044842
v -0.008824 0.001167 0.044360
v -0.011706 0.001167 0.043687
v -0.014538 0.001167 0.042828
v -0.017308 0.001167 0.041786
v -0.020004 0.001167 0.040564
v -0.022614 0.001167 0.039169
v -0.025128 0.001167 0.037606
v -0.027533 0.001167 0.035882
v -0.029821 0.001167 0.034005
v -0.031981 0.001167 0.031981
v -0.034005 0.001167 0.029821
v -0.035882 0.001167 0.027533
v -0.037606 0.001167 0.025128
v -0.039169 0.001167 0.022614
v -0.040564 0.001167 0.020004
v -0.041786 0.001167 0.017308
v -0.042828 0.001167 0.014538
v -0.043687 0.001167 0.011706
v -0.044360 0.001167 0.008824
v -0.044842 0.001167 0.005904
v -0.045132 0.001167 0.002958
v -0.045229 0.001167 0.000000
v -0.045132 0.001167 -0.002958
v -0.044842 0.001167 -0.005904
v -0.044360 0.001167 -0.008824
v -0.043687 0.001167 -0.011706
v -0.042828 0.001167 -0.014538
v -0.041786 0.001167 -0.017308
v -0.040564 0.001167 -0.020004
v -0.039169 0.001167 -0.022614
v -0.037606 0.001167 -0.025128
v -0.035882 0.001167 -0.027533
v -0.034005 0.001167 -0.029821
v -0.031981 0.001167 -0.031981
v -0.029821 0.001167 -0.034005
v -0.027533 0.001167 -0.035882
v -0.025128 0.001167 -0.037606
v -0.022614 0.001167 -0.039169
v -0.020004 0.001167 -0.040564
v -0.017308 0.001167 -0.041786
v -0.014538 0.001167 -0.042828
v -0.011706 0.001167 -0.043687
v -0.008824 0.001167 -0.044360
v -0.005904 0.001167 -0.044842
v -0.002958 0.001167 -0.045132
v -0.000000 0.001167 -0.045229
v 0.002958 0.001167 -0.045132
v 0.005904 0.001167 -0.044842
v 0.008824 0.001167 -0.044360
v 0.011706 0.001167 -0.043687
v 0.014538 0.001167 -0.042828
v 0.017308 0.001167 -0.041786
v 0.020004 0.001167 -0.040564
v 0.022614 0.001167 -0.039169
v 0.025128 0.001167 -0.037606
v 0.027533 0.001167 -0.035882
v 0.029821 0.001167 -0.034005
v 0.031981 0.001167 -0.031981
v 0.034005 0.001167 -0.029821
v 0.035882 0.001167 -0.027533
v 0.037606 0.001167 -0.025128
v 0.039169 0.001167 -0.022614
v 0.040564 0.001167 -0.020004
v 0.041786 0.001167 -0.017308
v 0.042828 0.001167 -0.014538
v 0.043687 0.001167 -0.011706
v 0.044360 0.001167 -0.008824
v 0.044842 0.001167 -0.005904
v 0.045132 0.001167 -0.002958
v 0.050882 0.001477 0.000000
v 0.050773 0.001477 0.003328
v 0.050447 0.001477 0.006641
v 0.049904 0.001477 0.009927
v 0.049148 0.001477 0.013169
v 0.048182 0.001477 0.016356
v 0.047009 0.001477 0.019472
v 0.045635 0.001477 0.022505
v 0.044065 0.001477 0.025441
v 0.042307 0.001477 0.028269
v 0.040368 0.001477 0.030975
v 0.038255 0.001477 0.033549
v 0.035979 0.001477 0.035979
v 0.033549 0.001477 0.038255
v 0.030975 0.001477 0.040368
v 0.028269 0.001477 0.042307
v 0.025441 0.001477 0.044065
v 0.022505 0.001477 0.045635
v 0.019472 0.001477 0.047009
v 0.016356 0.001477 0.048182
v 0.013169 0.001477 0.049148
v 0.009927 0.001477 0.049904
v 0.006641 0.001477 0.050447
v 0.003328 0.001477 0.050773
v 0.000000 0.001477 0.050882
v -0.003328 0.001477 0.050773
v -0.006641 0.001477 0.050447
v -0.009927 0.001477 0.049904
v -0.013169 0.001477 0.049148
v -0.016356 0.001477 0.048182
v -0.019472 0.001477 0.047009
v -0.022505 0.001477 0.045635
v -0.025441 0.001477 0.044065
v -0.028269 0.001477 0.042307
v -0.030975 0.001477 0.040368
v -0.033549 0.001477 0.038255
v -0.035979 0.001477 0.035979
v -0.038255 0.001477 0.033549
v -0.040368 0.001477 0.030975
v -0.042307 0.001477 0.028269
v -0.044065 0.001477 0.025441
v -0.045635 0.001477 0.022505
v -0.047009 0.001477 0.019472
v -0.048182 0.001477 0.016356
v -0.049148 0.001477 0.013169
v -0.049904 0.001477 0.009927
v -0.050447 0.001477 0.006641
v -0.050773 0.001477 0.003328
v -0.050882 0.001477 0.000000
v -0.050773 0.001477 -0.003328
v -0.050447 0.001477 -0.006641
v -0.049904 0.001477 -0.009927
v -0.049148 0.001477 -0.013169
v -0.048182 0.001477 -0.016356
v -0.047009 0.001477 -0.019472
v -0.045635 0.001477 -0.022505
v -0.044065 0.001477 -0.025441
v -0.042307 0.001477 -0.028269
v -0.040368 0.001477 -0.030975
v -0.038255 0.001477 -0.033549
v -0.035979 0.001477 -0.035979
v -0.033549 0.001477 -0.038255
v -0.030975 0.001477 -0.040368
v -0.028269 0.001477 -0.042307
v -0.025441 0.001477 -0.044065
v -0.022505 0.001477 -0.045635
v -0.019472 0.001477 -0.047009
v -0.016356 0.001477 -0.048182
v -0.013169 0.001477 -0.049148
v -0.009927 0.001477 -0.049904
v -0.006641 0.001477 -0.050447
v -0.003328 0.001477 -0.050773
v -0.000000 0.001477 -0.050882
v 0.003328 0.001477 -0.050773
v 0.006641 0.001477 -0.050447
v 0.009927 0.001477 -0.049904
v 0.013169 0.001477 -0.049148
v 0.016356 0.001477 -0.048182
v 0.019472 0.001477 -0.047009
v 0.022505 0.001477 -0.045635
v 0.025441 0.001477 -0.044065
v 0.028269 0.001477 -0.042307
v 0.030975 0.001477 -0.040368
v 0.033549 0.001477 -0.038255
v 0.035979 0.001477 -0.035979
v 0.038255 0.001477 -0.033549
v 0.040368 0.001477 -0.030975
v 0.042307 0.001477 -0.028269
v 0.044065 0.001477 -0.025441
v 0.045635 0.001477 -0.022505
v 0.047009 0.001477 -0.019472
v 0.048182 0.001477 -0.016356
v 0.049148 0.001477 -0.013169
v 0.049904 0.001477 -0.009927
v 0.050447 0.001477 -0.006641
v 0.050773 0.001477 -0.003328
v 0.056536 0.001824 0.000000
v 0.056415 0.001824 0.003698
v 0.056052 0.001824 0.007379
v 0.055449 0.001824 0.011030
v 0.054609 0.001824 0.014633
v 0.053535 0.001824 0.018173
v 0.052232 0.001824 0.021635
v 0.050705 0.001824 0.025005
v 0.048961 0.001824 0.028268
v 0.047008 0.001824 0.031410
v 0.044853 0.001824 0.034417
v 0.042506 0.001824 0.037277
v 0.039977 0.001824 0.039977
v 0.037277 0.001824 0.042506
v 0.034417 0.001824 0.044853
v 0.031410 0.001824 0.047008
v 0.028268 0.001824 0.048961
v 0.025005 0.001824 0.050705
v 0.021635 0.001824 0.052232
v 0.018173 0.001824 0.053535
v 0.014633 0.001824 0.054609
v 0.011030 0.001824 0.055449
v 0.007379 0.001824 0.056052
v 0.003698 0.001824 0.056415
v 0.000000 0.001824 0.056536
v -0.003698 0.001824 0.056415
v -0.007379 0.001824 0.056052
v -0.011030 0.001824 0.055449
v -0.014633 0.001824 0.054609
v -0.018173 0.001824 0.053535
v -0.021635 0.001824 0.052232
v -0.025005 0.001824 0.050705
v -0.028268 0.001824 0.048961
v -0.031410 0.001824 0.047008
v -0.034417 0.001824 0.044853
v -0.037277 0.001824 0.042506
v -0.039977 0.001824 0.039977
v -0.042506 0.001824 0.037277
v -0.044853 0.001824 0.034417
v -0.047008 0.001824 0.031410
v -0.048961 0.001824 0.028268
v -0.050705 0.001824 0.025005
v -0.052232 0.001824 0.021635
v -0.053535 0.001824 0.018173
v -0.054609 0.001824 0.014633
v -0.055449 0.001824 0.011030
v -0.056052 0.001824 0.007379
v -0.056415 0.001824 0.003698
v -0.056536 0.001824 0.000000
v -0.056415 0.001824 -0.003698
v -0.056052 0.001824 -0.007379
v -0.055449 0.001824 -0.011030
v -0.054609 0.001824 -0.014633
v -0.053535 0.001824 -0.018173
v -0.052232 0.001824 -0.021635
v -0.050705 0.001824 -0.025005
v -0.048961 0.001824 -0.028268
v -0.047008 0.001824 -0.031410
v -0.044853 0.001824 -0.034417
v -0.042506 0.001824 -0.037277
v -0.039977 0.001824 -0.039977
v -0.037277 0.001824 -0.042506
v -0.034417 0.001824 -0.044853
v -0.031410 0.001824 -0.047008
v -0.028268 0.001824 -0.048961
v -0.025005 0.001824 -0.050705
v -0.021635 0.001824 -0.052232
v -0.018173 0.001824 -0.053535
v -0.014633 0.001824 -0.054609
v -0.011030 0.001824 -0.055449
v -0.007379 0.001824 -0.056052
v -0.003698 0.001824 -0.056415
v -0.000000 0.001824 -0.056536
v 0.003698 0.001824 -0.056415
v 0.007379 0.001824 -0.056052
v 0.011030 0.001824 -0.055449
v 0.014633 0.001824 -0.054609
v 0.018173 0.001824 -0.053535
v 0.021635 0.001824 -0.052232
v 0.025005 0.001824 -0.050705
v 0.028268 0.001824 -0.048961
v 0.031410 0.001824 -0.047008
v 0.034417 0.001824 -0.044853
v 0.037277 0.001824 -0.042506
v 0.039977 0.001824 -0.039977
v 0.042506 0.001824 -0.037277
v 0.044853 0.001824 -0.034417
v 0.047008 0.001824 -0.031410
v 0.048961 0.001824 -0.028268
v 0.050705 0.001824 -0.025005
v 0.052232 0.001824 -0.021635
v 0.053535 0.001824 -0.018173
v 0.054609 0.001824 -0.014633
v 0.055449 0.001824 -0.011030
v 0.056052 0.001824 -0.007379
v 0.056415 0.001824 -0.003698
v 0.062189 0.002207 0.000000
v 0.062056 0.002207 0.004067
v 0.061657 0.002207 0.008117
v 0.060994 0.002207 0.012133
v 0.060070 0.002207 0.016096
v 0.058889 0.002207 0.019990
v 0.057455 0.002207 0.023799
v 0.055776 0.002207 0.027506
v 0.053858 0.002207 0.031095
v 0.051709 0.002207 0.034551
v 0.049338 0.002207 0.037858
v 0.046756 0.002207 0.041004
v 0.043974 0.002207 0.043974
v 0.041004 0.002207 0.046756
v 0.037858 0.002207 0.049338
v 0.034551 0.002207 0.051709
v 0.031095 0.002207 0.053858
v 0.027506 0.002207 0.055776
v 0.023799 0.002207 0.057455
v 0.019990 0.002207 0.058889
v 0.016096 0.002207 0.060070
v 0.012133 0.002207 0.060994
v 0.008117 0.002207 0.061657
v 0.004067 0.002207 0.062056
v 0.000000 0.002207 0.062189
v -0.004067 0.002207 0.062056
v -0.008117 0.002207 0.061657
v -0.012133 0.002207 0.060994
v -0.016096 0.002207 0.060070
v -0.019990 0.002207 0.058889
v -0.023799 0.002207 0.057455
v -0.027506 0.002207 0.055776
v -0.031095 0.002207 0.053858
v -0.034551 0.002207 0.051709
v -0.037858 0.002207 0.049338
v -0.041004 0.002207 0.046756
v -0.043974 0.002207 0.043974
v -0.046756 0.002207 0.041004
v -0.049338 0.002207 0.037858
v -0.051709 0.002207 0.034551
v -0.053858 0.002207 0.031095
v -0.055776 0.002207 0.027506
v -0.057455 0.002207 0.023799
v -0.058889 0.002207 0.019990
v -0.060070 0.002207 0.016096
v -0.060994 0.002207 0.012133
v -0.061657 0.002207 0.008117
v -0.062056 0.002207 0.004067
v -0.062189 0.002207 0.000000
v -0.062056 0.002207 -0.004067
v -0.061657 0.002207 -0.008117
v -0.060994 0.002207 -0.012133
v -0.060070 0.002207 -0.016096
v -0.058889 0.002207 -0.019990
v -0.057455 0.002207 -0.023799
v -0.055776 0.002207 -0.027506
v -0.053858 0.002207 -0.031095
v -0.051709 0.002207 -0.034551
v -0.049338 0.002207 -0.037858
v -0.046756 0.002207 -0.041004
v -0.043974 0.002207 -0.043974
v -0.041004 0.002207 -0.046756
v -0.037858 0.002207 -0.049338
v -0.034551 0.002207 -0.051709
v -0.031095 0.002207 -0.053858
v -0.027506 0.002207 -0.055776
v -0.023799 0.002207 -0.057455
v -0.019990 0.002207 -0.058889
v -0.016096 0.002207 -0.060070
v -0.012133 0.002207 -0.060994
v -0.008117 0.002207 -0.061657
v -0.004067 0.002207 -0.062056
v -0.000000 0.002207 -0.062189
v 0.004067 0.002207 -0.062056
v 0.008117 0.002207 -0.061657
v 0.012133 0.002207 -0.060994
v 0.016096 0.002207 -0.060070
v 0.019990 0.002207 -0.058889
v 0.023799 0.002207 -0.057455
v 0.027506 0.002207 -0.055776
v 0.031095 0.002207 -0.053858
v 0.034551 0.002207 -0.051709
v 0.037858 0.002207 -0.049338
v 0.041004 0.002207 -0.046756
v 0.043974 0.002207 -0.043974
v 0.046756 0.002207 -0.041004
v 0.049338 0.002207 -0.037858
v 0.051709 0.002207 -0.034551
v 0.053858 0.002207 -0.031095
v 0.055776 0.002207 -0.027506
v 0.057455 0.002207 -0.023799
v 0.058889 0.002207 -0.019990
v 0.060070 0.002207 -0.016096
v 0.060994 0.002207 -0.012133
v 0.061657 0.002207 -0.008117
v 0.062056 0.002207 -0.004067
v 0.067843 0.002627 0.000000
v 0.067698 0.002627 0.004437
v 0.067262 0.002627 0.008855
v 0.066539 0.002627 0.013235
v 0.065531 0.002627 0.017559
v 0.064242 0.002627 0.021807
v 0.062679 0.002627 0.025962
v 0.060846 0.002627 0.030006
v 0.058754 0.002627 0.033921
v 0.056409 0.002627 0.037691
v 0.053823 0.002627 0.041300
v 0.051007 0.002627 0.044732
v 0.047972 0.002627 0.047972
v 0.044732 0.002627 0.051007
v 0.041300 0.002627 0.053823
v 0.037691 0.002627 0.056409
v 0.033921 0.002627 0.058754
v 0.030006 0.002627 0.060846
v 0.025962 0.002627 0.062679
v 0.021807 0.002627 0.064242
v 0.017559 0.002627 0.065531
v 0.013235 0.002627 0.066539
v 0.008855 0.002627 0.067262
v 0.004437 0.002627 0.067698
v 0.000000 0.002627 0.067843
v -0.004437 0.002627 0.067698
v -0.008855 0.002627 0.067262
v -0.013235 0.002627 0.066539
v -0.017559 0.002627 0.065531
v -0.021807 0.002627 0.064242
v -0.025962 0.002627 0.062679
v -0.030006 0.002627 0.060846
v -0.033921 0.002627 0.058754
v -0.037691 0.002627 0.056409
v -0.041300 0.002627 0.053823
v -0.044732 0.002627 0.051007
v -0.047972 0.002627 0.047972
v -0.051007 0.002627 0.044732
v -0.053823 0.002627 0.041300
v -0.056409 0.002627 0.037691
v -0.058754 0.002627 0.033921
v -0.060846 0.002627 0.030006
v -0.062679 0.002627 0.025962
v -0.064242 0.002627 0.021807
v -0.065531 0.002627 0.017559
v -0.066539 0.002627 0.013235
v -0.067262 0.002627 0.008855
v -0.067698 0.002627 0.004437
v -0.067843 0.002627 0.000000
v -0.067698 0.002627 -0.004437
v -0.067262 0.002627 -0.008855
v -0.066539 0.002627 -0.013235
v -0.065531 0.002627 -0.017559
v -0.064242 0.002627 -0.021807
v -0.062679 0.002627 -0.025962
v -0.060846 0.002627 -0.030006
v -0.058754 0.002627 -0.033921
v -0.056409 0.002627 -0.037691
v -0.053823 0.002627 -0.041300
v -0.051007 0.002627 -0.044732
v -0.047972 0.002627 -0.047972
v -0.044732 0.002627 -0.051007
v -0.041300 0.002627 -0.053823
v -0.037691 0.002627 -0.056409
v -0.033921 0.002627 -0.058754
v -0.030006 0.002627 -0.060846
v -0.025962 0.002627 -0.062679
v -0.021807 0.002627 -0.064242
v -0.017559 0.002627 -0.065531
v -0.013235 0.002627 -0.066539
v -0.008855 0.002627 -0.067262
v -0.004437 0.002627 -0.067698
v -0.000000 0.002627 -0.067843
v 0.004437 0.002627 -0.067698
v 0.008855 0.002627 -0.067262
v 0.013235 0.002627 -0.066539
v 0.017559 0.002627 -0.065531
v 0.021807 0.002627 -0.064242
v 0.025962 0.002627 -0.062679
v 0.030006 0.002627 -0.060846
v 0.033921 0.002627 -0.058754
v 0.037691 0.002627 -0.056409
v 0.041300 0.002627 -0.053823
v 0.044732 0.002627 -0.051007
v 0.047972 0.002627 -0.047972
v 0.051007 0.002627 -0.044732
v 0.053823 0.002627 -0.041300
v 0.056409 0.002627 -0.037691
v 0.058754 0.002627 -0.033921
v 0.060846 0.002627 -0.030006
v 0.062679 0.002627 -0.025962
v 0.064242 0.002627 -0.021807
v 0.065531 0.002627 -0.017559
v 0.066539 0.002627 -0.013235
v 0.067262 0.002627 -0.008855
v 0.067698 0.002627 -0.004437
v 0.073496 0.003083 0.000000
v 0.073339 0.003083 0.004807
v 0.072868 0.003083 0.009593
v 0.072084 0.003083 0.014338
v 0.070992 0.003083 0.019022
v 0.069596 0.003083 0.023625
v 0.067902 0.003083 0.028126
v 0.065917 0.003083 0.032507
v 0.063650 0.003083 0.036748
v 0.061110 0.003083 0.040832
v 0.058309 0.003083 0.044742
v 0.055258 0.003083 0.048460
v 0.051970 0.003083 0.051970
v 0.048460 0.003083 0.055258
v 0.044742 0.003083 0.058309
v 0.040832 0.003083 0.061110
v 0.036748 0.003083 0.063650
v 0.032507 0.003083 0.065917
v 0.028126 0.003083 0.067902
v 0.023625 0.003083 0.069596
v 0.019022 0.003083 0.070992
v 0.014338 0.003083 0.072084
v 0.009593 0.003083 0.072868
v 0.004807 0.003083 0.073339
v 0.000000 0.003083 0.073496
v -0.004807 0.003083 0.073339
v -0.009593 0.003083 0.072868
v -0.014338 0.003083 0.072084
v -0.019022 0.003083 0.070992
v -0.023625 0.003083 0.069596
v -0.028126 0.003083 0.067902
v -0.032507 0.003083 0.065917
v -0.036748 0.003083 0.063650
v -0.040832 0.003083 0.061110
v -0.044742 0.003083 0.058309
v -0.048460 0.003083 0.055258
v -0.051970 0.003083 0.051970
v -0.055258 0.003083 0.048460
v -0.058309 0.003083 0.044742
v -0.061110 0.003083 0.040832
v -0.063650 0.003083 0.036748
v -0.065917 0.003083 0.032507
v -0.067902 0.003083 0.028126
v -0.069596 0.003083 0.023625
v -0.070992 0.003083 0.019022
v -0.072084 0.003083 0.014338
v -0.072868 0.003083 0.009593
v -0.073339 0.003083 0.004807
v -0.073496 0.003083 0.000000
v -0.073339 0.003083 -0.004807
v -0.072868 0.003083 -0.009593
v -0.072084 0.003083 -0.014338
v -0.070992 0.003083 -0.019022
v -0.069596 0.003083 -0.023625
v -0.067902 0.003083 -0.028126
v -0.065917 0.003083 -0.032507
v -0.063650 0.003083 -0.036748
v -0.061110 0.003083 -0.040832
v -0.058309 0.003083 -0.044742
v -0.055258 0.003083 -0.048460
v -0.051970 0.003083 -0.051970
v -0.048460 0.003083 -0.055258
v -0.044742 0.003083 -0.058309
v -0.040832 0.003083 -0.061110
v -0.036748 0.003083 -0.063650
v -0.032507 0.003083 -0.065917
v -0.028126 0.003083 -0.067902
v -0.023625 0.003083 -0.069596
v -0.019022 0.003083 -0.070992
v -0.014338 0.003083 -0.072084
v -0.009593 0.003083 -0.072868
v -0.004807 0.003083 -0.073339
v -0.000000 0.003083 -0.073496
v 0.004807 0.003083 -0.073339
v 0.009593 0.003083 -0.072868
v 0.014338 0.003083 -0.072084
v 0.019022 0.003083 -0.070992
v 0.023625 0.003083 -0.069596
v 0.028126 0.003083 -0.067902
v 0.032507 0.003083 -0.065917
v 0.036748 0.003083 -0.063650
v 0.040832 0.003083 -0.061110
v 0.044742 0.003083 -0.058309
v 0.048460 0.003083 -0.055258
v 0.051970 0.003083 -0.051970
v 0.055258 0.003083 -0.048460
v 0.058309 0.003083 -0.044742
v 0.061110 0.003083 -0.040832
v 0.063650 0.003083 -0.036748
v 0.065917 0.003083 -0.032507
v 0.067902 0.003083 -0.028126
v 0.069596 0.003083 -0.023625
v 0.070992 0.003083 -0.019022
v 0.072084 0.003083 -0.014338
v 0.072868 0.003083 -0.009593
v 0.073339 0.003083 -0.004807
v 0.079150 0.003575 0.000000
v 0.078981 0.003575 0.005177
v 0.078473 0.003575 0.010331
v 0.077629 0.003575 0.015441
v 0.076453 0.003575 0.020486
v 0.074950 0.003575 0.025442
v 0.073125 0.003575 0.030289
v 0.070987 0.003575 0.035007
v 0.068546 0.003575 0.039575
v 0.065811 0.003575 0.043973
v 0.062794 0.003575 0.048183
v 0.059508 0.003575 0.052187
v 0.055968 0.003575 0.055968
v 0.052187 0.003575 0.059508
v 0.048183 0.003575 0.062794
v 0.043973 0.003575 0.065811
v 0.039575 0.003575 0.068546
v 0.035007 0.003575 0.070987
v 0.030289 0.003575 0.073125
v 0.025442 0.003575 0.074950
v 0.020486 0.003575 0.076453
v 0.015441 0.003575 0.077629
v 0.010331 0.003575 0.078473
v 0.005177 0.003575 0.078981
v 0.000000 0.003575 0.079150
v -0.005177 0.003575 0.078981
v -0.010331 0.003575 0.078473
v -0.015441 0.003575 0.077629
v -0.020486 0.003575 0.076453
v -0.025442 0.003575 0.074950
v -0.030289 0.003575 0.073125
v -0.035007 0.003575 0.070987
v -0.039575 0.003575 0.068546
v -0.043973 0.003575 0.065811
v -0.048183 0.003575 0.062794
v -0.052187 0.003575 0.059508
v -0.055968 0.003575 0.055968
v -0.059508 0.003575 0.052187
v -0.062794 0.003575 0.048183
v -0.065811 0.003575 0.043973
v -0.068546 0.003575 0.039575
v -0.070987 0.003575 0.035007
v -0.073125 0.003575 0.030289
v -0.074950 0.003575 0.025442
v -0.076453 0.003575 0.020486
v -0.077629 0.003575 0.015441
v -0.078473 0.003575 0.010331
v -0.078981 0.003575 0.005177
v -0.079150 0.003575 0.000000
v -0.078981 0.003575 -0.005177
v -0.078473 0.003575 -0.010331
v -0.077629 0.003575 -0.015441
v -0.076453 0.003575 -0.020486
v -0.074950 0.003575 -0.025442
v -0.073125 0.003575 -0.030289
v -0.070987 0.003575 -0.035007
v -0.068546 0.003575 -0.039575
v -0.065811 0.003575 -0.043973
v -0.062794 0.003575 -0.048183
v -0.059508 0.003575 -0.052187
v -0.055968 0.003575 -0.055968
v -0.052187 0.003575 -0.059508
v -0.048183 0.003575 -0.062794
v -0.043973 0.003575 -0.065811
v -0.039575 0.003575 -0.068546
v -0.035007 0.003575 -0.070987
v -0.030289 0.003575 -0.073125
v -0.025442 0.003575 -0.074950
v -0.020486 0.003575 -0.076453
v -0.015441 0.003575 -0.077629
v -0.010331 0.003575 -0.078473
v -0.005177 0.003575 -0.078981
v -0.000000 0.003575 -0.079150
v 0.005177 0.003575 -0.078981
v 0.010331 0.003575 -0.078473
v 0.015441 0.003575 -0.077629
v 0.020486 0.003575 -0.076453
v 0.025442 0.003575 -0.074950
v 0.030289 0.003575 -0.073125
v 0.035007 0.003575 -0.070987
v 0.039575 0.003575 -0.068546
v 0.043973 0.003575 -0.065811
v 0.048183 0.003575 -0.062794
v 0.052187 0.003575 -0.059508
v 0.055968 0.003575 -0.055968
v 0.059508 0.003575 -0.052187
v 0.062794 0.003575 -0.048183
v 0.065811 0.003575 -0.043973
v 0.068546 0.003575 -0.039575
v 0.070987 0.003575 -0.035007
v 0.073125 0.003575 -0.030289
v 0.074950 0.003575 -0.025442
v 0.076453 0.003575 -0.020486
v 0.077629 0.003575 -0.015441
v 0.078473 0.003575 -0.010331
v 0.078981 0.003575 -0.005177
v 0.084804 0.004104 0.000000
v 0.084622 0.004104 0.005546
v 0.084078 0.004104 0.011069
v 0.083174 0.004104 0.016544
v 0.081914 0.004104 0.021949
v 0.080303 0.004104 0.027259
v 0.078348 0.004104 0.032453
v 0.076058 0.004104 0.037508
v 0.073442 0.004104 0.042402
v 0.070512 0.004104 0.047114
v 0.067279 0.004104 0.051625
v 0.063759 0.004104 0.055915
v 0.059965 0.004104 0.059965
v 0.055915 0.004104 0.063759
v 0.051625 0.004104 0.067279
v 0.047114 0.004104 0.070512
v 0.042402 0.004104 0.073442
v 0.037508 0.004104 0.076058
v 0.032453 0.004104 0.078348
v 0.027259 0.004104 0.080303
v 0.021949 0.004104 0.081914
v 0.016544 0.004104 0.083174
v 0.011069 0.004104 0.084078
v 0.005546 0.004104 0.084622
v 0.000000 0.004104 0.084804
v -0.005546 0.004104 0.084622
v -0.011069 0.004104 0.084078
v -0.016544 0.004104 0.083174
v -0.021949 0.004104 0.081914
v -0.027259 0.004104 0.080303
v -0.032453 0.004104 0.078348
v -0.037508 0.004104 0.076058
v -0.042402 0.004104 0.073442
v -0.047114 0.004104 0.070512
v -0.051625 0.004104 0.067279
v -0.055915 0.004104 0.063759
v -0.059965 0.004104 0.059965
v -0.063759 0.004104 0.055915
v -0.067279 0.004104 0.051625
v -0.070512 0.004104 0.047114
v -0.073442 0.004104 0.042402
v -0.076058 0.004104 0.037508
v -0.078348 0.004104 0.032453
v -0.080303 0.004104 0.027259
v -0.081914 0.004104 0.021949
v -0.083174 0.004104 0.016544
v -0.084078 0.004104 0.011069
v -0.084622 0.004104 0.005546
v -0.084804 0.004104 0.000000
v -0.084622 0.004104 -0.005546
v -0.084078 0.004104 -0.011069
v -0.083174 0.004104 -0.016544
v -0.081914 0.004104 -0.021949
v -0.080303 0.004104 -0.027259
v -0.078348 0.004104 -0.032453
v -0.076058 0.004104 -0.037508
v -0.073442 0.004104 -0.042402
v -0.070512 0.004104 -0.047114
v -0.067279 0.004104 -0.051625
v -0.063759 0.004104 -0.055915
v -0.059965 0.004104 -0.059965
v -0.055915 0.004104 -0.063759
v -0.051625 0.004104 -0.067279
v -0.047114 0.004104 -0.070512
v -0.042402 0.004104 -0.073442
v -0.037508 0.004104 -0.076058
v -0.032453 0.004104 -0.078348
v -0.027259 0.004104 -0.080303
v -0.021949 0.004104 -0.081914
v -0.016544 0.004104 -0.083174
v -0.011069 0.004104 -0.084078
v -0.005546 0.004104 -0.084622
v -0.000000 0.004104 -0.084804
v 0.005546 0.004104 -0.084622
v 0.011069 0.004104 -0.084078
v 0.016544 0.004104 -0.083174
v 0.021949 0.004104 -0.081914
v 0.027259 0.004104 -0.080303
v 0.032453 0.004104 -0.078348
v 0.037508 0.004104 -0.076058
v 0.042402 0.004104 -0.073442
v 0.047114 0.004104 -0.070512
v 0.051625 0.004104 -0.067279
v 0.055915 0.004104 -0.063759
v 0.059965 0.004104 -0.059965
v 0.063759 0.004104 -0.055915
v 0.067279 0.004104 -0.051625
v 0.070512 0.004104 -0.047114
v 0.073442 0.004104 -0.042402
v 0.076058 0.004104 -0.037508
v 0.078348 0.004104 -0.032453
v 0.080303 0.004104 -0.027259
v 0.081914 0.004104 -0.021949
v 0.083174 0.004104 -0.016544
v 0.084078 0.004104 -0.011069
v 0.084622 0.004104 -0.005546
v 0.090457 0.004669 0.000000
v 0.090263 0.004669 0.005916
v 0.089683 0.004669 0.011807
v 0.088719 0.004669 0.017647
v 0.087375 0.004669 0.023412
v 0.085657 0.004669 0.029076
v 0.083572 0.004669 0.034616
v 0.081129 0.004669 0.040008
v 0.078338 0.004669 0.045229
v 0.075212 0.004669 0.050255
v 0.071764 0.004669 0.055067
v 0.068009 0.004669 0.059643
v 0.063963 0.004669 0.063963
v 0.059643 0.004669 0.068009
v 0.055067 0.004669 0.071764
v 0.050255 0.004669 0.075212
v 0.045229 0.004669 0.078338
v 0.040008 0.004669 0.081129
v 0.034616 0.004669 0.083572
v 0.029076 0.004669 0.085657
v 0.023412 0.004669 0.087375
v 0.017647 0.004669 0.088719
v 0.011807 0.004669 0.089683
v 0.005916 0.004669 0.090263
v 0.000000 0.004669 0.090457
v -0.005916 0.004669 0.090263
v -0.011807 0.004669 0.089683
v -0.017647 0.004669 0.088719
v -0.023412 0.004669 0.087375
v -0.029076 0.004669 0.085657
v -0.034616 0.004669 0.083572
v -0.040008 0.004669 0.081129
v -0.045229 0.004669 0.078338
v -0.050255 0.004669 0.075212
v -0.055067 0.004669 0.071764
v -0.059643 0.004669 0.068009
v -0.063963 0.004669 0.063963
v -0.068009 0.004669 0.059643
v -0.071764 0.004669 0.055067
v -0.075212 0.004669 0.050255
v -0.078338 0.004669 0.045229
v -0.081129 0.004669 0.040008
v -0.083572 0.004669 0.034616
v -0.085657 0.004669 0.029076
v -0.087375 0.004669 0.023412
v -0.088719 0.004669 0.017647
v -0.089683 0.004669 0.011807
v -0.090263 0.004669 0.005916
v -0.090457 0.004669 0.000000
v -0.090263 0.004669 -0.005916
v -0.089683 0.004669 -0.011807
v -0.088719 0.004669 -0.017647
v -0.087375 0.004669 -0.023412
v -0.085657 0.004669 -0.029076
v -0.083572 0.004669 -0.034616
v -0.081129 0.004669 -0.040008
v -0.078338 0.004669 -0.045229
v -0.075212 0.004669 -0.050255
v -0.071764 0.004669 -0.055067
v -0.068009 0.004669 -0.059643
v -0.063963 0.004669 -0.063963
v -0.059643 0.004669 -0.068009
v -0.055067 0.004669 -0.071764
v -0.050255 0.004669 -0.075212
v -0.045229 0.004669 -0.078338
v -0.040008 0.004669 -0.081129
v -0.034616 0.004669 -0.083572
v -0.029076 0.004669 -0.085657
v -0.023412 0.004669 -0.087375
v -0.017647 0.004669 -0.088719
v -0.011807 0.004669 -0.089683
v -0.005916 0.004669 -0.090263
v -0.000000 0.004669 -0.090457
v 0.005916 0.004669 -0.090263
v 0.011807 0.004669 -0.089683
v 0.017647 0.004669 -0.088719
v 0.023412 0.004669 -0.087375
v 0.029076 0.004669 -0.085657
v 0.034616 0.004669 -0.083572
v 0.040008 0.004669 -0.081129
v 0.045229 0.004669 -0.078338
v 0.050255 0.004669 -0.075212
v 0.055067 0.004669 -0.071764
v 0.059643 0.004669 -0.068009
v 0.063963 0.004669 -0.063963
v 0.068009 0.004669 -0.059643
v 0.071764 0.004669 -0.055067
v 0.075212 0.004669 -0.050255
v 0.078338 0.004669 -0.045229
v 0.081129 0.004669 -0.040008
v 0.083572 0.004669 -0.034616
v 0.085657 0.004669 -0.029076
v 0.087375 0.004669 -0.023412
v 0.088719 0.004669 -0.017647
v 0.089683 0.004669 -0.011807
v 0.090263 0.004669 -0.005916
v 0.096111 0.005271 0.000000
v 0.095905 0.005271 0.006286
v 0.095288 0.005271 0.012545
v 0.094264 0.005271 0.018750
v 0.092836 0.005271 0.024875
v 0.091010 0.005271 0.030894
v 0.088795 0.005271 0.036780
v 0.086199 0.005271 0.042509
v 0.083234 0.005271 0.048055
v 0.079913 0.005271 0.053396
v 0.076250 0.005271 0.058508
v 0.072260 0.005271 0.063370
v 0.067961 0.005271 0.067961
v 0.063370 0.005271 0.072260
v 0.058508 0.005271 0.076250
v 0.053396 0.005271 0.079913
v 0.048055 0.005271 0.083234
v 0.042509 0.005271 0.086199
v 0.036780 0.005271 0.088795
v 0.030894 0.005271 0.091010
v 0.024875 0.005271 0.092836
v 0.018750 0.005271 0.094264
v 0.012545 0.005271 0.095288
v 0.006286 0.005271 0.095905
v 0.000000 0.005271 0.096111
v -0.006286 0.005271 0.095905
v -0.012545 0.005271 0.095288
v -0.018750 0.005271 0.094264
v -0.024875 0.005271 0.092836
v -0.030894 0.005271 0.091010
v -0.036780 0.005271 0.088795
v -0.042509 0.005271 0.086199
v -0.048055 0.005271 0.083234
v -0.053396 0.005271 0.079913
v -0.058508 0.005271 0.076250
v -0.063370 0.005271 0.072260
v -0.067961 0.005271 0.067961
v -0.072260 0.005271 0.063370
v -0.076250 0.005271 0.058508
v -0.079913 0.005271 0.053396
v -0.083234 0.005271 0.048055
v -0.086199 0.005271 0.042509
v -0.088795 0.005271 0.036780
v -0.091010 0.005271 0.030894
v -0.092836 0.005271 0.024875
v -0.094264 0.005271 0.018750
v -0.095288 0.005271 0.012545
v -0.095905 0.005271 0.006286
v -0.096111 0.005271 0.000000
v -0.095905 0.005271 -0.006286
v -0.095288 0.005271 -0.012545
v -0.094264 0.005271 -0.018750
v -0.092836 0.005271 -0.024875
v -0.091010 0.005271 -0.030894
v -0.088795 0.005271 -0.036780
v -0.086199 0.005271 -0.042509
v -0.083234 0.005271 -0.048055
v -0.079913 0.005271 -0.053396
v -0.076250 0.005271 -0.058508
v -0.072260 0.005271 -0.063370
v -0.067961 0.005271 -0.067961
v -0.063370 0.005271 -0.072260
v -0.058508 0.005271 -0.076250
v -0.053396 0.005271 -0.079913
v -0.048055 0.005271 -0.083234
v -0.042509 0.005271 -0.086199
v -0.036780 0.005271 -0.088795
v -0.030894 0.005271 -0.091010
v -0.024875 0.005271 -0.092836
v -0.018750 0.005271 -0.094264
v -0.012545 0.005271 -0.095288
v -0.006286 0.005271 -0.095905
v -0.000000 0.005271 -0.096111
v 0.006286 0.005271 -0.095905
v 0.012545 0.005271 -0.095288
v 0.018750 0.005271 -0.094264
v 0.024875 0.005271 -0.092836
v 0.030894 0.005271 -0.091010
v 0.036780 0.005271 -0.088795
v 0.042509 0.005271 -0.086199
v 0.048055 0.005271 -0.083234
v 0.053396 0.005271 -0.079913
v 0.058508 0.005271 -0.076250
v 0.063370 0.005271 -0.072260
v 0.067961 0.005271 -0.067961
v 0.072260 0.005271 -0.063370
v 0.076250 0.005271 -0.058508
v 0.079913 0.005271 -0.053396
v 0.083234 0.005271 -0.048055
v 0.086199 0.005271 -0.042509
v 0.088795 0.005271 -0.036780
v 0.091010 0.005271 -0.030894
v 0.092836 0.005271 -0.024875
v 0.094264 0.005271 -0.018750
v 0.095288 0.005271 -0.012545
v 0.095905 0.005271 -0.006286
v 0.101764 0.005910 0.000000
v 0.101546 0.005910 0.006656
v 0.100894 0.005910 0.013283
v 0.099809 0.005910 0.019853
v 0.098297 0.005910 0.026339
v 0.096364 0.005910 0.032711
v 0.094018 0.005910 0.038944
v 0.091270 0.005910 0.045009
v 0.088130 0.005910 0.050882
v 0.084614 0.005910 0.056537
v 0.080735 0.005910 0.061950
v 0.076510 0.005910 0.067098
v 0.071958 0.005910 0.071958
v 0.067098 0.005910 0.076510
v 0.061950 0.005910 0.080735
v 0.056537 0.005910 0.084614
v 0.050882 0.005910 0.088130
v 0.045009 0.005910 0.091270
v 0.038944 0.005910 0.094018
v 0.032711 0.005910 0.096364
v 0.026339 0.005910 0.098297
v 0.019853 0.005910 0.099809
v 0.013283 0.005910 0.100894
v 0.006656 0.005910 0.101546
v 0.000000 0.005910 0.101764
v -0.006656 0.005910 0.101546
v -0.013283 0.005910 0.100894
v -0.019853 0.005910 0.099809
v -0.026339 0.005910 0.098297
v -0.032711 0.005910 0.096364
v -0.038944 0.005910 0.094018
v -0.045009 0.005910 0.091270
v -0.050882 0.005910 0.088130
v -0.056537 0.005910 0.084614
v -0.061950 0.005910 0.080735
v -0.067098 0.005910 0.076510
v -0.071958 0.005910 0.071958
v -0.076510 0.005910 0.067098
v -0.080735 0.005910 0.061950
v -0.084614 0.005910 0.056537
v -0.088130 0.005910 0.050882
v -0.091270 0.005910 0.045009
v -0.094018 0.005910 0.038944
v -0.096364 0.005910 0.032711
v -0.098297 0.005910 0.026339
v -0.099809 0.005910 0.019853
v -0.100894 0.005910 0.013283
v -0.101546 0.005910 0.006656
v -0.101764 0.005910 0.000000
v -0.101546 0.005910 -0.006656
v -0.100894 0.005910 -0.013283
v -0.099809 0.005910 -0.019853
v -0.098297 0.005910 -0.026339
v -0.096364 0.005910 -0.032711
v -0.094018 0.005910 -0.038944
v -0.091270 0.005910 -0.045009
v -0.088130 0.005910 -0.050882
v -0.084614 0.005910 -0.056537
v -0.080735 0.005910 -0.061950
v -0.076510 0.005910 -0.067098
v -0.071958 0.005910 -0.071958
v -0.067098 0.005910 -0.076510
v -0.061950 0.005910 -0.080735
v -0.056537 0.005910 -0.084614
v -0.050882 0.005910 -0.088130
v -0.045009 0.005910 -0.091270
v -0.038944 0.005910 -0.094018
v -0.032711 0.005910 -0.096364
v -0.026339 0.005910 -0.098297
v -0.019853 0.005910 -0.099809
v -0.013283 0.005910 -0.100894
v -0.006656 0.005910 -0.101546
v -0.000000 0.005910 -0.101764
v 0.006656 0.005910 -0.101546
v 0.013283 0.005910 -0.100894
v 0.019853 0.005910 -0.099809
v 0.026339 0.005910 -0.098297
v 0.032711 0.005910 -0.096364
v 0.038944 0.005910 -0.094018
v 0.045009 0.005910 -0.091270
v 0.050882 0.005910 -0.088130
v 0.056537 0.005910 -0.084614
v 0.061950 0.005910 -0.080735
v 0.067098 0.005910 -0.076510
v 0.071958 0.005910 -0.071958
v 0.076510 0.005910 -0.067098
v 0.080735 0.005910 -0.061950
v 0.084614 0.005910 -0.056537
v 0.088130 0.005910 -0.050882
v 0.091270 0.005910 -0.045009
v 0.094018 0.005910 -0.038944
v 0.096364 0.005910 -0.032711
v 0.098297 0.005910 -0.026339
v 0.099809 0.005910 -0.019853
v 0.100894 0.005910 -0.013283
v 0.101546 0.005910 -0.006656
v 0.107418 0.006585 0.000000
v 0.107188 0.006585 0.007025
v 0.106499 0.006585 0.014021
v 0.105354 0.006585 0.020956
v 0.103758 0.006585 0.027802
v 0.101717 0.006585 0.034528
v 0.099241 0.006585 0.041107
v 0.096340 0.006585 0.047510
v 0.093027 0.006585 0.053709
v 0.089315 0.006585 0.059678
v 0.085220 0.006585 0.065392
v 0.080761 0.006585 0.070826
v 0.075956 0.006585 0.075956
v 0.070826 0.006585 0.080761
v 0.065392 0.006585 0.085220
v 0.059678 0.006585 0.089315
v 0.053709 0.006585 0.093027
v 0.047510 0.006585 0.096340
v 0.041107 0.006585 0.099241
v 0.034528 0.006585 0.101717
v 0.027802 0.006585 0.103758
v 0.020956 0.006585 0.105354
v 0.014021 0.006585 0.106499
v 0.007025 0.006585 0.107188
v 0.000000 0.006585 0.107418
v -0.007025 0.006585 0.107188
v -0.014021 0.006585 0.106499
v -0.020956 0.006585 0.105354
v -0.027802 0.006585 0.103758
v -0.034528 0.006585 0.101717
v -0.041107 0.006585 0.099241
v -0.047510 0.006585 0.096340
v -0.053709 0.006585 0.093027
v -0.059678 0.006585 0.089315
v -0.065392 0.006585 0.085220
v -0.070826 0.006585 0.080761
v -0.075956 0.006585 0.075956
v -0.080761 0.006585 0.070826
v -0.085220 0.006585 0.065392
v -0.089315 0.006585 0.059678
v -0.093027 0.006585 0.053709
v -0.096340 0.006585 0.047510
v -0.099241 0.006585 0.041107
v -0.101717 0.006585 0.034528
v -0.103758 0.006585 0.027802
v -0.105354 0.006585 0.020956
v -0.106499 0.006585 0.014021
v -0.107188 0.006585 0.007025
v -0.107418 0.006585 0.000000
v -0.107188 0.006585 -0.007025
v -0.106499 0.006585 -0.014021
v -0.105354 0.006585 -0.020956
v -0.103758 0.006585 -0.027802
v -0.101717 0.006585 -0.034528
v -0.099241 0.006585 -0.041107
v -0.096340 0.006585 -0.047510
v -0.093027 0.006585 -0.053709
v -0.089315 0.006585 -0.059678
v -0.085220 0.006585 -0.065392
v -0.080761 0.006585 -0.070826
v -0.075956 0.006585 -0.075956
v -0.070826 0.006585 -0.080761
v -0.065392 0.006585 -0.085220
v -0.059678 0.006585 -0.089315
v -0.053709 0.006585 -0.093027
v -0.047510 0.006585 -0.096340
v -0.041107 0.006585 -0.099241
v -0.034528 0.006585 -0.101717
v -0.027802 0.006585 -0.103758
v -0.020956 0.006585 -0.105354
v -0.014021 0.006585 -0.106499
v -0.007025 0.006585 -0.107188
v -0.000000 0.006585 -0.107418
v 0.007025 0.006585 -0.107188
v 0.014021 0.006585 -0.106499
v 0.020956 0.006585 -0.105354
v 0.027802 0.006585 -0.103758
v 0.034528 0.006585 -0.101717
v 0.041107 0.006585 -0.099241
v 0.047510 0.006585 -0.096340
v 0.053709 0.006585 -0.093027
v 0.059678 0.006585 -0.089315
v 0.065392 0.006585 -0.085220
v 0.070826 0.006585 -0.080761
v 0.075956 0.006585 -0.075956
v 0.080761 0.006585 -0.070826
v 0.085220 0.006585 -0.065392
v 0.089315 0.006585 -0.059678
v 0.093027 0.006585 -0.053709
v 0.096340 0.006585 -0.047510
v 0.099241 0.006585 -0.041107
v 0.101717 0.006585 -0.034528
v 0.103758 0.006585 -0.027802
v 0.105354 0.006585 -0.020956
v 0.106499 0.006585 -0.014021
v 0.107188 0.006585 -0.007025
v 0.113071 0.007296 0.000000
v 0.112829 0.007296 0.007395
v 0.112104 0.007296 0.014759
v 0.110899 0.007296 0.022059
v 0.109219 0.007296 0.029265
v 0.107071 0.007296 0.036346
v 0.104464 0.007296 0.043271
v 0.101411 0.007296 0.050010
v 0.097923 0.007296 0.056536
v 0.094015 0.007296 0.062819
v 0.089706 0.007296 0.068834
v 0.085012 0.007296 0.074553
v 0.079954 0.007296 0.079954
v 0.074553 0.007296 0.085012
v 0.068834 0.007296 0.089706
v 0.062819 0.007296 0.094015
v 0.056536 0.007296 0.097923
v 0.050010 0.007296 0.101411
v 0.043271 0.007296 0.104464
v 0.036346 0.007296 0.107071
v 0.029265 0.007296 0.109219
v 0.022059 0.007296 0.110899
v 0.014759 0.007296 0.112104
v 0.007395 0.007296 0.112829
v 0.000000 0.007296 0.113071
v -0.007395 0.007296 0.112829
v -0.014759 0.007296 0.112104
v -0.022059 0.007296 0.110899
v -0.029265 0.007296 0.109219
v -0.036346 0.007296 0.107071
v -0.043271 0.007296 0.104464
v -0.050010 0.007296 0.101411
v -0.056536 0.007296 0.097923
v -0.062819 0.007296 0.094015
v -0.068834 0.007296 0.089706
v -0.074553 0.007296 0.085012
v -0.079954 0.007296 0.079954
v -0.085012 0.007296 0.074553
v -0.089706 0.007296 0.068834
v -0.094015 0.007296 0.062819
v -0.097923 0.007296 0.056536
v -0.101411 0.007296 0.050010
v -0.104464 0.007296 0.043271
v -0.107071 0.007296 0.036346
v -0.109219 0.007296 0.029265
v -0.110899 0.007296 0.022059
v -0.112104 0.007296 0.014759
v -0.112829 0.007296 0.007395
v -0.113071 0.007296 0.000000
v -0.112829 0.007296 -0.007395
v -0.112104 0.007296 -0.014759
v -0.110899 0.007296 -0.022059
v -0.109219 0.007296 -0.029265
v -0.107071 0.007296 -0.036346
v -0.104464 0.007296 -0.043271
v -0.101411 0.007296 -0.050010
v -0.097923 0.007296 -0.056536
v -0.094015 0.007296 -0.062819
v -0.089706 0.007296 -0.068834
v -0.085012 0.007296 -0.074553
v -0.079954 0.007296 -0.079954
v -0.074553 0.007296 -0.085012
v -0.068834 0.007296 -0.089706
v -0.062819 0.007296 -0.094015
v -0.056536 0.007296 -0.097923
v -0.050010 0.007296 -0.101411
v -0.043271 0.007296 -0.104464
v -0.036346 0.007296 -0.107071
v -0.029265 0.007296 -0.109219
v -0.022059 0.007296 -0.110899
v -0.014759 0.007296 -0.112104
v -0.007395 0.007296 -0.112829
v -0.000000 0.007296 -0.113071
v 0.007395 0.007296 -0.112829
v 0.014759 0.007296 -0.112104
v 0.022059 0.007296 -0.110899
v 0.029265 0.007296 -0.109219
v 0.036346 0.007296 -0.107071
v 0.043271 0.007296 -0.104464
v 0.050010 0.007296 -0.101411
v 0.056536 0.007296 -0.097923
v 0.062819 0.007296 -0.094015
v 0.068834 0.007296 -0.089706
v 0.074553 0.007296 -0.085012
v 0.079954 0.007296 -0.079954
v 0.085012 0.007296 -0.074553
v 0.089706 0.007296 -0.068834
v 0.094015 0.007296 -0.062819
v 0.097923 0.007296 -0.056536
v 0.101411 0.007296 -0.050010
v 0.104464 0.007296 -0.043271
v 0.107071 0.007296 -0.036346
v 0.109219 0.007296 -0.029265
v 0.110899 0.007296 -0.022059
v 0.112104 0.007296 -0.014759
v 0.112829 0.007296 -0.007395
v 0.118725 0.008044 0.000000
v 0.118471 0.008044 0.007765
v 0.117709 0.008044 0.015497
v 0.116444 0.008044 0.023162
v 0.114680 0.008044 0.030728
v 0.112424 0.008044 0.038163
v 0.109688 0.008044 0.045434
v 0.106481 0.008044 0.052511
v 0.102819 0.008044 0.059362
v 0.098716 0.008044 0.065960
v 0.094191 0.008044 0.072275
v 0.089262 0.008044 0.078281
v 0.083951 0.008044 0.083951
v 0.078281 0.008044 0.089262
v 0.072275 0.008044 0.094191
v 0.065960 0.008044 0.098716
v 0.059363 0.008044 0.102819
v 0.052511 0.008044 0.106481
v 0.045434 0.008044 0.109688
v 0.038163 0.008044 0.112424
v 0.030728 0.008044 0.114680
v 0.023162 0.008044 0.116444
v 0.015497 0.008044 0.117709
v 0.007765 0.008044 0.118471
v 0.000000 0.008044 0.118725
v -0.007765 0.008044 0.118471
v -0.015497 0.008044 0.117709
v -0.023162 0.008044 0.116444
v -0.030728 0.008044 0.114680
v -0.038163 0.008044 0.112424
v -0.045434 0.008044 0.109688
v -0.052511 0.008044 0.106481
v -0.059362 0.008044 0.102819
v -0.065960 0.008044 0.098716
v -0.072275 0.008044 0.094191
v -0.078281 0.008044 0.089262
v -0.083951 0.008044 0.083951
v -0.089262 0.008044 0.078281
v -0.094191 0.008044 0.072275
v -0.098716 0.008044 0.065960
v -0.102819 0.008044 0.059362
v -0.106481 0.008044 0.052511
v -0.109688 0.008044 0.045434
v -0.112424 0.008044 0.038163
v -0.114680 0.008044 0.030728
v -0.116444 0.008044 0.023162
v -0.117709 0.008044 0.015497
v -0.118471 0.008044 0.007765
v -0.118725 0.008044 0.000000
v -0.118471 0.008044 -0.007765
v -0.117709 0.008044 -0.015497
v -0.116444 0.008044 -0.023162
v -0.114680 0.008044 -0.030728
v -0.112424 0.008044 -0.038163
v -0.109688 0.008044 -0.045434
v -0.106481 0.008044 -0.052511
v -0.102819 0.008044 -0.059362
v -0.098716 0.008044 -0.065960
v -0.094191 0.008044 -0.072275
v -0.089262 0.008044 -0.078281
v -0.083951 0.008044 -0.083951
v -0.078281 0.008044 -0.089262
v -0.072275 0.008044 -0.094191
v -0.065960 0.008044 -0.098716
v -0.059363 0.008044 -0.102819
v -0.052511 0.008044 -0.106481
v -0.045434 0.008044 -0.109688
v -0.038163 0.008044 -0.112424
v -0.030728 0.008044 -0.114680
v -0.023162 0.008044 -0.116444
v -0.015497 0.008044 -0.117709
v -0.007765 0.008044 -0.118471
v -0.000000 0.008044 -0.118725
v 0.007765 0.008044 -0.118471
v 0.015497 0.008044 -0.117709
v 0.023162 0.008044 -0.116444
v 0.030728 0.008044 -0.114680
v 0.038163 0.008044 -0.112424
v 0.045434 0.008044 -0.109688
v 0.052511 0.008044 -0.106481
v 0.059363 0.008044 -0.102819
v 0.065960 0.008044 -0.098716
v 0.072275 0.008044 -0.094191
v 0.078281 0.008044 -0.089262
v 0.083951 0.008044 -0.083951
v 0.089262 0.008044 -0.078281
v 0.094191 0.008044 -0.072275
v 0.098716 0.008044 -0.065960
v 0.102819 0.008044 -0.059363
v 0.106481 0.008044 -0.052511
v 0.109688 0.008044 -0.045434
v 0.112424 0.008044 -0.038163
v 0.114680 0.008044 -0.030728
v 0.116444 0.008044 -0.023162
v 0.117709 0.008044 -0.015497
v 0.118471 0.008044 -0.007765
v 0.124379 0.008828 0.000000
v 0.124112 0.008828 0.008135
v 0.123314 0.008828 0.016235
v 0.121989 0.008828 0.024265
v 0.120140 0.008828 0.032192
v 0.117778 0.008828 0.039980
v 0.114911 0.008828 0.047598
v 0.111552 0.008828 0.055011
v 0.107715 0.008828 0.062189
v 0.103417 0.008828 0.069101
v 0.098676 0.008828 0.075717
v 0.093513 0.008828 0.082008
v 0.087949 0.008828 0.087949
v 0.082008 0.008828 0.093513
v 0.075717 0.008828 0.098676
v 0.069101 0.008828 0.103417
v 0.062189 0.008828 0.107715
v 0.055011 0.008828 0.111552
v 0.047598 0.008828 0.114911
v 0.039980 0.008828 0.117778
v 0.032192 0.008828 0.120140
v 0.024265 0.008828 0.121989
v 0.016235 0.008828 0.123314
v 0.008135 0.008828 0.124112
v 0.000000 0.008828 0.124379
v -0.008135 0.008828 0.124112
v -0.016235 0.008828 0.123314
v -0.024265 0.008828 0.121989
v -0.032192 0.008828 0.120140
v -0.039980 0.008828 0.117778
v -0.047598 0.008828 0.114911
v -0.055011 0.008828 0.111552
v -0.062189 0.008828 0.107715
v -0.069101 0.008828 0.103417
v -0.075717 0.008828 0.098676
v -0.082008 0.008828 0.093513
v -0.087949 0.008828 0.087949
v -0.093513 0.008828 0.082008
v -0.098676 0.008828 0.075717
v -0.103417 0.008828 0.069101
v -0.107715 0.008828 0.062189
v -0.111552 0.008828 0.055011
v -0.114911 0.008828 0.047598
v -0.117778 0.008828 0.039980
v -0.120140 0.008828 0.032192
v -0.121989 0.008828 0.024265
v -0.123314 0.008828 0.016235
v -0.124112 0.008828 0.008135
v -0.124379 0.008828 0.000000
v -0.124112 0.008828 -0.008135
v -0.123314 0.008828 -0.016235
v -0.121989 0.008828 -0.024265
v -0.120140 0.008828 -0.032192
v -0.117778 0.008828 -0.039980
v -0.114911 0.008828 -0.047598
v -0.111552 0.008828 -0.055011
v -0.107715 0.008828 -0.062189
v -0.103417 0.008828 -0.069101
v -0.098676 0.008828 -0.075717
v -0.093513 0.008828 -0.082008
v -0.087949 0.008828 -0.087949
v -0.082008 0.008828 -0.093513
v -0.075717 0.008828 -0.098676
v -0.069101 0.008828 -0.103417
v -0.062189 0.008828 -0.107715
v -0.055011 0.008828 -0.111552
v -0.047598 0.008828 -0.114911
v -0.039980 0.008828 -0.117778
v -0.032192 0.008828 -0.120140
v -0.024265 0.008828 -0.121989
v -0.016235 0.008828 -0.123314
v -0.008135 0.008828 -0.124112
v -0.000000 0.008828 -0.124379
v 0.008135 0.008828 -0.124112
v 0.016235 0.008828 -0.123314
v 0.024265 0.008828 -0.121989
v 0.032192 0.008828 -0.120140
v 0.039980 0.008828 -0.117778
v 0.047598 0.008828 -0.114911
v 0.055011 0.008828 -0.111552
v 0.062189 0.008828 -0.107715
v 0.069101 0.008828 -0.103417
v 0.075717 0.008828 -0.098676
v 0.082008 0.008828 -0.093513
v 0.087949 0.008828 -0.087949
v 0.093513 0.008828 -0.082008
v 0.098676 0.008828 -0.075717
v 0.103417 0.008828 -0.069101
v 0.107715 0.008828 -0.062189
v 0.111552 0.008828 -0.055011
v 0.114911 0.008828 -0.047598
v 0.117778 0.008828 -0.039980
v 0.120140 0.008828 -0.032192
v 0.121989 0.008828 -0.024265
v 0.123314 0.008828 -0.016235
v 0.124112 0.008828 -0.008135
v 0.130032 0.009649 0.000000
v 0.129754 0.009649 0.008505
v 0.128920 0.009649 0.016973
v 0.127534 0.009649 0.025368
v 0.125601 0.009649 0.033655
v 0.123131 0.009649 0.041797
v 0.120134 0.009649 0.049761
v 0.116622 0.009649 0.057512
v 0.112611 0.009649 0.065016
v 0.108118 0.009649 0.072242
v 0.103161 0.009649 0.079159
v 0.097763 0.009649 0.085736
v 0.091947 0.009649 0.091947
v 0.085736 0.009649 0.097763
v 0.079159 0.009649 0.103161
v 0.072242 0.009649 0.108118
v 0.065016 0.009649 0.112611
v 0.057512 0.009649 0.116622
v 0.049761 0.009649 0.120134
v 0.041797 0.009649 0.123131
v 0.033655 0.009649 0.125601
v 0.025368 0.009649 0.127534
v 0.016973 0.009649 0.128920
v 0.008505 0.009649 0.129754
v 0.000000 0.009649 0.130032
v -0.008505 0.009649 0.129754
v -0.016973 0.009649 0.128920
v -0.025368 0.009649 0.127534
v -0.033655 0.009649 0.125601
v -0.041797 0.009649 0.123131
v -0.049761 0.009649 0.120134
v -0.057512 0.009649 0.116622
v -0.065016 0.009649 0.112611
v -0.072242 0.009649 0.108118
v -0.079159 0.009649 0.103161
v -0.085736 0.009649 0.097763
v -0.091947 0.009649 0.091947
v -0.097763 0.009649 0.085736
v -0.103161 0.009649 0.079159
v -0.108118 0.009649 0.072242
v -0.112611 0.009649 0.065016
v -0.116622 0.009649 0.057512
v -0.120134 0.009649 0.049761
v -0.123131 0.009649 0.041797
v -0.125601 0.009649 0.033655
v -0.127534 0.009649 0.025368
v -0.128920 0.009649 0.016973
v -0.129754 0.009649 0.008505
v -0.130032 0.009649 0.000000
v -0.129754 0.009649 -0.008505
v -0.128920 0.009649 -0.016973
v -0.127534 0.009649 -0.025368
v -0.125601 0.009649 -0.033655
v -0.123131 0.009649 -0.041797
v -0.120134 0.009649 -0.049761
v -0.116622 0.009649 -0.057512
v -0.112611 0.009649 -0.065016
v -0.108118 0.009649 -0.072242
v -0.103161 0.009649 -0.079159
v -0.097763 0.009649 -0.085736
v -0.091947 0.009649 -0.091947
v -0.085736 0.009649 -0.097763
v -0.079159 0.009649 -0.103161
v -0.072242 0.009649 -0.108118
v -0.065016 0.009649 -0.112611
v -0.057512 0.009649 -0.116622
v -0.049761 0.009649 -0.120134
v -0.041797 0.009649 -0.123131
v -0.033655 0.009649 -0.125601
v -0.025368 0.009649 -0.127534
v -0.016973 0.009649 -0.128920
v -0.008505 0.009649 -0.129754
v -0.000000 0.009649 -0.130032
v 0.008505 0.009649 -0.129754
v 0.016973 0.009649 -0.128920
v 0.025368 0.009649 -0.127534
v 0.033655 0.009649 -0.125601
v 0.041797 0.009649 -0.123131
v 0.049761 0.009649 -0.120134
v 0.057512 0.009649 -0.116622
v 0.065016 0.009649 -0.112611
v 0.072242 0.009649 -0.108118
v 0.079159 0.009649 -0.103161
v 0.085736 0.009649 -0.097763
v 0.091947 0.009649 -0.091947
v 0.097763 0.009649 -0.085736
v 0.103161 0.009649 -0.079159
v 0.108118 0.009649 -0.072242
v 0.112611 0.009649 -0.065016
v 0.116622 0.009649 -0.057512
v 0.120134 0.009649 -0.049761
v 0.123131 0.009649 -0.041797
v 0.125601 0.009649 -0.033655
v 0.127534 0.009649 -0.025368
v 0.128920 0.009649 -0.016973
v 0.129754 0.009649 -0.008505
v 0.135686 0.010506 0.000000
v 0.135395 0.010506 0.008874
v 0.134525 0.010506 0.017711
v 0.133079 0.010506 0.026471
v 0.131062 0.010506 0.035118
v 0.128485 0.010506 0.043615
v 0.125357 0.010506 0.051925
v 0.121693 0.010506 0.060012
v 0.117507 0.010506 0.067843
v 0.112819 0.010506 0.075383
v 0.107647 0.010506 0.082600
v 0.102014 0.010506 0.089464
v 0.095944 0.010506 0.095944
v 0.089464 0.010506 0.102014
v 0.082600 0.010506 0.107647
v 0.075383 0.010506 0.112819
v 0.067843 0.010506 0.117507
v 0.060012 0.010506 0.121693
v 0.051925 0.010506 0.125357
v 0.043615 0.010506 0.128485
v 0.035118 0.010506 0.131062
v 0.026471 0.010506 0.133079
v 0.017711 0.010506 0.134525
v 0.008874 0.010506 0.135395
v 0.000000 0.010506 0.135686
v -0.008874 0.010506 0.135395
v -0.017711 0.010506 0.134525
v -0.026471 0.010506 0.133079
v -0.035118 0.010506 0.131062
v -0.043615 0.010506 0.128485
v -0.051925 0.010506 0.125357
v -0.060012 0.010506 0.121693
v -0.067843 0.010506 0.117507
v -0.075383 0.010506 0.112819
v -0.082600 0.010506 0.107647
v -0.089464 0.010506 0.102014
v -0.095944 0.010506 0.095944
v -0.102014 0.010506 0.089464
v -0.107647 0.010506 0.082600
v -0.112819 0.010506 0.075383
v -0.117507 0.010506 0.067843
v -0.121693 0.010506 0.060012
v -0.125357 0.010506 0.051925
v -0.128485 0.010506 0.043615
v -0.131062 0.010506 0.035118
v -0.133079 0.010506 0.026471
v -0.134525 0.010506 0.017711
v -0.135395 0.010506 0.008874
v -0.135686 0.010506 0.000000
v -0.135395 0.010506 -0.008874
v -0.134525 0.010506 -0.017711
v -0.133079 0.010506 -0.026471
v -0.131062 0.010506 -0.035118
v -0.128485 0.010506 -0.043615
v -0.125357 0.010506 -0.051925
v -0.121693 0.010506 -0.060012
v -0.117507 0.010506 -0.067843
v -0.112819 0.010506 -0.075383
v -0.107647 0.010506 -0.082600
v -0.102014 0.010506 -0.089464
v -0.095944 0.010506 -0.095944
v -0.089464 0.010506 -0.102014
v -0.082600 0.010506 -0.107647
v -0.075383 0.010506 -0.112819
v -0.067843 0.010506 -0.117507
v -0.060012 0.010506 -0.121693
v -0.051925 0.010506 -0.125357
v -0.043615 0.010506 -0.128485
v -0.035118 0.010506 -0.131062
v -0.026471 0.010506 -0.133079
v -0.017711 0.010506 -0.134525
v -0.008874 0.010506 -0.135395
v -0.000000 0.010506 -0.135686
v 0.008874 0.010506 -0.135395
v 0.017711 0.010506 -0.134525
v 0.026471 0.010506 -0.133079
v 0.035118 0.010506 -0.131062
v 0.043615 0.010506 -0.128485
v 0.051925 0.010506 -0.125357
v 0.060012 0.010506 -0.121693
v 0.067843 0.010506 -0.117507
v 0.075383 0.010506 -0.112819
v 0.082600 0.010506 -0.107647
v 0.089464 0.010506 -0.102014
v 0.095944 0.010506 -0.095944
v 0.102014 0.010506 -0.089464
v 0.107647 0.010506 -0.082600
v 0.112819 0.010506 -0.075383
v 0.117507 0.010506 -0.067843
v 0.121693 0.010506 -0.060012
v 0.125357 0.010506 -0.051925
v 0.128485 0.010506 -0.043615
v 0.131062 0.010506 -0.035118
v 0.133079 0.010506 -0.026471
v 0.134525 0.010506 -0.017711
v 0.135395 0.010506 -0.008874
v 0.141339 0.011400 0.000000
v 0.141037 0.011400 0.009244
v 0.140130 0.011400 0.018448
v 0.138623 0.011400 0.027574
v 0.136523 0.011400 0.036581
v 0.133838 0.011400 0.045432
v 0.130580 0.011400 0.054088
v 0.126763 0.011400 0.062513
v 0.122403 0.011400 0.070670
v 0.117519 0.011400 0.078524
v 0.112132 0.011400 0.086042
v 0.106265 0.011400 0.093191
v 0.099942 0.011400 0.099942
v 0.093191 0.011400 0.106265
v 0.086042 0.011400 0.112132
v 0.078524 0.011400 0.117519
v 0.070670 0.011400 0.122403
v 0.062513 0.011400 0.126763
v 0.054088 0.011400 0.130580
v 0.045432 0.011400 0.133838
v 0.036581 0.011400 0.136523
v 0.027574 0.011400 0.138623
v 0.018448 0.011400 0.140130
v 0.009244 0.011400 0.141037
v 0.000000 0.011400 0.141339
v -0.009244 0.011400 0.141037
v -0.018448 0.011400 0.140130
v -0.027574 0.011400 0.138623
v -0.036581 0.011400 0.136523
v -0.045432 0.011400 0.133838
v -0.054088 0.011400 0.130580
v -0.062513 0.011400 0.126763
v -0.070670 0.011400 0.122403
v -0.078524 0.011400 0.117519
v -0.086042 0.011400 0.112132
v -0.093191 0.011400 0.106265
v -0.099942 0.011400 0.099942
v -0.106265 0.011400 0.093191
v -0.112132 0.011400 0.086042
v -0.117519 0.011400 0.078524
v -0.122403 0.011400 0.070670
v -0.126763 0.011400 0.062513
v -0.130580 0.011400 0.054088
v -0.133838 0.011400 0.045432
v -0.136523 0.011400 0.036581
v -0.138623 0.011400 0.027574
v -0.140130 0.011400 0.018448
v -0.141037 0.011400 0.009244
v -0.141339 0.011400 0.000000
v -0.141037 0.011400 -0.009244
v -0.140130 0.011400 -0.018448
v -0.138623 0.011400 -0.027574
v -0.136523 0.011400 -0.036581
v -0.133838 0.011400 -0.045432
v -0.130580 0.011400 -0.054088
v -0.126763 0.011400 -0.062513
v -0.122403 0.011400 -0.070670
v -0.117519 0.011400 -0.078524
v -0.112132 0.011400 -0.086042
v -0.106265 0.011400 -0.093191
v -0.099942 0.011400 -0.099942
v -0.093191 0.011400 -0.106265
v -0.086042 0.011400 -0.112132
v -0.078524 0.011400 -0.117519
v -0.070670 0.011400 -0.122403
v -0.062513 0.011400 -0.126763
v -0.054088 0.011400 -0.130580
v -0.045432 0.011400 -0.133838
v -0.036581 0.011400 -0.136523
v -0.027574 0.011400 -0.138623
v -0.018448 0.011400 -0.140130
v -0.009244 0.011400 -0.141037
v -0.000000 0.011400 -0.141339
v 0.009244 0.011400 -0.141037
v 0.018448 0.011400 -0.140130
v 0.027574 0.011400 -0.138623
v 0.036581 0.011400 -0.136523
v 0.045432 0.011400 -0.133838
v 0.054088 0.011400 -0.130580
v 0.062513 0.011400 -0.126763
v 0.070670 0.011400 -0.122403
v 0.078524 0.011400 -0.117519
v 0.086042 0.011400 -0.112132
v 0.093191 0.011400 -0.106265
v 0.099942 0.011400 -0.099942
v 0.106265 0.011400 -0.093191
v 0.112132 0.011400 -0.086042
v 0.117519 0.011400 -0.078524
v 0.122403 0.011400 -0.070670
v 0.126763 0.011400 -0.062513
v 0.130580 0.011400 -0.054088
v 0.133838 0.011400 -0.045432
v 0.136523 0.011400 -0.036581
v 0.138623 0.011400 -0.027574
v 0.140130 0.011400 -0.018448
v 0.141037 0.011400 -0.009244
v 0.146993 0.012330 0.000000
v 0.146678 0.012330 0.009614
v 0.145735 0.012330 0.019186
v 0.144168 0.012330 0.028677
v 0.141984 0.012330 0.038045
v 0.139192 0.012330 0.047249
v 0.135804 0.012330 0.056252
v 0.131834 0.012330 0.065013
v 0.127300 0.012330 0.073496
v 0.122220 0.012330 0.081665
v 0.116617 0.012330 0.089484
v 0.110515 0.012330 0.096919
v 0.103940 0.012330 0.103940
v 0.096919 0.012330 0.110515
v 0.089484 0.012330 0.116617
v 0.081665 0.012330 0.122220
v 0.073496 0.012330 0.127300
v 0.065013 0.012330 0.131834
v 0.056252 0.012330 0.135804
v 0.047249 0.012330 0.139192
v 0.038045 0.012330 0.141984
v 0.028677 0.012330 0.144168
v 0.019186 0.012330 0.145735
v 0.009614 0.012330 0.146678
v 0.000000 0.012330 0.146993
v -0.009614 0.012330 0.146678
v -0.019186 0.012330 0.145735
v -0.028677 0.012330 0.144168
v -0.038045 0.012330 0.141984
v -0.047249 0.012330 0.139192
v -0.056252 0.012330 0.135804
v -0.065013 0.012330 0.131834
v -0.073496 0.012330 0.127300
v -0.081665 0.012330 0.122220
v -0.089484 0.012330 0.116617
v -0.096919 0.012330 0.110515
v -0.103940 0.012330 0.103940
v -0.110515 0.012330 0.096919
v -0.116617 0.012330 0.089484
v -0.122220 0.012330 0.081665
v -0.127300 0.012330 0.073496
v -0.131834 0.012330 0.065013
v -0.135804 0.012330 0.056252
v -0.139192 0.012330 0.047249
v -0.141984 0.012330 0.038045
v -0.144168 0.012330 0.028677
v -0.145735 0.012330 0.019186
v -0.146678 0.012330 0.009614
v -0.146993 0.012330 0.000000
v -0.146678 0.012330 -0.009614
v -0.145735 0.012330 -0.019186
v -0.144168 0.012330 -0.028677
v -0.141984 0.012330 -0.038045
v -0.139192 0.012330 -0.047249
v -0.135804 0.012330 -0.056252
v -0.131834 0.012330 -0.065013
v -0.127300 0.012330 -0.073496
v -0.122220 0.012330 -0.081665
v -0.116617 0.012330 -0.089484
v -0.110515 0.012330 -0.096919
v -0.103940 0.012330 -0.103940
v -0.096919 0.012330 -0.110515
v -0.089484 0.012330 -0.116617
v -0.081665 0.012330 -0.122220
v -0.073496 0.012330 -0.127300
v -0.065013 0.012330 -0.131834
v -0.056252 0.012330 -0.135804
v -0.047249 0.012330 -0.139192
v -0.038045 0.012330 -0.141984
v -0.028677 0.012330 -0.144168
v -0.019186 0.012330 -0.145735
v -0.009614 0.012330 -0.146678
v -0.000000 0.012330 -0.146993
v 0.009614 0.012330 -0.146678
v 0.019186 0.012330 -0.145735
v 0.028677 0.012330 -0.144168
v 0.038045 0.012330 -0.141984
v 0.047249 0.012330 -0.139192
v 0.056252 0.012330 -0.135804
v 0.065013 0.012330 -0.131834
v 0.073496 0.012330 -0.127300
v 0.081665 0.012330 -0.122220
v 0.089484 0.012330 -0.116617
v 0.096919 0.012330 -0.110515
v 0.103940 0.012330 -0.103940
v 0.110515 0.012330 -0.096919
v 0.116617 0.012330 -0.089484
v 0.122220 0.012330 -0.081665
v 0.127300 0.012330 -0.073496
v 0.131834 0.012330 -0.065013
v 0.135804 0.012330 -0.056252
v 0.139192 0.012330 -0.047249
v 0.141984 0.012330 -0.038045
v 0.144168 0.012330 -0.028677
v 0.145735 0.012330 -0.019186
v 0.146678 0.012330 -0.009614
v 0.152646 0.013297 0.000000
v 0.152320 0.013297 0.009984
v 0.151341 0.013297 0.019924
v 0.149713 0.013297 0.029780
v 0.147445 0.013297 0.039508
v 0.144546 0.013297 0.049067
v 0.141027 0.013297 0.058415
v 0.136904 0.013297 0.067514
v 0.132196 0.013297 0.076323
v 0.126921 0.013297 0.084806
v 0.121103 0.013297 0.092925
v 0.114766 0.013297 0.100647
v 0.107937 0.013297 0.107937
v 0.100647 0.013297 0.114766
v 0.092925 0.013297 0.121103
v 0.084806 0.013297 0.126921
v 0.076323 0.013297 0.132196
v 0.067514 0.013297 0.136904
v 0.058415 0.013297 0.141027
v 0.049067 0.013297 0.144546
v 0.039508 0.013297 0.147445
v 0.029780 0.013297 0.149713
v 0.019924 0.013297 0.151341
v 0.009984 0.013297 0.152320
v 0.000000 0.013297 0.152646
v -0.009984 0.013297 0.152320
v -0.019924 0.013297 0.151341
v -0.029780 0.013297 0.149713
v -0.039508 0.013297 0.147445
v -0.049067 0.013297 0.144546
v -0.058415 0.013297 0.141027
v -0.067514 0.013297 0.136904
v -0.076323 0.013297 0.132196
v -0.084806 0.013297 0.126921
v -0.092925 0.013297 0.121103
v -0.100647 0.013297 0.114766
v -0.107937 0.013297 0.107937
v -0.114766 0.013297 0.100647
v -0.121103 0.013297 0.092925
v -0.126921 0.013297 0.084806
v -0.132196 0.013297 0.076323
v -0.136904 0.013297 0.067514
v -0.141027 0.013297 0.058415
v -0.144546 0.013297 0.049067
v -0.147445 0.013297 0.039508
v -0.149713 0.013297 0.029780
v -0.151341 0.013297 0.019924
v -0.152320 0.013297 0.009984
v -0.152646 0.013297 0.000000
v -0.152320 0.013297 -0.009984
v -0.151341 0.013297 -0.019924
v -0.149713 0.013297 -0.029780
v -0.147445 0.013297 -0.039508
v -0.144546 0.013297 -0.049067
v -0.141027 0.013297 -0.058415
v -0.136904 0.013297 -0.067514
v -0.132196 0.013297 -0.076323
v -0.126921 0.013297 -0.084806
v -0.121103 0.013297 -0.092925
v -0.114766 0.013297 -0.100647
v -0.107937 0.013297 -0.107937
v -0.100647 0.013297 -0.114766
v -0.092925 0.013297 -0.121103
v -0.084806 0.013297 -0.126921
v -0.076323 0.013297 -0.132196
v -0.067514 0.013297 -0.136904
v -0.058415 0.013297 -0.141027
v -0.049067 0.013297 -0.144546
v -0.039508 0.013297 -0.147445
v -0.029780 0.013297 -0.149713
v -0.019924 0.013297 -0.151341
v -0.009984 0.013297 -0.152320
v -0.000000 0.013297 -0.152646
v 0.009984 0.013297 -0.152320
v 0.019924 0.013297 -0.151341
v 0.029780 0.013297 -0.149713
v 0.039508 0.013297 -0.147445
v 0.049067 0.013297 -0.144546
v 0.058415 0.013297 -0.141027
v 0.067514 0.013297 -0.136904
v 0.076323 0.013297 -0.132196
v 0.084806 0.013297 -0.126921
v 0.092925 0.013297 -0.121103
v 0.100647 0.013297 -0.114766
v 0.107937 0.013297 -0.107937
v 0.114766 0.013297 -0.100647
v 0.121103 0.013297 -0.092925
v 0.126921 0.013297 -0.084806
v 0.132196 0.013297 -0.076323
v 0.136904 0.013297 -0.067514
v 0.141027 0.013297 -0.058415
v 0.144546 0.013297 -0.049067
v 0.147445 0.013297 -0.039508
v 0.149713 0.013297 -0.029780
v 0.151341 0.013297 -0.019924
v 0.152320 0.013297 -0.009984
v 0.158300 0.014300 0.000000
v 0.157961 0.014300 0.010353
v 0.156946 0.014300 0.020662
v 0.155258 0.014300 0.030883
v 0.152906 0.014300 0.040971
v 0.149899 0.014300 0.050884
v 0.146250 0.014300 0.060579
v 0.141975 0.014300 0.070014
v 0.137092 0.014300 0.079150
v 0.131622 0.014300 0.087947
v 0.125588 0.014300 0.096367
v 0.119016 0.014300 0.104374
v 0.111935 0.014300 0.111935
v 0.104374 0.014300 0.119016
v 0.096367 0.014300 0.125588
v 0.087947 0.014300 0.131622
v 0.079150 0.014300 0.137092
v 0.070014 0.014300 0.141975
v 0.060579 0.014300 0.146250
v 0.050884 0.014300 0.149899
v 0.040971 0.014300 0.152906
v 0.030883 0.014300 0.155258
v 0.020662 0.014300 0.156946
v 0.010353 0.014300 0.157961
v 0.000000 0.014300 0.158300
v -0.010353 0.014300 0.157961
v -0.020662 0.014300 0.156946
v -0.030883 0.014300 0.155258
v -0.040971 0.014300 0.152906
v -0.050884 0.014300 0.149899
v -0.060579 0.014300 0.146250
v -0.070014 0.014300 0.141975
v -0.079150 0.014300 0.137092
v -0.087947 0.014300 0.131622
v -0.096367 0.014300 0.125588
v -0.104374 0.014300 0.119016
v -0.111935 0.014300 0.111935
v -0.119016 0.014300 0.104374
v -0.125588 0.014300 0.096367
v -0.131622 0.014300 0.087947
v -0.137092 0.014300 0.079150
v -0.141975 0.014300 0.070014
v -0.146250 0.014300 0.060579
v -0.149899 0.014300 0.050884
v -0.152906 0.014300 0.040971
v -0.155258 0.014300 0.030883
v -0.156946 0.014300 0.020662
v -0.157961 0.014300 0.010353
v -0.158300 0.014300 0.000000
v -0.157961 0.014300 -0.010353
v -0.156946 0.014300 -0.020662
v -0.155258 0.014300 -0.030883
v -0.152906 0.014300 -0.040971
v -0.149899 0.014300 -0.050884
v -0.146250 0.014300 -0.060579
v -0.141975 0.014300 -0.070014
v -0.137092 0.014300 -0.079150
v -0.131622 0.014300 -0.087947
v -0.125588 0.014300 -0.096367
v -0.119016 0.014300 -0.104374
v -0.111935 0.014300 -0.111935
v -0.104374 0.014300 -0.119016
v -0.096367 0.014300 -0.125588
v -0.087947 0.014300 -0.131622
v -0.079150 0.014300 -0.137092
v -0.070014 0.014300 -0.141975
v -0.060579 0.014300 -0.146250
v -0.050884 0.014300 -0.149899
v -0.040971 0.014300 -0.152906
v -0.030883 0.014300 -0.155258
v -0.020662 0.014300 -0.156946
v -0.010353 0.014300 -0.157961
v -0.000000 0.014300 -0.158300
v 0.010353 0.014300 -0.157961
v 0.020662 0.014300 -0.156946
v 0.030883 0.014300 -0.155258
v 0.040971 0.014300 -0.152906
v 0.050884 0.014300 -0.149899
v 0.060579 0.014300 -0.146250
v 0.070014 0.014300 -0.141975
v 0.079150 0.014300 -0.137092
v 0.087947 0.014300 -0.131622
v 0.096367 0.014300 -0.125588
v 0.104374 0.014300 -0.119016
v 0.111935 0.014300 -0.111935
v 0.119016 0.014300 -0.104374
v 0.125588 0.014300 -0.096367
v 0.131622 0.014300 -0.087947
v 0.137092 0.014300 -0.079150
v 0.141975 0.014300 -0.070014
v 0.146250 0.014300 -0.060579
v 0.149899 0.014300 -0.050884
v 0.152906 0.014300 -0.040971
v 0.155258 0.014300 -0.030883
v 0.156946 0.014300 -0.020662
v 0.157961 0.014300 -0.010353
v 0.158300 0.014300 0.000000
v 0.157961 0.014300 0.010353
v 0.156946 0.014300 0.020662
v 0.155258 0.014300 0.030883
v 0.152906 0.014300 0.040971
v 0.149899 0.014300 0.050884
v 0.146250 0.014300 0.060579
v 0.141975 0.014300 0.070014
v 0.137092 0.014300 0.079150
v 0.131622 0.014300 0.087947
v 0.125588 0.014300 0.096367
v 0.119016 0.014300 0.104374
v 0.111935 0.014300 0.111935
v 0.104374 0.014300 0.119016
v 0.096367 0.014300 0.125588
v 0.087947 0.014300 0.131622
v 0.079150 0.014300 0.137092
v 0.070014 0.014300 0.141975
v 0.060579 0.014300 0.146250
v 0.050884 0.014300 0.149899
v 0.040971 0.014300 0.152906
v 0.030883 0.014300 0.155258
v 0.020662 0.014300 0.156946
v 0.010353 0.014300 0.157961
v 0.000000 0.014300 0.158300
v -0.010353 0.014300 0.157961
v -0.020662 0.014300 0.156946
v -0.030883 0.014300 0.155258
v -0.040971 0.014300 0.152906
v -0.050884 0.014300 0.149899
v -0.060579 0.014300 0.146250
v -0.070014 0.014300 0.141975
v -0.079150 0.014300 0.137092
v -0.087947 0.014300 0.131622
v -0.096367 0.014300 0.125588
v -0.104374 0.014300 0.119016
v -0.111935 0.014300 0.111935
v -0.119016 0.014300 0.104374
v -0.125588 0.014300 0.096367
v -0.131622 0.014300 0.087947
v -0.137092 0.014300 0.079150
v -0.141975 0.014300 0.070014
v -0.146250 0.014300 0.060579
v -0.149899 0.014300 0.050884
v -0.152906 0.014300 0.040971
v -0.155258 0.014300 0.030883
v -0.156946 0.014300 0.020662
v -0.157961 0.014300 0.010353
v -0.158300 0.014300 0.000000
v -0.157961 0.014300 -0.010353
v -0.156946 0.014300 -0.020662
v -0.155258 0.014300 -0.030883
v -0.152906 0.014300 -0.040971
v -0.149899 0.014300 -0.050884
v -0.146250 0.014300 -0.060579
v -0.141975 0.014300 -0.070014
v -0.137092 0.014300 -0.079150
v -0.131622 0.014300 -0.087947
v -0.125588 0.014300 -0.096367
v -0.119016 0.014300 -0.104374
v -0.111935 0.014300 -0.111935
v -0.104374 0.014300 -0.119016
v -0.096367 0.014300 -0.125588
v -0.087947 0.014300 -0.131622
v -0.079150 0.014300 -0.137092
v -0.070014 0.014300 -0.141975
v -0.060579 0.014300 -0.146250
v -0.050884 0.014300 -0.149899
v -0.040971 0.014300 -0.152906
v -0.030883 0.014300 -0.155258
v -0.020662 0.014300 -0.156946
v -0.010353 0.014300 -0.157961
v -0.000000 0.014300 -0.158300
v 0.010353 0.014300 -0.157961
v 0.020662 0.014300 -0.156946
v 0.030883 0.014300 -0.155258
v 0.040971 0.014300 -0.152906
v 0.050884 0.014300 -0.149899
v 0.060579 0.014300 -0.146250
v 0.070014 0.014300 -0.141975
v 0.079150 0.014300 -0.137092
v 0.087947 0.014300 -0.131622
v 0.096367 0.014300 -0.125588
v 0.104374 0.014300 -0.119016
v 0.111935 0.014300 -0.111935
v 0.119016 0.014300 -0.104374
v 0.125588 0.014300 -0.096367
v 0.131622 0.014300 -0.087947
v 0.137092 0.014300 -0.079150
v 0.141975 0.014300 -0.070014
v 0.146250 0.014300 -0.060579
v 0.149899 0.014300 -0.050884
v 0.152906 0.014300 -0.040971
v 0.155258 0.014300 -0.030883
v 0.156946 0.014300 -0.020662
v 0.157961 0.014300 -0.010353
v 0.160260 0.045150 0.000000
v 0.159917 0.045150 0.010482
v 0.158889 0.045150 0.020918
v 0.157181 0.045150 0.031265
v 0.154799 0.045150 0.041478
v 0.151755 0.045150 0.051514
v 0.148061 0.045150 0.061329
v 0.143733 0.045150 0.070881
v 0.138789 0.045150 0.080130
v 0.133251 0.045150 0.089036
v 0.127143 0.045150 0.097560
v 0.120490 0.045150 0.105667
v 0.113321 0.045150 0.113321
v 0.105667 0.045150 0.120490
v 0.097560 0.045150 0.127143
v 0.089036 0.045150 0.133251
v 0.080130 0.045150 0.138789
v 0.070881 0.045150 0.143733
v 0.061329 0.045150 0.148061
v 0.051514 0.045150 0.151755
v 0.041478 0.045150 0.154799
v 0.031265 0.045150 0.157181
v 0.020918 0.045150 0.158889
v 0.010482 0.045150 0.159917
v 0.000000 0.045150 0.160260
v -0.010482 0.045150 0.159917
v -0.020918 0.045150 0.158889
v -0.031265 0.045150 0.157181
v -0.041478 0.045150 0.154799
v -0.051514 0.045150 0.151755
v -0.061329 0.045150 0.148061
v -0.070881 0.045150 0.143733
v -0.080130 0.045150 0.138789
v -0.089036 0.045150 0.133251
v -0.097560 0.045150 0.127143
v -0.105667 0.045150 0.120490
v -0.113321 0.045150 0.113321
v -0.120490 0.045150 0.105667
v -0.127143 0.045150 0.097560
v -0.133251 0.045150 0.089036
v -0.138789 0.045150 0.080130
v -0.143733 0.045150 0.070881
v -0.148061 0.045150 0.061329
v -0.151755 0.045150 0.051514
v -0.154799 0.045150 0.041478
v -0.157181 0.045150 0.031265
v -0.158889 0.045150 0.020918
v -0.159917 0.045150 0.010482
v -0.160260 0.045150 0.000000
v -0.159917 0.045150 -0.010482
v -0.158889 0.045150 -0.020918
v -0.157181 0.045150 -0.031265
v -0.154799 0.045150 -0.041478
v -0.151755 0.045150 -0.051514
v -0.148061 0.045150 -0.061329
v -0.143733 0.045150 -0.070881
v -0.138789 0.045150 -0.080130
v -0.133251 0.045150 -0.089036
v -0.127143 0.045150 -0.097560
v -0.120490 0.045150 -0.105667
v -0.113321 0.045150 -0.113321
v -0.105667 0.045150 -0.120490
v -0.097560 0.045150 -0.127143
v -0.089036 0.045150 -0.133251
v -0.080130 0.045150 -0.138789
v -0.070881 0.045150 -0.143733
v -0.061329 0.045150 -0.148061
v -0.051514 0.045150 -0.151755
v -0.041478 0.045150 -0.154799
v -0.031265 0.045150 -0.157181
v -0.020918 0.045150 -0.158889
v -0.010482 0.045150 -0.159917
v -0.000000 0.045150 -0.160260
v 0.010482 0.045150 -0.159917
v 0.020918 0.045150 -0.158889
v 0.031265 0.045150 -0.157181
v 0.041478 0.045150 -0.154799
v 0.051514 0.045150 -0.151755
v 0.061329 0.045150 -0.148061
v 0.070881 0.045150 -0.143733
v 0.080130 0.045150 -0.138789
v 0.089036 0.045150 -0.133251
v 0.097560 0.045150 -0.127143
v 0.105667 0.045150 -0.120490
v 0.113321 0.045150 -0.113321
v 0.120490 0.045150 -0.105667
v 0.127143 0.045150 -0.097560
v 0.133251 0.045150 -0.089036
v 0.138789 0.045150 -0.080130
v 0.143733 0.045150 -0.070881
v 0.148061 0.045150 -0.061329
v 0.151755 0.045150 -0.051514
v 0.154799 0.045150 -0.041478
v 0.157181 0.045150 -0.031265
v 0.158889 0.045150 -0.020918
v 0.159917 0.045150 -0.010482
v 0.163200 0.076000 0.000000
v 0.162851 0.076000 0.010674
v 0.161804 0.076000 0.021302
v 0.160064 0.076000 0.031839
v 0.157639 0.076000 0.042239
v 0.154539 0.076000 0.052459
v 0.150777 0.076000 0.062454
v 0.146370 0.076000 0.072182
v 0.141335 0.076000 0.081600
v 0.135696 0.076000 0.090669
v 0.129475 0.076000 0.099350
v 0.122700 0.076000 0.107605
v 0.115400 0.076000 0.115400
v 0.107605 0.076000 0.122700
v 0.099350 0.076000 0.129475
v 0.090669 0.076000 0.135696
v 0.081600 0.076000 0.141335
v 0.072182 0.076000 0.146370
v 0.062454 0.076000 0.150777
v 0.052459 0.076000 0.154539
v 0.042239 0.076000 0.157639
v 0.031839 0.076000 0.160064
v 0.021302 0.076000 0.161804
v 0.010674 0.076000 0.162851
v 0.000000 0.076000 0.163200
v -0.010674 0.076000 0.162851
v -0.021302 0.076000 0.161804
v -0.031839 0.076000 0.160064
v -0.042239 0.076000 0.157639
v -0.052459 0.076000 0.154539
v -0.062454 0.076000 0.150777
v -0.072182 0.076000 0.146370
v -0.081600 0.076000 0.141335
v -0.090669 0.076000 0.135696
v -0.099350 0.076000 0.129475
v -0.107605 0.076000 0.122700
v -0.115400 0.076000 0.115400
v -0.122700 0.076000 0.107605
v -0.129475 0.076000 0.099350
v -0.135696 0.076000 0.090669
v -0.141335 0.076000 0.081600
v -0.146370 0.076000 0.072182
v -0.150777 0.076000 0.062454
v -0.154539 0.076000 0.052459
v -0.157639 0.076000 0.042239
v -0.160064 0.076000 0.031839
v -0.161804 0.076000 0.021302
v -0.162851 0.076000 0.010674
v -0.163200 0.076000 0.000000
v -0.162851 0.076000 -0.010674
v -0.161804 0.076000 -0.021302
v -0.160064 0.076000 -0.031839
v -0.157639 0.076000 -0.042239
v -0.154539 0.076000 -0.052459
v -0.150777 0.076000 -0.062454
v -0.146370 0.076000 -0.072182
v -0.141335 0.076000 -0.081600
v -0.135696 0.076000 -0.090669
v -0.129475 0.076000 -0.099350
v -0.122700 0.076000 -0.107605
v -0.115400 0.076000 -0.115400
v -0.107605 0.076000 -0.122700
v -0.099350 0.076000 -0.129475
v -0.090669 0.076000 -0.135696
v -0.081600 0.076000 -0.141335
v -0.072182 0.076000 -0.146370
v -0.062454 0.076000 -0.150777
v -0.052459 0.076000 -0.154539
v -0.042239 0.076000 -0.157639
v -0.031839 0.076000 -0.160064
v -0.021302 0.076000 -0.161804
v -0.010674 0.076000 -0.162851
v -0.000000 0.076000 -0.163200
v 0.010674 0.076000 -0.162851
v 0.021302 0.076000 -0.161804
v 0.031839 0.076000 -0.160064
v 0.042239 0.076000 -0.157639
v 0.052459 0.076000 -0.154539
v 0.062454 0.076000 -0.150777
v 0.072182 0.076000 -0.146370
v 0.081600 0.076000 -0.141335
v 0.090669 0.076000 -0.135696
v 0.099350 0.076000 -0.129475
v 0.107605 0.076000 -0.122700
v 0.115400 0.076000 -0.115400
v 0.122700 0.076000 -0.107605
v 0.129475 0.076000 -0.099350
v 0.135696 0.076000 -0.090669
v 0.141335 0.076000 -0.081600
v 0.146370 0.076000 -0.072182
v 0.150777 0.076000 -0.062454
v 0.154539 0.076000 -0.052459
v 0.157639 0.076000 -0.042239
v 0.160064 0.076000 -0.031839
v 0.161804 0.076000 -0.021302
v 0.162851 0.076000 -0.010674
v 0.190000 0.076000 0.000000
v 0.189593 0.076000 0.012427
v 0.188375 0.076000 0.024800
v 0.186349 0.076000 0.037067
v 0.183526 0.076000 0.049176
v 0.179917 0.076000 0.061073
v 0.175537 0.076000 0.072710
v 0.170406 0.076000 0.084035
v 0.164545 0.076000 0.095000
v 0.157979 0.076000 0.105558
v 0.150737 0.076000 0.115665
v 0.142850 0.076000 0.125276
v 0.134350 0.076000 0.134350
v 0.125276 0.076000 0.142850
v 0.115665 0.076000 0.150737
v 0.105558 0.076000 0.157979
v 0.095000 0.076000 0.164545
v 0.084035 0.076000 0.170406
v 0.072710 0.076000 0.175537
v 0.061073 0.076000 0.179917
v 0.049176 0.076000 0.183526
v 0.037067 0.076000 0.186349
v 0.024800 0.076000 0.188375
v 0.012427 0.076000 0.189593
v 0.000000 0.076000 0.190000
v -0.012427 0.076000 0.189593
v -0.024800 0.076000 0.188375
v -0.037067 0.076000 0.186349
v -0.049176 0.076000 0.183526
v -0.061073 0.076000 0.179917
v -0.072710 0.076000 0.175537
v -0.084035 0.076000 0.170406
v -0.095000 0.076000 0.164545
v -0.105558 0.076000 0.157979
v -0.115665 0.076000 0.150737
v -0.125276 0.076000 0.142850
v -0.134350 0.076000 0.134350
v -0.142850 0.076000 0.125276
v -0.150737 0.076000 0.115665
v -0.157979 0.076000 0.105558
v -0.164545 0.076000 0.095000
v -0.170406 0.076000 0.084035
v -0.175537 0.076000 0.072710
v -0.179917 0.076000 0.061073
v -0.183526 0.076000 0.049176
v -0.186349 0.076000 0.037067
v -0.188375 0.076000 0.024800
v -0.189593 0.076000 0.012427
v -0.190000 0.076000 0.000000
v -0.189593 0.076000 -0.012427
v -0.188375 0.076000 -0.024800
v -0.186349 0.076000 -0.037067
v -0.183526 0.076000 -0.049176
v -0.179917 0.076000 -0.061073
v -0.175537 0.076000 -0.072710
v -0.170406 0.076000 -0.084035
v -0.164545 0.076000 -0.095000
v -0.157979 0.076000 -0.105558
v -0.150737 0.076000 -0.115665
v -0.142850 0.076000 -0.125276
v -0.134350 0.076000 -0.134350
v -0.125276 0.076000 -0.142850
v -0.115665 0.076000 -0.150737
v -0.105558 0.076000 -0.157979
v -0.095000 0.076000 -0.164545
v -0.084035 0.076000 -0.170406
v -0.072710 0.076000 -0.175537
v -0.061073 0.076000 -0.179917
v -0.049176 0.076000 -0.183526
v -0.037067 0.076000 -0.186349
v -0.024800 0.076000 -0.188375
v -0.012427 0.076000 -0.189593
v -0.000000 0.076000 -0.190000
v 0.012427 0.076000 -0.189593
v 0.024800 0.076000 -0.188375
v 0.037067 0.076000 -0.186349
v 0.049176 0.076000 -0.183526
v 0.061073 0.076000 -0.179917
v 0.072710 0.076000 -0.175537
v 0.084035 0.076000 -0.170406
v 0.095000 0.076000 -0.164545
v 0.105558 0.076000 -0.157979
v 0.115665 0.076000 -0.150737
v 0.125276 0.076000 -0.142850
v 0.134350 0.076000 -0.134350
v 0.142850 0.076000 -0.125276
v 0.150737 0.076000 -0.115665
v 0.157979 0.076000 -0.105558
v 0.164545 0.076000 -0.095000
v 0.170406 0.076000 -0.084035
v 0.175537 0.076000 -0.072710
v 0.179917 0.076000 -0.061073
v 0.183526 0.076000 -0.049176
v 0.186349 0.076000 -0.037067
v 0.188375 0.076000 -0.024800
v 0.189593 0.076000 -0.012427
v 0.190000 -0.008000 0.000000
v 0.189593 -0.008000 0.012427
v 0.188375 -0.008000 0.024800
v 0.186349 -0.008000 0.037067
v 0.183526 -0.008000 0.049176
v 0.179917 -0.008000 0.061073
v 0.175537 -0.008000 0.072710
v 0.170406 -0.008000 0.084035
v 0.164545 -0.008000 0.095000
v 0.157979 -0.008000 0.105558
v 0.150737 -0.008000 0.115665
v 0.142850 -0.008000 0.125276
v 0.134350 -0.008000 0.134350
v 0.125276 -0.008000 0.142850
v 0.115665 -0.008000 0.150737
v 0.105558 -0.008000 0.157979
v 0.095000 -0.008000 0.164545
v 0.084035 -0.008000 0.170406
v 0.072710 -0.008000 0.175537
v 0.061073 -0.008000 0.179917
v 0.049176 -0.008000 0.183526
v 0.037067 -0.008000 0.186349
v 0.024800 -0.008000 0.188375
v 0.012427 -0.008000 0.189593
v 0.000000 -0.008000 0.190000
v -0.012427 -0.008000 0.189593
v -0.024800 -0.008000 0.188375
v -0.037067 -0.008000 0.186349
v -0.049176 -0.008000 0.183526
v -0.061073 -0.008000 0.179917
v -0.072710 -0.008000 0.175537
v -0.084035 -0.008000 0.170406
v -0.095000 -0.008000 0.164545
v -0.105558 -0.008000 0.157979
v -0.115665 -0.008000 0.150737
v -0.125276 -0.008000 0.142850
v -0.134350 -0.008000 0.134350
v -0.142850 -0.008000 0.125276
v -0.150737 -0.008000 0.115665
v -0.157979 -0.008000 0.105558
v -0.164545 -0.008000 0.095000
v -0.170406 -0.008000 0.084035
v -0.175537 -0.008000 0.072710
v -0.179917 -0.008000 0.061073
v -0.183526 -0.008000 0.049176
v -0.186349 -0.008000 0.037067
v -0.188375 -0.008000 0.024800
v -0.189593 -0.008000 0.012427
v -0.190000 -0.008000 0.000000
v -0.189593 -0.008000 -0.012427
v -0.188375 -0.008000 -0.024800
v -0.186349 -0.008000 -0.037067
v -0.183526 -0.008000 -0.049176
v -0.179917 -0.008000 -0.061073
v -0.175537 -0.008000 -0.072710
v -0.170406 -0.008000 -0.084035
v -0.164545 -0.008000 -0.095000
v -0.157979 -0.008000 -0.105558
v -0.150737 -0.008000 -0.115665
v -0.142850 -0.008000 -0.125276
v -0.134350 -0.008000 -0.134350
v -0.125276 -0.008000 -0.142850
v -0.115665 -0.008000 -0.150737
v -0.105558 -0.008000 -0.157979
v -0.095000 -0.008000 -0.164545
v -0.084035 -0.008000 -0.170406
v -0.072710 -0.008000 -0.175537
v -0.061073 -0.008000 -0.179917
v -0.049176 -0.008000 -0.183526
v -0.037067 -0.008000 -0.186349
v -0.024800 -0.008000 -0.188375
v -0.012427 -0.008000 -0.189593
v -0.000000 -0.008000 -0.190000
v 0.012427 -0.008000 -0.189593
v 0.024800 -0.008000 -0.188375
v 0.037067 -0.008000 -0.186349
v 0.049176 -0.008000 -0.183526
v 0.061073 -0.008000 -0.179917
v 0.072710 -0.008000 -0.175537
v 0.084035 -0.008000 -0.170406
v 0.095000 -0.008000 -0.164545
v 0.105558 -0.008000 -0.157979
v 0.115665 -0.008000 -0.150737
v 0.125276 -0.008000 -0.142850
v 0.134350 -0.008000 -0.134350
v 0.142850 -0.008000 -0.125276
v 0.150737 -0.008000 -0.115665
v 0.157979 -0.008000 -0.105558
v 0.164545 -0.008000 -0.095000
v 0.170406 -0.008000 -0.084035
v 0.175537 -0.008000 -0.072710
v 0.179917 -0.008000 -0.061073
v 0.183526 -0.008000 -0.049176
v 0.186349 -0.008000 -0.037067
v 0.188375 -0.008000 -0.024800
v 0.189593 -0.008000 -0.012427
v 0.000000 -0.008000 0.000000
v 0.190000 -0.008000 0.000000
v 0.189593 -0.008000 0.012427
v 0.188375 -0.008000 0.024800
v 0.186349 -0.008000 0.037067
v 0.183526 -0.008000 0.049176
v 0.179917 -0.008000 0.061073
v 0.175537 -0.008000 0.072710
v 0.170406 -0.008000 0.084035
v 0.164545 -0.008000 0.095000
v 0.157979 -0.008000 0.105558
v 0.150737 -0.008000 0.115665
v 0.142850 -0.008000 0.125276
v 0.134350 -0.008000 0.134350
v 0.125276 -0.008000 0.142850
v 0.115665 -0.008000 0.150737
v 0.105558 -0.008000 0.157979
v 0.095000 -0.008000 0.164545
v 0.084035 -0.008000 0.170406
v 0.072710 -0.008000 0.175537
v 0.061073 -0.008000 0.179917
v 0.049176 -0.008000 0.183526
v 0.037067 -0.008000 0.186349
v 0.024800 -0.008000 0.188375
v 0.012427 -0.008000 0.189593
v 0.000000 -0.008000 0.190000
v -0.012427 -0.008000 0.189593
v -0.024800 -0.008000 0.188375
v -0.037067 -0.008000 0.186349
v -0.049176 -0.008000 0.183526
v -0.061073 -0.008000 0.179917
v -0.072710 -0.008000 0.175537
v -0.084035 -0.008000 0.170406
v -0.095000 -0.008000 0.164545
v -0.105558 -0.008000 0.157979
v -0.115665 -0.008000 0.150737
v -0.125276 -0.008000 0.142850
v -0.134350 -0.008000 0.134350
v -0.142850 -0.008000 0.125276
v -0.150737 -0.008000 0.115665
v -0.157979 -0.008000 0.105558
v -0.164545 -0.008000 0.095000
v -0.170406 -0.008000 0.084035
v -0.175537 -0.008000 0.072710
v -0.179917 -0.008000 0.061073
v -0.183526 -0.008000 0.049176
v -0.186349 -0.008000 0.037067
v -0.188375 -0.008000 0.024800
v -0.189593 -0.008000 0.012427
v -0.190000 -0.008000 0.000000
v -0.189593 -0.008000 -0.012427
v -0.188375 -0.008000 -0.024800
v -0.186349 -0.008000 -0.037067
v -0.183526 -0.008000 -0.049176
v -0.179917 -0.008000 -0.061073
v -0.175537 -0.008000 -0.072710
v -0.170406 -0.008000 -0.084035
v -0.164545 -0.008000 -0.095000
v -0.157979 -0.008000 -0.105558
v -0.150737 -0.008000 -0.115665
v -0.142850 -0.008000 -0.125276
v -0.134350 -0.008000 -0.134350
v -0.125276 -0.008000 -0.142850
v -0.115665 -0.008000 -0.150737
v -0.105558 -0.008000 -0.157979
v -0.095000 -0.008000 -0.164545
v -0.084035 -0.008000 -0.170406
v -0.072710 -0.008000 -0.175537
v -0.061073 -0.008000 -0.179917
v -0.049176 -0.008000 -0.183526
v -0.037067 -0.008000 -0.186349
v -0.024800 -0.008000 -0.188375
v -0.012427 -0.008000 -0.189593
v -0.000000 -0.008000 -0.190000
v 0.012427 -0.008000 -0.189593
v 0.024800 -0.008000 -0.188375
v 0.037067 -0.008000 -0.186349
v 0.049176 -0.008000 -0.183526
v 0.061073 -0.008000 -0.179917
v 0.072710 -0.008000 -0.175537
v 0.084035 -0.008000 -0.170406
v 0.095000 -0.008000 -0.164545
v 0.105558 -0.008000 -0.157979
v 0.115665 -0.008000 -0.150737
v 0.125276 -0.008000 -0.142850
v 0.134350 -0.008000 -0.134350
v 0.142850 -0.008000 -0.125276
v 0.150737 -0.008000 -0.115665
v 0.157979 -0.008000 -0.105558
v 0.164545 -0.008000 -0.095000
v 0.170406 -0.008000 -0.084035
v 0.175537 -0.008000 -0.072710
v 0.179917 -0.008000 -0.061073
v 0.183526 -0.008000 -0.049176
v 0.186349 -0.008000 -0.037067
v 0.188375 -0.008000 -0.024800
v 0.189593 -0.008000 -0.012427
vt 0.500000 0.500000
vt 0.517857 0.500000
vt 0.517819 0.501168
vt 0.517704 0.502331
vt 0.517514 0.503484
vt 0.517249 0.504622
vt 0.516909 0.505740
vt 0.516498 0.506834
vt 0.516016 0.507898
vt 0.515465 0.508929
vt 0.514848 0.509921
vt 0.514167 0.510871
vt 0.513426 0.511774
vt 0.512627 0.512627
vt 0.511774 0.513426
vt 0.510871 0.514167
vt 0.509921 0.514848
vt 0.508929 0.515465
vt 0.507898 0.516016
vt 0.506834 0.516498
vt 0.505740 0.516909
vt 0.504622 0.517249
vt 0.503484 0.517514
vt 0.502331 0.517704
vt 0.501168 0.517819
vt 0.500000 0.517857
vt 0.498832 0.517819
vt 0.497669 0.517704
vt 0.496516 0.517514
vt 0.495378 0.517249
vt 0.494260 0.516909
vt 0.493166 0.516498
vt 0.492102 0.516016
vt 0.491071 0.515465
vt 0.490079 0.514848
vt 0.489129 0.514167
vt 0.488226 0.513426
vt 0.487373 0.512627
vt 0.486574 0.511774
vt 0.485833 0.510871
vt 0.485152 0.509921
vt 0.484535 0.508929
vt 0.483984 0.507898
vt 0.483502 0.506834
vt 0.483091 0.505740
vt 0.482751 0.504622
vt 0.482486 0.503484
vt 0.482296 0.502331
vt 0.482181 0.501168
vt 0.482143 0.500000
vt 0.482181 0.498832
vt 0.482296 0.497669
vt 0.482486 0.496516
vt 0.482751 0.495378
vt 0.483091 0.494260
vt 0.483502 0.493166
vt 0.483984 0.492102
vt 0.484535 0.491071
vt 0.485152 0.490079
vt 0.485833 0.489129
vt 0.486574 0.488226
vt 0.487373 0.487373
vt 0.488226 0.486574
vt 0.489129 0.485833
vt 0.490079 0.485152
vt 0.491071 0.484535
vt 0.492102 0.483984
vt 0.493166 0.483502
vt 0.494260 0.483091
vt 0.495378 0.482751
vt 0.496516 0.482486
vt 0.497669 0.482296
vt 0.498832 0.482181
vt 0.500000 0.482143
vt 0.501168 0.482181
vt 0.502331 0.482296
vt 0.503484 0.482486
vt 0.504622 0.482751
vt 0.505740 0.483091
vt 0.506834 0.483502
vt 0.507898 0.483984
vt 0.508929 0.484535
vt 0.509921 0.485152
vt 0.510871 0.485833
vt 0.511774 0.486574
vt 0.512627 0.487373
vt 0.513426 0.488226
vt 0.514167 0.489129
vt 0.514848 0.490079
vt 0.515465 0.491071
vt 0.516016 0.492102
vt 0.516498 0.493166
vt 0.516909 0.494260
vt 0.517249 0.495378
vt 0.517514 0.496516
vt 0.517704 0.497669
vt 0.517819 0.498832
vt 0.535714 0.500000
vt 0.535638 0.502336
vt 0.535409 0.504662
vt 0.535028 0.506968
vt 0.534497 0.509244
vt 0.533819 0.511480
vt 0.532996 0.513667
vt 0.532031 0.515796
vt 0.530929 0.517857
vt 0.529695 0.519842
vt 0.528334 0.521741
vt 0.526851 0.523548
vt 0.525254 0.525254
vt 0.523548 0.526851
vt 0.521741 0.528334
vt 0.519842 0.529695
vt 0.517857 0.530929
vt 0.515796 0.532031
vt 0.513667 0.532996
vt 0.511480 0.533819
vt 0.509244 0.534497
vt 0.506968 0.535028
vt 0.504662 0.535409
vt 0.502336 0.535638
vt 0.500000 0.535714
vt 0.497664 0.535638
vt 0.495338 0.535409
vt 0.493032 0.535028
vt 0.490756 0.534497
vt 0.488520 0.533819
vt 0.486333 0.532996
vt 0.484204 0.532031
vt 0.482143 0.530929
vt 0.480158 0.529695
vt 0.478259 0.528334
vt 0.476452 0.526851
vt 0.474746 0.525254
vt 0.473149 0.523548
vt 0.471666 0.521741
vt 0.470305 0.519842
vt 0.469071 0.517857
vt 0.467969 0.515796
vt 0.467004 0.513667
vt 0.466181 0.511480
vt 0.465503 0.509244
vt 0.464972 0.506968
vt 0.464591 0.504662
vt 0.464362 0.502336
vt 0.464286 0.500000
vt 0.464362 0.497664
vt 0.464591 0.495338
vt 0.464972 0.493032
vt 0.465503 0.490756
vt 0.466181 0.488520
vt 0.467004 0.486333
vt 0.467969 0.484204
vt 0.469071 0.482143
vt 0.470305 0.480158
vt 0.471666 0.478259
vt 0.473149 0.476452
vt 0.474746 0.474746
vt 0.476452 0.473149
vt 0.478259 0.471666
vt 0.480158 0.470305
vt 0.482143 0.469071
vt 0.484204 0.467969
vt 0.486333 0.467004
vt 0.488520 0.466181
vt 0.490756 0.465503
vt 0.493032 0.464972
vt 0.495338 0.464591
vt 0.497664 0.464362
vt 0.500000 0.464286
vt 0.502336 0.464362
vt 0.504662 0.464591
vt 0.506968 0.464972
vt 0.509244 0.465503
vt 0.511480 0.466181
vt 0.513667 0.467004
vt 0.515796 0.467969
vt 0.517857 0.469071
vt 0.519842 0.470305
vt 0.521741 0.471666
vt 0.523548 0.473149
vt 0.525254 0.474746
vt 0.526851 0.476452
vt 0.528334 0.478259
vt 0.529695 0.480158
vt 0.530929 0.482143
vt 0.532031 0.484204
vt 0.532996 0.486333
vt 0.533819 0.488520
vt 0.534497 0.490756
vt 0.535028 0.493032
vt 0.535409 0.495338
vt 0.535638 0.497664
vt 0.553571 0.500000
vt 0.553457 0.503504
vt 0.553113 0.506992
vt 0.552542 0.510451
vt 0.551746 0.513865
vt 0.550728 0.517220
vt 0.549494 0.520501
vt 0.548047 0.523694
vt 0.546394 0.526786
vt 0.544543 0.529763
vt 0.542501 0.532612
vt 0.540277 0.535322
vt 0.537881 0.537881
vt 0.535322 0.540277
vt 0.532612 0.542501
vt 0.529763 0.544543
vt 0.526786 0.546394
vt 0.523694 0.548047
vt 0.520501 0.549494
vt 0.517220 0.550728
vt 0.513865 0.551746
vt 0.510451 0.552542
vt 0.506992 0.553113
vt 0.503504 0.553457
vt 0.500000 0.553571
vt 0.496496 0.553457
vt 0.493008 0.553113
vt 0.489549 0.552542
vt 0.486135 0.551746
vt 0.482780 0.550728
vt 0.479499 0.549494
vt 0.476306 0.548047
vt 0.473214 0.546394
vt 0.470237 0.544543
vt 0.467388 0.542501
vt 0.464678 0.540277
vt 0.462119 0.537881
vt 0.459723 0.535322
vt 0.457499 0.532612
vt 0.455457 0.529763
vt 0.453606 0.526786
vt 0.451953 0.523694
vt 0.450506 0.520501
vt 0.449272 0.517220
vt 0.448254 0.513865
vt 0.447458 0.510451
vt 0.446887 0.506992
vt 0.446543 0.503504
vt 0.446429 0.500000
vt 0.446543 0.496496
vt 0.446887 0.493008
vt 0.447458 0.489549
vt 0.448254 0.486135
vt 0.449272 0.482780
vt 0.450506 0.479499
vt 0.451953 0.476306
vt 0.453606 0.473214
vt 0.455457 0.470237
vt 0.457499 0.467388
vt 0.459723 0.464678
vt 0.462119 0.462119
vt 0.464678 0.459723
vt 0.467388 0.457499
vt 0.470237 0.455457
vt 0.473214 0.453606
vt 0.476306 0.451953
vt 0.479499 0.450506
vt 0.482780 0.449272
vt 0.486135 0.448254
vt 0.489549 0.447458
vt 0.493008 0.446887
vt 0.496496 0.446543
vt 0.500000 0.446429
vt 0.503504 0.446543
vt 0.506992 0.446887
vt 0.510451 0.447458
vt 0.513865 0.448254
vt 0.517220 0.449272
vt 0.520501 0.450506
vt 0.523694 0.451953
vt 0.526786 0.453606
vt 0.529763 0.455457
vt 0.532612 0.457499
vt 0.535322 0.459723
vt 0.537881 0.462119
vt 0.540277 0.464678
vt 0.542501 0.467388
vt 0.544543 0.470237
vt 0.546394 0.473214
vt 0.548047 0.476306
vt 0.549494 0.479499
vt 0.550728 0.482780
vt 0.551746 0.486135
vt 0.552542 0.489549
vt 0.553113 0.493008
vt 0.553457 0.496496
vt 0.571429 0.500000
vt 0.571276 0.504672
vt 0.570817 0.509323
vt 0.570056 0.513935
vt 0.568995 0.518487
vt 0.567638 0.522960
vt 0.565991 0.527335
vt 0.564062 0.531592
vt 0.561859 0.535714
vt 0.559391 0.539684
vt 0.556668 0.543483
vt 0.553703 0.547096
vt 0.550508 0.550508
vt 0.547096 0.553703
vt 0.543483 0.556668
vt 0.539684 0.559391
vt 0.535714 0.561859
vt 0.531592 0.564062
vt 0.527335 0.565991
vt 0.522960 0.567638
vt 0.518487 0.568995
vt 0.513935 0.570056
vt 0.509323 0.570817
vt 0.504672 0.571276
vt 0.500000 0.571429
vt 0.495328 0.571276
vt 0.490677 0.570817
vt 0.486065 0.570056
vt 0.481513 0.568995
vt 0.477040 0.567638
vt 0.472665 0.565991
vt 0.468408 0.564062
vt 0.464286 0.561859
vt 0.460316 0.559391
vt 0.456517 0.556668
vt 0.452904 0.553703
vt 0.449492 0.550508
vt 0.446297 0.547096
vt 0.443332 0.543483
vt 0.440609 0.539684
vt 0.438141 0.535714
vt 0.435938 0.531592
vt 0.434009 0.527335
vt 0.432362 0.522960
vt 0.431005 0.518487
vt 0.429944 0.513935
vt 0.429183 0.509323
vt 0.428724 0.504672
vt 0.428571 0.500000
vt 0.428724 0.495328
vt 0.429183 0.490677
vt 0.429944 0.486065
vt 0.431005 0.481513
vt 0.432362 0.477040
vt 0.434009 0.472665
vt 0.435938 0.468408
vt 0.438141 0.464286
vt 0.440609 0.460316
vt 0.443332 0.456517
vt 0.446297 0.452904
vt 0.449492 0.449492
vt 0.452904 0.446297
vt 0.456517 0.443332
vt 0.460316 0.440609
vt 0.464286 0.438141
vt 0.468408 0.435938
vt 0.472665 0.434009
vt 0.477040 0.432362
vt 0.481513 0.431005
vt 0.486065 0.429944
vt 0.490677 0.429183
vt 0.495328 0.428724
vt 0.500000 0.428571
vt 0.504672 0.428724
vt 0.509323 0.429183
vt 0.513935 0.429944
vt 0.518487 0.431005
vt 0.522960 0.432362
vt 0.527335 0.434009
vt 0.531592 0.435938
vt 0.535714 0.438141
vt 0.539684 0.440609
vt 0.543483 0.443332
vt 0.547096 0.446297
vt 0.550508 0.449492
vt 0.553703 0.452904
vt 0.556668 0.456517
vt 0.559391 0.460316
vt 0.561859 0.464286
vt 0.564062 0.468408
vt 0.565991 0.472665
vt 0.567638 0.477040
vt 0.568995 0.481513
vt 0.570056 0.486065
vt 0.570817 0.490677
vt 0.571276 0.495328
vt 0.589286 0.500000
vt 0.589095 0.505840
vt 0.588522 0.511654
vt 0.587570 0.517419
vt 0.586243 0.523109
vt 0.584547 0.528700
vt 0.582489 0.534168
vt 0.580078 0.539490
vt 0.577324 0.544643
vt 0.574238 0.549604
vt 0.570835 0.554354
vt 0.567129 0.558870
vt 0.563135 0.563135
vt 0.558870 0.567129
vt 0.554354 0.570835
vt 0.549604 0.574238
vt 0.544643 0.577324
vt 0.539490 0.580078
vt 0.534168 0.582489
vt 0.528700 0.584547
vt 0.523109 0.586243
vt 0.517419 0.587570
vt 0.511654 0.588522
vt 0.505840 0.589095
vt 0.500000 0.589286
vt 0.494160 0.589095
vt 0.488346 0.588522
vt 0.482581 0.587570
vt 0.476891 0.586243
vt 0.471300 0.584547
vt 0.465832 0.582489
vt 0.460510 0.580078
vt 0.455357 0.577324
vt 0.450396 0.574238
vt 0.445646 0.570835
vt 0.441130 0.567129
vt 0.436865 0.563135
vt 0.432871 0.558870
vt 0.429165 0.554354
vt 0.425762 0.549604
vt 0.422676 0.544643
vt 0.419922 0.539490
vt 0.417511 0.534168
vt 0.415453 0.528700
vt 0.413757 0.523109
vt 0.412430 0.517419
vt 0.411478 0.511654
vt 0.410905 0.505840
vt 0.410714 0.500000
vt 0.410905 0.494160
vt 0.411478 0.488346
vt 0.412430 0.482581
vt 0.413757 0.476891
vt 0.415453 0.471300
vt 0.417511 0.465832
vt 0.419922 0.460510
vt 0.422676 0.455357
vt 0.425762 0.450396
vt 0.429165 0.445646
vt 0.432871 0.441130
vt 0.436865 0.436865
vt 0.441130 0.432871
vt 0.445646 0.429165
vt 0.450396 0.425762
vt 0.455357 0.422676
vt 0.460510 0.419922
vt 0.465832 0.417511
vt 0.471300 0.415453
vt 0.476891 0.413757
vt 0.482581 0.412430
vt 0.488346 0.411478
vt 0.494160 0.410905
vt 0.500000 0.410714
vt 0.505840 0.410905
vt 0.511654 0.411478
vt 0.517419 0.412430
vt 0.523109 0.413757
vt 0.528700 0.415453
vt 0.534168 0.417511
vt 0.539490 0.419922
vt 0.544643 0.422676
vt 0.549604 0.425762
vt 0.554354 0.429165
vt 0.558870 0.432871
vt 0.563135 0.436865
vt 0.567129 0.441130
vt 0.570835 0.445646
vt 0.574238 0.450396
vt 0.577324 0.455357
vt 0.580078 0.460510
vt 0.582489 0.465832
vt 0.584547 0.471300
vt 0.586243 0.476891
vt 0.587570 0.482581
vt 0.588522 0.488346
vt 0.589095 0.494160
vt 0.607143 0.500000
vt 0.606913 0.507007
vt 0.606226 0.513985
vt 0.605084 0.520903
vt 0.603492 0.527731
vt 0.601457 0.534440
vt 0.598987 0.541002
vt 0.596094 0.547388
vt 0.592788 0.553571
vt 0.589086 0.559525
vt 0.585002 0.565224
vt 0.580554 0.570644
vt 0.575761 0.575761
vt 0.570644 0.580554
vt 0.565224 0.585002
vt 0.559525 0.589086
vt 0.553571 0.592788
vt 0.547388 0.596094
vt 0.541002 0.598987
vt 0.534440 0.601457
vt 0.527731 0.603492
vt 0.520903 0.605084
vt 0.513985 0.606226
vt 0.507007 0.606913
vt 0.500000 0.607143
vt 0.492993 0.606913
vt 0.486015 0.606226
vt 0.479097 0.605084
vt 0.472269 0.603492
vt 0.465560 0.601457
vt 0.458998 0.598987
vt 0.452612 0.596094
vt 0.446429 0.592788
vt 0.440475 0.589086
vt 0.434776 0.585002
vt 0.429356 0.580554
vt 0.424239 0.575761
vt 0.419446 0.570644
vt 0.414998 0.565224
vt 0.410914 0.559525
vt 0.407212 0.553571
vt 0.403906 0.547388
vt 0.401013 0.541002
vt 0.398543 0.534440
vt 0.396508 0.527731
vt 0.394916 0.520903
vt 0.393774 0.513985
vt 0.393087 0.507007
vt 0.392857 0.500000
vt 0.393087 0.492993
vt 0.393774 0.486015
vt 0.394916 0.479097
vt 0.396508 0.472269
vt 0.398543 0.465560
vt 0.401013 0.458998
vt 0.403906 0.452612
vt 0.407212 0.446429
vt 0.410914 0.440475
vt 0.414998 0.434776
vt 0.419446 0.429356
vt 0.424239 0.424239
vt 0.429356 0.419446
vt 0.434776 0.414998
vt 0.440475 0.410914
vt 0.446429 0.407212
vt 0.452612 0.403906
vt 0.458998 0.401013
vt 0.465560 0.398543
vt 0.472269 0.396508
vt 0.479097 0.394916
vt 0.486015 0.393774
vt 0.492993 0.393087
vt 0.500000 0.392857
vt 0.507007 0.393087
vt 0.513985 0.393774
vt 0.520903 0.394916
vt 0.527731 0.396508
vt 0.534440 0.398543
vt 0.541002 0.401013
vt 0.547388 0.403906
vt 0.553571 0.407212
vt 0.559525 0.410914
vt 0.565224 0.414998
vt 0.570644 0.419446
vt 0.575761 0.424239
vt 0.580554 0.429356
vt 0.585002 0.434776
vt 0.589086 0.440475
vt 0.592788 0.446429
vt 0.596094 0.452612
vt 0.598987 0.458998
vt 0.601457 0.465560
vt 0.603492 0.472269
vt 0.605084 0.479097
vt 0.606226 0.486015
vt 0.606913 0.492993
vt 0.625000 0.500000
vt 0.624732 0.508175
vt 0.623931 0.516316
vt 0.622598 0.524386
vt 0.620741 0.532352
vt 0.618366 0.540180
vt 0.615485 0.547835
vt 0.612109 0.555286
vt 0.608253 0.562500
vt 0.603934 0.569446
vt 0.599169 0.576095
vt 0.593980 0.582418
vt 0.588388 0.588388
vt 0.582418 0.593980
vt 0.576095 0.599169
vt 0.569446 0.603934
vt 0.562500 0.608253
vt 0.555286 0.612109
vt 0.547835 0.615485
vt 0.540180 0.618366
vt 0.532352 0.620741
vt 0.524386 0.622598
vt 0.516316 0.623931
vt 0.508175 0.624732
vt 0.500000 0.625000
vt 0.491825 0.624732
vt 0.483684 0.623931
vt 0.475614 0.622598
vt 0.467648 0.620741
vt 0.459820 0.618366
vt 0.452165 0.615485
vt 0.444714 0.612109
vt 0.437500 0.608253
vt 0.430554 0.603934
vt 0.423905 0.599169
vt 0.417582 0.593980
vt 0.411612 0.588388
vt 0.406020 0.582418
vt 0.400831 0.576095
vt 0.396066 0.569446
vt 0.391747 0.562500
vt 0.387891 0.555286
vt 0.384515 0.547835
vt 0.381634 0.540180
vt 0.379259 0.532352
vt 0.377402 0.524386
vt 0.376069 0.516316
vt 0.375268 0.508175
vt 0.375000 0.500000
vt 0.375268 0.491825
vt 0.376069 0.483684
vt 0.377402 0.475614
vt 0.379259 0.467648
vt 0.381634 0.459820
vt 0.384515 0.452165
vt 0.387891 0.444714
vt 0.391747 0.437500
vt 0.396066 0.430554
vt 0.400831 0.423905
vt 0.406020 0.417582
vt 0.411612 0.411612
vt 0.417582 0.406020
vt 0.423905 0.400831
vt 0.430554 0.396066
vt 0.437500 0.391747
vt 0.444714 0.387891
vt 0.452165 0.384515
vt 0.459820 0.381634
vt 0.467648 0.379259
vt 0.475614 0.377402
vt 0.483684 0.376069
vt 0.491825 0.375268
vt 0.500000 0.375000
vt 0.508175 0.375268
vt 0.516316 0.376069
vt 0.524386 0.377402
vt 0.532352 0.379259
vt 0.540180 0.381634
vt 0.547835 0.384515
vt 0.555286 0.387891
vt 0.562500 0.391747
vt 0.569446 0.396066
vt 0.576095 0.400831
vt 0.582418 0.406020
vt 0.588388 0.411612
vt 0.593980 0.417582
vt 0.599169 0.423905
vt 0.603934 0.430554
vt 0.608253 0.437500
vt 0.612109 0.444714
vt 0.615485 0.452165
vt 0.618366 0.459820
vt 0.620741 0.467648
vt 0.622598 0.475614
vt 0.623931 0.483684
vt 0.624732 0.491825
vt 0.642857 0.500000
vt 0.642551 0.509343
vt 0.641635 0.518647
vt 0.640112 0.527870
vt 0.637989 0.536974
vt 0.635276 0.545920
vt 0.631983 0.554669
vt 0.628125 0.563184
vt 0.623718 0.571429
vt 0.618781 0.579367
vt 0.613336 0.586966
vt 0.607406 0.594192
vt 0.601015 0.601015
vt 0.594192 0.607406
vt 0.586966 0.613336
vt 0.579367 0.618781
vt 0.571429 0.623718
vt 0.563184 0.628125
vt 0.554669 0.631983
vt 0.545920 0.635276
vt 0.536974 0.637989
vt 0.527870 0.640112
vt 0.518647 0.641635
vt 0.509343 0.642551
vt 0.500000 0.642857
vt 0.490657 0.642551
vt 0.481353 0.641635
vt 0.472130 0.640112
vt 0.463026 0.637989
vt 0.454080 0.635276
vt 0.445331 0.631983
vt 0.436816 0.628125
vt 0.428571 0.623718
vt 0.420633 0.618781
vt 0.413034 0.613336
vt 0.405808 0.607406
vt 0.398985 0.601015
vt 0.392594 0.594192
vt 0.386664 0.586966
vt 0.381219 0.579367
vt 0.376282 0.571429
vt 0.371875 0.563184
vt 0.368017 0.554669
vt 0.364724 0.545920
vt 0.362011 0.536974
vt 0.359888 0.527870
vt 0.358365 0.518647
vt 0.357449 0.509343
vt 0.357143 0.500000
vt 0.357449 0.490657
vt 0.358365 0.481353
vt 0.359888 0.472130
vt 0.362011 0.463026
vt 0.364724 0.454080
vt 0.368017 0.445331
vt 0.371875 0.436816
vt 0.376282 0.428571
vt 0.381219 0.420633
vt 0.386664 0.413034
vt 0.392594 0.405808
vt 0.398985 0.398985
vt 0.405808 0.392594
vt 0.413034 0.386664
vt 0.420633 0.381219
vt 0.428571 0.376282
vt 0.436816 0.371875
vt 0.445331 0.368017
vt 0.454080 0.364724
vt 0.463026 0.362011
vt 0.472130 0.359888
vt 0.481353 0.358365
vt 0.490657 0.357449
vt 0.500000 0.357143
vt 0.509343 0.357449
vt 0.518647 0.358365
vt 0.527870 0.359888
vt 0.536974 0.362011
vt 0.545920 0.364724
vt 0.554669 0.368017
vt 0.563184 0.371875
vt 0.571429 0.376282
vt 0.579367 0.381219
vt 0.586966 0.386664
vt 0.594192 0.392594
vt 0.601015 0.398985
vt 0.607406 0.405808
vt 0.613336 0.413034
vt 0.618781 0.420633
vt 0.623718 0.428571
vt 0.628125 0.436816
vt 0.631983 0.445331
vt 0.635276 0.454080
vt 0.637989 0.463026
vt 0.640112 0.472130
vt 0.641635 0.481353
vt 0.642551 0.490657
vt 0.660714 0.500000
vt 0.660370 0.510511
vt 0.659339 0.520977
vt 0.657626 0.531354
vt 0.655238 0.541596
vt 0.652185 0.551660
vt 0.648481 0.561503
vt 0.644140 0.571082
vt 0.639183 0.580357
vt 0.633629 0.589288
vt 0.627503 0.597837
vt 0.620831 0.605966
vt 0.613642 0.613642
vt 0.605966 0.620831
vt 0.597837 0.627503
vt 0.589288 0.633629
vt 0.580357 0.639183
vt 0.571082 0.644140
vt 0.561503 0.648481
vt 0.551660 0.652185
vt 0.541596 0.655238
vt 0.531354 0.657626
vt 0.520977 0.659339
vt 0.510511 0.660370
vt 0.500000 0.660714
vt 0.489489 0.660370
vt 0.479023 0.659339
vt 0.468646 0.657626
vt 0.458404 0.655238
vt 0.448340 0.652185
vt 0.438497 0.648481
vt 0.428918 0.644140
vt 0.419643 0.639183
vt 0.410712 0.633629
vt 0.402163 0.627503
vt 0.394034 0.620831
vt 0.386358 0.613642
vt 0.379169 0.605966
vt 0.372497 0.597837
vt 0.366371 0.589288
vt 0.360817 0.580357
vt 0.355860 0.571082
vt 0.351519 0.561503
vt 0.347815 0.551660
vt 0.344762 0.541596
vt 0.342374 0.531354
vt 0.340661 0.520977
vt 0.339630 0.510511
vt 0.339286 0.500000
vt 0.339630 0.489489
vt 0.340661 0.479023
vt 0.342374 0.468646
vt 0.344762 0.458404
vt 0.347815 0.448340
vt 0.351519 0.438497
vt 0.355860 0.428918
vt 0.360817 0.419643
vt 0.366371 0.410712
vt 0.372497 0.402163
vt 0.379169 0.394034
vt 0.386358 0.386358
vt 0.394034 0.379169
vt 0.402163 0.372497
vt 0.410712 0.366371
vt 0.419643 0.360817
vt 0.428918 0.355860
vt 0.438497 0.351519
vt 0.448340 0.347815
vt 0.458404 0.344762
vt 0.468646 0.342374
vt 0.479023 0.340661
vt 0.489489 0.339630
vt 0.500000 0.339286
vt 0.510511 0.339630
vt 0.520977 0.340661
vt 0.531354 0.342374
vt 0.541596 0.344762
vt 0.551660 0.347815
vt 0.561503 0.351519
vt 0.571082 0.355860
vt 0.580357 0.360817
vt 0.589288 0.366371
vt 0.597837 0.372497
vt 0.605966 0.379169
vt 0.613642 0.386358
vt 0.620831 0.394034
vt 0.627503 0.402163
vt 0.633629 0.410712
vt 0.639183 0.419643
vt 0.644140 0.428918
vt 0.648481 0.438497
vt 0.652185 0.448340
vt 0.655238 0.458404
vt 0.657626 0.468646
vt 0.659339 0.479023
vt 0.660370 0.489489
vt 0.678571 0.500000
vt 0.678189 0.511679
vt 0.677044 0.523308
vt 0.675140 0.534838
vt 0.672487 0.546218
vt 0.669095 0.557400
vt 0.664978 0.568336
vt 0.660156 0.578980
vt 0.654647 0.589286
vt 0.648477 0.599209
vt 0.641670 0.608707
vt 0.634257 0.617740
vt 0.626269 0.626269
vt 0.617740 0.634257
vt 0.608707 0.641670
vt 0.599209 0.648477
vt 0.589286 0.654647
vt 0.578980 0.660156
vt 0.568336 0.664978
vt 0.557400 0.669095
vt 0.546218 0.672487
vt 0.534838 0.675140
vt 0.523308 0.677044
vt 0.511679 0.678189
vt 0.500000 0.678571
vt 0.488321 0.678189
vt 0.476692 0.677044
vt 0.465162 0.675140
vt 0.453782 0.672487
vt 0.442600 0.669095
vt 0.431664 0.664978
vt 0.421020 0.660156
vt 0.410714 0.654647
vt 0.400791 0.648477
vt 0.391293 0.641670
vt 0.382260 0.634257
vt 0.373731 0.626269
vt 0.365743 0.617740
vt 0.358330 0.608707
vt 0.351523 0.599209
vt 0.345353 0.589286
vt 0.339844 0.578980
vt 0.335022 0.568336
vt 0.330905 0.557400
vt 0.327513 0.546218
vt 0.324860 0.534838
vt 0.322956 0.523308
vt 0.321811 0.511679
vt 0.321429 0.500000
vt 0.321811 0.488321
vt 0.322956 0.476692
vt 0.324860 0.465162
vt 0.327513 0.453782
vt 0.330905 0.442600
vt 0.335022 0.431664
vt 0.339844 0.421020
vt 0.345353 0.410714
vt 0.351523 0.400791
vt 0.358330 0.391293
vt 0.365743 0.382260
vt 0.373731 0.373731
vt 0.382260 0.365743
vt 0.391293 0.358330
vt 0.400791 0.351523
vt 0.410714 0.345353
vt 0.421020 0.339844
vt 0.431664 0.335022
vt 0.442600 0.330905
vt 0.453782 0.327513
vt 0.465162 0.324860
vt 0.476692 0.322956
vt 0.488321 0.321811
vt 0.500000 0.321429
vt 0.511679 0.321811
vt 0.523308 0.322956
vt 0.534838 0.324860
vt 0.546218 0.327513
vt 0.557400 0.330905
vt 0.568336 0.335022
vt 0.578980 0.339844
vt 0.589286 0.345353
vt 0.599209 0.351523
vt 0.608707 0.358330
vt 0.617740 0.365743
vt 0.626269 0.373731
vt 0.634257 0.382260
vt 0.641670 0.391293
vt 0.648477 0.400791
vt 0.654647 0.410714
vt 0.660156 0.421020
vt 0.664978 0.431664
vt 0.669095 0.442600
vt 0.672487 0.453782
vt 0.675140 0.465162
vt 0.677044 0.476692
vt 0.678189 0.488321
vt 0.696429 0.500000
vt 0.696008 0.512847
vt 0.694748 0.525639
vt 0.692654 0.538321
vt 0.689735 0.550839
vt 0.686004 0.563140
vt 0.681476 0.575170
vt 0.676171 0.586878
vt 0.670112 0.598214
vt 0.663324 0.609130
vt 0.655837 0.619578
vt 0.647683 0.629514
vt 0.638896 0.638896
vt 0.629514 0.647683
vt 0.619578 0.655837
vt 0.609130 0.663324
vt 0.598214 0.670112
vt 0.586878 0.676171
vt 0.575170 0.681476
vt 0.563140 0.686004
vt 0.550839 0.689735
vt 0.538321 0.692654
vt 0.525639 0.694748
vt 0.512847 0.696008
vt 0.500000 0.696429
vt 0.487153 0.696008
vt 0.474361 0.694748
vt 0.461679 0.692654
vt 0.449161 0.689735
vt 0.436860 0.686004
vt 0.424830 0.681476
vt 0.413122 0.676171
vt 0.401786 0.670112
vt 0.390870 0.663324
vt 0.380422 0.655837
vt 0.370486 0.647683
vt 0.361104 0.638896
vt 0.352317 0.629514
vt 0.344163 0.619578
vt 0.336676 0.609130
vt 0.329888 0.598214
vt 0.323829 0.586878
vt 0.318524 0.575170
vt 0.313996 0.563140
vt 0.310265 0.550839
vt 0.307346 0.538321
vt 0.305252 0.525639
vt 0.303992 0.512847
vt 0.303571 0.500000
vt 0.303992 0.487153
vt 0.305252 0.474361
vt 0.307346 0.461679
vt 0.310265 0.449161
vt 0.313996 0.436860
vt 0.318524 0.424830
vt 0.323829 0.413122
vt 0.329888 0.401786
vt 0.336676 0.390870
vt 0.344163 0.380422
vt 0.352317 0.370486
vt 0.361104 0.361104
vt 0.370486 0.352317
vt 0.380422 0.344163
vt 0.390870 0.336676
vt 0.401786 0.329888
vt 0.413122 0.323829
vt 0.424830 0.318524
vt 0.436860 0.313996
vt 0.449161 0.310265
vt 0.461679 0.307346
vt 0.474361 0.305252
vt 0.487153 0.303992
vt 0.500000 0.303571
vt 0.512847 0.303992
vt 0.525639 0.305252
vt 0.538321 0.307346
vt 0.550839 0.310265
vt 0.563140 0.313996
vt 0.575170 0.318524
vt 0.586878 0.323829
vt 0.598214 0.329888
vt 0.609130 0.336676
vt 0.619578 0.344163
vt 0.629514 0.352317
vt 0.638896 0.361104
vt 0.647683 0.370486
vt 0.655837 0.380422
vt 0.663324 0.390870
vt 0.670112 0.401786
vt 0.676171 0.413122
vt 0.681476 0.424830
vt 0.686004 0.436860
vt 0.689735 0.449161
vt 0.692654 0.461679
vt 0.694748 0.474361
vt 0.696008 0.487153
vt 0.714286 0.500000
vt 0.713827 0.514015
vt 0.712452 0.527970
vt 0.710168 0.541805
vt 0.706984 0.555461
vt 0.702914 0.568880
vt 0.697974 0.582004
vt 0.692187 0.594776
vt 0.685577 0.607143
vt 0.678172 0.619051
vt 0.670004 0.630449
vt 0.661109 0.641288
vt 0.651523 0.651523
vt 0.641288 0.661109
vt 0.630449 0.670004
vt 0.619051 0.678172
vt 0.607143 0.685577
vt 0.594776 0.692187
vt 0.582004 0.697974
vt 0.568880 0.702914
vt 0.555461 0.706984
vt 0.541805 0.710168
vt 0.527970 0.712452
vt 0.514015 0.713827
vt 0.500000 0.714286
vt 0.485985 0.713827
vt 0.472030 0.712452
vt 0.458195 0.710168
vt 0.444539 0.706984
vt 0.431120 0.702914
vt 0.417996 0.697974
vt 0.405224 0.692187
vt 0.392857 0.685577
vt 0.380949 0.678172
vt 0.369551 0.670004
vt 0.358712 0.661109
vt 0.348477 0.651523
vt 0.338891 0.641288
vt 0.329996 0.630449
vt 0.321828 0.619051
vt 0.314423 0.607143
vt 0.307813 0.594776
vt 0.302026 0.582004
vt 0.297086 0.568880
vt 0.293016 0.555461
vt 0.289832 0.541805
vt 0.287548 0.527970
vt 0.286173 0.514015
vt 0.285714 0.500000
vt 0.286173 0.485985
vt 0.287548 0.472030
vt 0.289832 0.458195
vt 0.293016 0.444539
vt 0.297086 0.431120
vt 0.302026 0.417996
vt 0.307813 0.405224
vt 0.314423 0.392857
vt 0.321828 0.380949
vt 0.329996 0.369551
vt 0.338891 0.358712
vt 0.348477 0.348477
vt 0.358712 0.338891
vt 0.369551 0.329996
vt 0.380949 0.321828
vt 0.392857 0.314423
vt 0.405224 0.307813
vt 0.417996 0.302026
vt 0.431120 0.297086
vt 0.444539 0.293016
vt 0.458195 0.289832
vt 0.472030 0.287548
vt 0.485985 0.286173
vt 0.500000 0.285714
vt 0.514015 0.286173
vt 0.527970 0.287548
vt 0.541805 0.289832
vt 0.555461 0.293016
vt 0.568880 0.297086
vt 0.582004 0.302026
vt 0.594776 0.307813
vt 0.607143 0.314423
vt 0.619051 0.321828
vt 0.630449 0.329996
vt 0.641288 0.338891
vt 0.651523 0.348477
vt 0.661109 0.358712
vt 0.670004 0.369551
vt 0.678172 0.380949
vt 0.685577 0.392857
vt 0.692187 0.405224
vt 0.697974 0.417996
vt 0.702914 0.431120
vt 0.706984 0.444539
vt 0.710168 0.458195
vt 0.712452 0.472030
vt 0.713827 0.485985
vt 0.732143 0.500000
vt 0.731646 0.515183
vt 0.730157 0.530301
vt 0.727682 0.545289
vt 0.724233 0.560083
vt 0.719823 0.574620
vt 0.714472 0.588837
vt 0.708203 0.602674
vt 0.701042 0.616071
vt 0.693020 0.628972
vt 0.684171 0.641320
vt 0.674534 0.653062
vt 0.664150 0.664150
vt 0.653062 0.674534
vt 0.641320 0.684171
vt 0.628972 0.693020
vt 0.616071 0.701042
vt 0.602674 0.708203
vt 0.588837 0.714472
vt 0.574620 0.719823
vt 0.560083 0.724233
vt 0.545289 0.727682
vt 0.530301 0.730157
vt 0.515183 0.731646
vt 0.500000 0.732143
vt 0.484817 0.731646
vt 0.469699 0.730157
vt 0.454711 0.727682
vt 0.439917 0.724233
vt 0.425380 0.719823
vt 0.411163 0.714472
vt 0.397326 0.708203
vt 0.383929 0.701042
vt 0.371028 0.693020
vt 0.358680 0.684171
vt 0.346938 0.674534
vt 0.335850 0.664150
vt 0.325466 0.653062
vt 0.315829 0.641320
vt 0.306980 0.628972
vt 0.298958 0.616071
vt 0.291797 0.602674
vt 0.285528 0.588837
vt 0.280177 0.574620
vt 0.275767 0.560083
vt 0.272318 0.545289
vt 0.269843 0.530301
vt 0.268354 0.515183
vt 0.267857 0.500000
vt 0.268354 0.484817
vt 0.269843 0.469699
vt 0.272318 0.454711
vt 0.275767 0.439917
vt 0.280177 0.425380
vt 0.285528 0.411163
vt 0.291797 0.397326
vt 0.298958 0.383929
vt 0.306980 0.371028
vt 0.315829 0.358680
vt 0.325466 0.346938
vt 0.335850 0.335850
vt 0.346938 0.325466
vt 0.358680 0.315829
vt 0.371028 0.306980
vt 0.383929 0.298958
vt 0.397326 0.291797
vt 0.411163 0.285528
vt 0.425380 0.280177
vt 0.439917 0.275767
vt 0.454711 0.272318
vt 0.469699 0.269843
vt 0.484817 0.268354
vt 0.500000 0.267857
vt 0.515183 0.268354
vt 0.530301 0.269843
vt 0.545289 0.272318
vt 0.560083 0.275767
vt 0.574620 0.280177
vt 0.588837 0.285528
vt 0.602674 0.291797
vt 0.616071 0.298958
vt 0.628972 0.306980
vt 0.641320 0.315829
vt 0.653062 0.325466
vt 0.664150 0.335850
vt 0.674534 0.346938
vt 0.684171 0.358680
vt 0.693020 0.371028
vt 0.701042 0.383929
vt 0.708203 0.397326
vt 0.714472 0.411163
vt 0.719823 0.425380
vt 0.724233 0.439917
vt 0.727682 0.454711
vt 0.730157 0.469699
vt 0.731646 0.484817
vt 0.750000 0.500000
vt 0.749465 0.516351
vt 0.747861 0.532632
vt 0.745196 0.548773
vt 0.741481 0.564705
vt 0.736733 0.580360
vt 0.730970 0.595671
vt 0.724218 0.610572
vt 0.716506 0.625000
vt 0.707867 0.638893
vt 0.698338 0.652190
vt 0.687960 0.664836
vt 0.676777 0.676777
vt 0.664836 0.687960
vt 0.652190 0.698338
vt 0.638893 0.707867
vt 0.625000 0.716506
vt 0.610572 0.724218
vt 0.595671 0.730970
vt 0.580360 0.736733
vt 0.564705 0.741481
vt 0.548773 0.745196
vt 0.532632 0.747861
vt 0.516351 0.749465
vt 0.500000 0.750000
vt 0.483649 0.749465
vt 0.467368 0.747861
vt 0.451227 0.745196
vt 0.435295 0.741481
vt 0.419640 0.736733
vt 0.404329 0.730970
vt 0.389428 0.724218
vt 0.375000 0.716506
vt 0.361107 0.707867
vt 0.347810 0.698338
vt 0.335164 0.687960
vt 0.323223 0.676777
vt 0.312040 0.664836
vt 0.301662 0.652190
vt 0.292133 0.638893
vt 0.283494 0.625000
vt 0.275782 0.610572
vt 0.269030 0.595671
vt 0.263267 0.580360
vt 0.258519 0.564705
vt 0.254804 0.548773
vt 0.252139 0.532632
vt 0.250535 0.516351
vt 0.250000 0.500000
vt 0.250535 0.483649
vt 0.252139 0.467368
vt 0.254804 0.451227
vt 0.258519 0.435295
vt 0.263267 0.419640
vt 0.269030 0.404329
vt 0.275782 0.389428
vt 0.283494 0.375000
vt 0.292133 0.361107
vt 0.301662 0.347810
vt 0.312040 0.335164
vt 0.323223 0.323223
vt 0.335164 0.312040
vt 0.347810 0.301662
vt 0.361107 0.292133
vt 0.375000 0.283494
vt 0.389428 0.275782
vt 0.404329 0.269030
vt 0.419640 0.263267
vt 0.435295 0.258519
vt 0.451227 0.254804
vt 0.467368 0.252139
vt 0.483649 0.250535
vt 0.500000 0.250000
vt 0.516351 0.250535
vt 0.532632 0.252139
vt 0.548773 0.254804
vt 0.564705 0.258519
vt 0.580360 0.263267
vt 0.595671 0.269030
vt 0.610572 0.275782
vt 0.625000 0.283494
vt 0.638893 0.292133
vt 0.652190 0.301662
vt 0.664836 0.312040
vt 0.676777 0.323223
vt 0.687960 0.335164
vt 0.698338 0.347810
vt 0.707867 0.361107
vt 0.716506 0.375000
vt 0.724218 0.389428
vt 0.730970 0.404329
vt 0.736733 0.419640
vt 0.741481 0.435295
vt 0.745196 0.451227
vt 0.747861 0.467368
vt 0.749465 0.483649
vt 0.767857 0.500000
vt 0.767284 0.517519
vt 0.765566 0.534962
vt 0.762710 0.552256
vt 0.758730 0.569327
vt 0.753642 0.586100
vt 0.747468 0.602504
vt 0.740234 0.618470
vt 0.731971 0.633929
vt 0.722715 0.648813
vt 0.712505 0.663061
vt 0.701386 0.676610
vt 0.689404 0.689404
vt 0.676610 0.701386
vt 0.663061 0.712505
vt 0.648813 0.722715
vt 0.633929 0.731971
vt 0.618470 0.740234
vt 0.602504 0.747468
vt 0.586100 0.753642
vt 0.569327 0.758730
vt 0.552256 0.762710
vt 0.534962 0.765566
vt 0.517519 0.767284
vt 0.500000 0.767857
vt 0.482481 0.767284
vt 0.465038 0.765566
vt 0.447744 0.762710
vt 0.430673 0.758730
vt 0.413900 0.753642
vt 0.397496 0.747468
vt 0.381530 0.740234
vt 0.366071 0.731971
vt 0.351187 0.722715
vt 0.336939 0.712505
vt 0.323390 0.701386
vt 0.310596 0.689404
vt 0.298614 0.676610
vt 0.287495 0.663061
vt 0.277285 0.648813
vt 0.268029 0.633929
vt 0.259766 0.618470
vt 0.252532 0.602504
vt 0.246358 0.586100
vt 0.241270 0.569327
vt 0.237290 0.552256
vt 0.234434 0.534962
vt 0.232716 0.517519
vt 0.232143 0.500000
vt 0.232716 0.482481
vt 0.234434 0.465038
vt 0.237290 0.447744
vt 0.241270 0.430673
vt 0.246358 0.413900
vt 0.252532 0.397496
vt 0.259766 0.381530
vt 0.268029 0.366071
vt 0.277285 0.351187
vt 0.287495 0.336939
vt 0.298614 0.323390
vt 0.310596 0.310596
vt 0.323390 0.298614
vt 0.336939 0.287495
vt 0.351187 0.277285
vt 0.366071 0.268029
vt 0.381530 0.259766
vt 0.397496 0.252532
vt 0.413900 0.246358
vt 0.430673 0.241270
vt 0.447744 0.237290
vt 0.465038 0.234434
vt 0.482481 0.232716
vt 0.500000 0.232143
vt 0.517519 0.232716
vt 0.534962 0.234434
vt 0.552256 0.237290
vt 0.569327 0.241270
vt 0.586100 0.246358
vt 0.602504 0.252532
vt 0.618470 0.259766
vt 0.633929 0.268029
vt 0.648813 0.277285
vt 0.663061 0.287495
vt 0.676610 0.298614
vt 0.689404 0.310596
vt 0.701386 0.323390
vt 0.712505 0.336939
vt 0.722715 0.351187
vt 0.731971 0.366071
vt 0.740234 0.381530
vt 0.747468 0.397496
vt 0.753642 0.413900
vt 0.758730 0.430673
vt 0.762710 0.447744
vt 0.765566 0.465038
vt 0.767284 0.482481
vt 0.785714 0.500000
vt 0.785103 0.518687
vt 0.783270 0.537293
vt 0.780224 0.555740
vt 0.775979 0.573948
vt 0.770551 0.591840
vt 0.763966 0.609338
vt 0.756249 0.626368
vt 0.747436 0.642857
vt 0.737563 0.658734
vt 0.726672 0.673932
vt 0.714811 0.688385
vt 0.702031 0.702031
vt 0.688385 0.714811
vt 0.673932 0.726672
vt 0.658734 0.737563
vt 0.642857 0.747436
vt 0.626368 0.756249
vt 0.609338 0.763966
vt 0.591840 0.770551
vt 0.573948 0.775979
vt 0.555740 0.780224
vt 0.537293 0.783270
vt 0.518687 0.785103
vt 0.500000 0.785714
vt 0.481313 0.785103
vt 0.462707 0.783270
vt 0.444260 0.780224
vt 0.426052 0.775979
vt 0.408160 0.770551
vt 0.390662 0.763966
vt 0.373632 0.756249
vt 0.357143 0.747436
vt 0.341266 0.737563
vt 0.326068 0.726672
vt 0.311615 0.714811
vt 0.297969 0.702031
vt 0.285189 0.688385
vt 0.273328 0.673932
vt 0.262437 0.658734
vt 0.252564 0.642857
vt 0.243751 0.626368
vt 0.236034 0.609338
vt 0.229449 0.591840
vt 0.224021 0.573948
vt 0.219776 0.555740
vt 0.216730 0.537293
vt 0.214897 0.518687
vt 0.214286 0.500000
vt 0.214897 0.481313
vt 0.216730 0.462707
vt 0.219776 0.444260
vt 0.224021 0.426052
vt 0.229449 0.408160
vt 0.236034 0.390662
vt 0.243751 0.373632
vt 0.252564 0.357143
vt 0.262437 0.341266
vt 0.273328 0.326068
vt 0.285189 0.311615
vt 0.297969 0.297969
vt 0.311615 0.285189
vt 0.326068 0.273328
vt 0.341266 0.262437
vt 0.357143 0.252564
vt 0.373632 0.243751
vt 0.390662 0.236034
vt 0.408160 0.229449
vt 0.426052 0.224021
vt 0.444260 0.219776
vt 0.462707 0.216730
vt 0.481313 0.214897
vt 0.500000 0.214286
vt 0.518687 0.214897
vt 0.537293 0.216730
vt 0.555740 0.219776
vt 0.573948 0.224021
vt 0.591840 0.229449
vt 0.609338 0.236034
vt 0.626368 0.243751
vt 0.642857 0.252564
vt 0.658734 0.262437
vt 0.673932 0.273328
vt 0.688385 0.285189
vt 0.702031 0.297969
vt 0.714811 0.311615
vt 0.726672 0.326068
vt 0.737563 0.341266
vt 0.747436 0.357143
vt 0.756249 0.373632
vt 0.763966 0.390662
vt 0.770551 0.408160
vt 0.775979 0.426052
vt 0.780224 0.444260
vt 0.783270 0.462707
vt 0.785103 0.481313
vt 0.803571 0.500000
vt 0.802921 0.519855
vt 0.800974 0.539624
vt 0.797738 0.559224
vt 0.793227 0.578570
vt 0.787461 0.597580
vt 0.780463 0.616172
vt 0.772265 0.634266
vt 0.762901 0.651786
vt 0.752410 0.668655
vt 0.740839 0.684803
vt 0.728237 0.700159
vt 0.714657 0.714657
vt 0.700159 0.728237
vt 0.684803 0.740839
vt 0.668655 0.752410
vt 0.651786 0.762901
vt 0.634266 0.772265
vt 0.616172 0.780463
vt 0.597580 0.787461
vt 0.578570 0.793227
vt 0.559224 0.797738
vt 0.539624 0.800974
vt 0.519855 0.802921
vt 0.500000 0.803571
vt 0.480145 0.802921
vt 0.460376 0.800974
vt 0.440776 0.797738
vt 0.421430 0.793227
vt 0.402420 0.787461
vt 0.383828 0.780463
vt 0.365734 0.772265
vt 0.348214 0.762901
vt 0.331345 0.752410
vt 0.315197 0.740839
vt 0.299841 0.728237
vt 0.285343 0.714657
vt 0.271763 0.700159
vt 0.259161 0.684803
vt 0.247590 0.668655
vt 0.237099 0.651786
vt 0.227735 0.634266
vt 0.219537 0.616172
vt 0.212539 0.597580
vt 0.206773 0.578570
vt 0.202262 0.559224
vt 0.199026 0.539624
vt 0.197079 0.519855
vt 0.196429 0.500000
vt 0.197079 0.480145
vt 0.199026 0.460376
vt 0.202262 0.440776
vt 0.206773 0.421430
vt 0.212539 0.402420
vt 0.219537 0.383828
vt 0.227735 0.365734
vt 0.237099 0.348214
vt 0.247590 0.331345
vt 0.259161 0.315197
vt 0.271763 0.299841
vt 0.285343 0.285343
vt 0.299841 0.271763
vt 0.315197 0.259161
vt 0.331345 0.247590
vt 0.348214 0.237099
vt 0.365734 0.227735
vt 0.383828 0.219537
vt 0.402420 0.212539
vt 0.421430 0.206773
vt 0.440776 0.202262
vt 0.460376 0.199026
vt 0.480145 0.197079
vt 0.500000 0.196429
vt 0.519855 0.197079
vt 0.539624 0.199026
vt 0.559224 0.202262
vt 0.578570 0.206773
vt 0.597580 0.212539
vt 0.616172 0.219537
vt 0.634266 0.227735
vt 0.651786 0.237099
vt 0.668655 0.247590
vt 0.684803 0.259161
vt 0.700159 0.271763
vt 0.714657 0.285343
vt 0.728237 0.299841
vt 0.740839 0.315197
vt 0.752410 0.331345
vt 0.762901 0.348214
vt 0.772265 0.365734
vt 0.780463 0.383828
vt 0.787461 0.402420
vt 0.793227 0.421430
vt 0.797738 0.440776
vt 0.800974 0.460376
vt 0.802921 0.480145
vt 0.821429 0.500000
vt 0.820740 0.521022
vt 0.818679 0.541955
vt 0.815252 0.562708
vt 0.810476 0.583192
vt 0.804370 0.603320
vt 0.796961 0.623005
vt 0.788281 0.642164
vt 0.778365 0.660714
vt 0.767258 0.678576
vt 0.755006 0.695673
vt 0.741663 0.711933
vt 0.727284 0.727284
vt 0.711933 0.741663
vt 0.695673 0.755006
vt 0.678576 0.767258
vt 0.660714 0.778365
vt 0.642164 0.788281
vt 0.623005 0.796961
vt 0.603320 0.804370
vt 0.583192 0.810476
vt 0.562708 0.815252
vt 0.541955 0.818679
vt 0.521022 0.820740
vt 0.500000 0.821429
vt 0.478978 0.820740
vt 0.458045 0.818679
vt 0.437292 0.815252
vt 0.416808 0.810476
vt 0.396680 0.804370
vt 0.376995 0.796961
vt 0.357836 0.788281
vt 0.339286 0.778365
vt 0.321424 0.767258
vt 0.304327 0.755006
vt 0.288067 0.741663
vt 0.272716 0.727284
vt 0.258337 0.711933
vt 0.244994 0.695673
vt 0.232742 0.678576
vt 0.221635 0.660714
vt 0.211719 0.642164
vt 0.203039 0.623005
vt 0.195630 0.603320
vt 0.189524 0.583192
vt 0.184748 0.562708
vt 0.181321 0.541955
vt 0.179260 0.521022
vt 0.178571 0.500000
vt 0.179260 0.478978
vt 0.181321 0.458045
vt 0.184748 0.437292
vt 0.189524 0.416808
vt 0.195630 0.396680
vt 0.203039 0.376995
vt 0.211719 0.357836
vt 0.221635 0.339286
vt 0.232742 0.321424
vt 0.244994 0.304327
vt 0.258337 0.288067
vt 0.272716 0.272716
vt 0.288067 0.258337
vt 0.304327 0.244994
vt 0.321424 0.232742
vt 0.339286 0.221635
vt 0.357836 0.211719
vt 0.376995 0.203039
vt 0.396680 0.195630
vt 0.416808 0.189524
vt 0.437292 0.184748
vt 0.458045 0.181321
vt 0.478978 0.179260
vt 0.500000 0.178571
vt 0.521022 0.179260
vt 0.541955 0.181321
vt 0.562708 0.184748
vt 0.583192 0.189524
vt 0.603320 0.195630
vt 0.623005 0.203039
vt 0.642164 0.211719
vt 0.660714 0.221635
vt 0.678576 0.232742
vt 0.695673 0.244994
vt 0.711933 0.258337
vt 0.727284 0.272716
vt 0.741663 0.288067
vt 0.755006 0.304327
vt 0.767258 0.321424
vt 0.778365 0.339286
vt 0.788281 0.357836
vt 0.796961 0.376995
vt 0.804370 0.396680
vt 0.810476 0.416808
vt 0.815252 0.437292
vt 0.818679 0.458045
vt 0.820740 0.478978
vt 0.839286 0.500000
vt 0.838559 0.522190
vt 0.836383 0.544286
vt 0.832766 0.566191
vt 0.827725 0.587814
vt 0.821280 0.609060
vt 0.813459 0.629839
vt 0.804296 0.650062
vt 0.793830 0.669643
vt 0.782106 0.688497
vt 0.769173 0.706544
vt 0.755089 0.723707
vt 0.739911 0.739911
vt 0.723707 0.755089
vt 0.706544 0.769173
vt 0.688497 0.782106
vt 0.669643 0.793830
vt 0.650062 0.804296
vt 0.629839 0.813459
vt 0.609060 0.821280
vt 0.587814 0.827725
vt 0.566191 0.832766
vt 0.544286 0.836383
vt 0.522190 0.838559
vt 0.500000 0.839286
vt 0.477810 0.838559
vt 0.455714 0.836383
vt 0.433809 0.832766
vt 0.412186 0.827725
vt 0.390940 0.821280
vt 0.370161 0.813459
vt 0.349938 0.804296
vt 0.330357 0.793830
vt 0.311503 0.782106
vt 0.293456 0.769173
vt 0.276293 0.755089
vt 0.260089 0.739911
vt 0.244911 0.723707
vt 0.230827 0.706544
vt 0.217894 0.688497
vt 0.206170 0.669643
vt 0.195704 0.650062
vt 0.186541 0.629839
vt 0.178720 0.609060
vt 0.172275 0.587814
vt 0.167234 0.566191
vt 0.163617 0.544286
vt 0.161441 0.522190
vt 0.160714 0.500000
vt 0.161441 0.477810
vt 0.163617 0.455714
vt 0.167234 0.433809
vt 0.172275 0.412186
vt 0.178720 0.390940
vt 0.186541 0.370161
vt 0.195704 0.349938
vt 0.206170 0.330357
vt 0.217894 0.311503
vt 0.230827 0.293456
vt 0.244911 0.276293
vt 0.260089 0.260089
vt 0.276293 0.244911
vt 0.293456 0.230827
vt 0.311503 0.217894
vt 0.330357 0.206170
vt 0.349938 0.195704
vt 0.370161 0.186541
vt 0.390940 0.178720
vt 0.412186 0.172275
vt 0.433809 0.167234
vt 0.455714 0.163617
vt 0.477810 0.161441
vt 0.500000 0.160714
vt 0.522190 0.161441
vt 0.544286 0.163617
vt 0.566191 0.167234
vt 0.587814 0.172275
vt 0.609060 0.178720
vt 0.629839 0.186541
vt 0.650062 0.195704
vt 0.669643 0.206170
vt 0.688497 0.217894
vt 0.706544 0.230827
vt 0.723707 0.244911
vt 0.739911 0.260089
vt 0.755089 0.276293
vt 0.769173 0.293456
vt 0.782106 0.311503
vt 0.793830 0.330357
vt 0.804296 0.349938
vt 0.813459 0.370161
vt 0.821280 0.390940
vt 0.827725 0.412186
vt 0.832766 0.433809
vt 0.836383 0.455714
vt 0.838559 0.477810
vt 0.857143 0.500000
vt 0.856378 0.523358
vt 0.854087 0.546616
vt 0.850280 0.569675
vt 0.844974 0.592435
vt 0.838189 0.614800
vt 0.829957 0.636673
vt 0.820312 0.657960
vt 0.809295 0.678571
vt 0.796953 0.698418
vt 0.783340 0.717415
vt 0.768514 0.735481
vt 0.752538 0.752538
vt 0.735481 0.768514
vt 0.717415 0.783340
vt 0.698418 0.796953
vt 0.678571 0.809295
vt 0.657960 0.820312
vt 0.636673 0.829957
vt 0.614800 0.838189
vt 0.592435 0.844974
vt 0.569675 0.850280
vt 0.546616 0.854087
vt 0.523358 0.856378
vt 0.500000 0.857143
vt 0.476642 0.856378
vt 0.453384 0.854087
vt 0.430325 0.850280
vt 0.407565 0.844974
vt 0.385200 0.838189
vt 0.363327 0.829957
vt 0.342040 0.820312
vt 0.321429 0.809295
vt 0.301582 0.796953
vt 0.282585 0.783340
vt 0.264519 0.768514
vt 0.247462 0.752538
vt 0.231486 0.735481
vt 0.216660 0.717415
vt 0.203047 0.698418
vt 0.190705 0.678571
vt 0.179688 0.657960
vt 0.170043 0.636673
vt 0.161811 0.614800
vt 0.155026 0.592435
vt 0.149720 0.569675
vt 0.145913 0.546616
vt 0.143622 0.523358
vt 0.142857 0.500000
vt 0.143622 0.476642
vt 0.145913 0.453384
vt 0.149720 0.430325
vt 0.155026 0.407565
vt 0.161811 0.385200
vt 0.170043 0.363327
vt 0.179688 0.342040
vt 0.190705 0.321429
vt 0.203047 0.301582
vt 0.216660 0.282585
vt 0.231486 0.264519
vt 0.247462 0.247462
vt 0.264519 0.231486
vt 0.282585 0.216660
vt 0.301582 0.203047
vt 0.321429 0.190705
vt 0.342040 0.179688
vt 0.363327 0.170043
vt 0.385200 0.161811
vt 0.407565 0.155026
vt 0.430325 0.149720
vt 0.453384 0.145913
vt 0.476642 0.143622
vt 0.500000 0.142857
vt 0.523358 0.143622
vt 0.546616 0.145913
vt 0.569675 0.149720
vt 0.592435 0.155026
vt 0.614800 0.161811
vt 0.636673 0.170043
vt 0.657960 0.179688
vt 0.678571 0.190705
vt 0.698418 0.203047
vt 0.717415 0.216660
vt 0.735481 0.231486
vt 0.752538 0.247462
vt 0.768514 0.264519
vt 0.783340 0.282585
vt 0.796953 0.301582
vt 0.809295 0.321429
vt 0.820312 0.342040
vt 0.829957 0.363327
vt 0.838189 0.385200
vt 0.844974 0.407565
vt 0.850280 0.430325
vt 0.854087 0.453384
vt 0.856378 0.476642
vt 0.875000 0.500000
vt 0.874197 0.524526
vt 0.871792 0.548947
vt 0.867794 0.573159
vt 0.862222 0.597057
vt 0.855099 0.620540
vt 0.846455 0.643506
vt 0.836327 0.665858
vt 0.824760 0.687500
vt 0.811801 0.708339
vt 0.797508 0.728286
vt 0.781940 0.747255
vt 0.765165 0.765165
vt 0.747255 0.781940
vt 0.728286 0.797508
vt 0.708339 0.811801
vt 0.687500 0.824760
vt 0.665858 0.836327
vt 0.643506 0.846455
vt 0.620540 0.855099
vt 0.597057 0.862222
vt 0.573159 0.867794
vt 0.548947 0.871792
vt 0.524526 0.874197
vt 0.500000 0.875000
vt 0.475474 0.874197
vt 0.451053 0.871792
vt 0.426841 0.867794
vt 0.402943 0.862222
vt 0.379460 0.855099
vt 0.356494 0.846455
vt 0.334142 0.836327
vt 0.312500 0.824760
vt 0.291661 0.811801
vt 0.271714 0.797508
vt 0.252745 0.781940
vt 0.234835 0.765165
vt 0.218060 0.747255
vt 0.202492 0.728286
vt 0.188199 0.708339
vt 0.175240 0.687500
vt 0.163673 0.665858
vt 0.153545 0.643506
vt 0.144901 0.620540
vt 0.137778 0.597057
vt 0.132206 0.573159
vt 0.128208 0.548947
vt 0.125803 0.524526
vt 0.125000 0.500000
vt 0.125803 0.475474
vt 0.128208 0.451053
vt 0.132206 0.426841
vt 0.137778 0.402943
vt 0.144901 0.379460
vt 0.153545 0.356494
vt 0.163673 0.334142
vt 0.175240 0.312500
vt 0.188199 0.291661
vt 0.202492 0.271714
vt 0.218060 0.252745
vt 0.234835 0.234835
vt 0.252745 0.218060
vt 0.271714 0.202492
vt 0.291661 0.188199
vt 0.312500 0.175240
vt 0.334142 0.163673
vt 0.356494 0.153545
vt 0.379460 0.144901
vt 0.402943 0.137778
vt 0.426841 0.132206
vt 0.451053 0.128208
vt 0.475474 0.125803
vt 0.500000 0.125000
vt 0.524526 0.125803
vt 0.548947 0.128208
vt 0.573159 0.132206
vt 0.597057 0.137778
vt 0.620540 0.144901
vt 0.643506 0.153545
vt 0.665858 0.163673
vt 0.687500 0.175240
vt 0.708339 0.188199
vt 0.728286 0.202492
vt 0.747255 0.218060
vt 0.765165 0.234835
vt 0.781940 0.252745
vt 0.797508 0.271714
vt 0.811801 0.291661
vt 0.824760 0.312500
vt 0.836327 0.334142
vt 0.846455 0.356494
vt 0.855099 0.379460
vt 0.862222 0.402943
vt 0.867794 0.426841
vt 0.871792 0.451053
vt 0.874197 0.475474
vt 0.892857 0.500000
vt 0.892016 0.525694
vt 0.889496 0.551278
vt 0.885309 0.576643
vt 0.879471 0.601679
vt 0.872008 0.626280
vt 0.862953 0.650340
vt 0.852343 0.673756
vt 0.840224 0.696429
vt 0.826649 0.718260
vt 0.811675 0.739156
vt 0.795366 0.759029
vt 0.777792 0.777792
vt 0.759029 0.795366
vt 0.739156 0.811675
vt 0.718260 0.826649
vt 0.696429 0.840224
vt 0.673756 0.852343
vt 0.650340 0.862953
vt 0.626280 0.872008
vt 0.601679 0.879471
vt 0.576643 0.885309
vt 0.551278 0.889496
vt 0.525694 0.892016
vt 0.500000 0.892857
vt 0.474306 0.892016
vt 0.448722 0.889496
vt 0.423357 0.885309
vt 0.398321 0.879471
vt 0.373720 0.872008
vt 0.349660 0.862953
vt 0.326244 0.852343
vt 0.303571 0.840224
vt 0.281740 0.826649
vt 0.260844 0.811675
vt 0.240971 0.795366
vt 0.222208 0.777792
vt 0.204634 0.759029
vt 0.188325 0.739156
vt 0.173351 0.718260
vt 0.159776 0.696429
vt 0.147657 0.673756
vt 0.137047 0.650340
vt 0.127992 0.626280
vt 0.120529 0.601679
vt 0.114691 0.576643
vt 0.110504 0.551278
vt 0.107984 0.525694
vt 0.107143 0.500000
vt 0.107984 0.474306
vt 0.110504 0.448722
vt 0.114691 0.423357
vt 0.120529 0.398321
vt 0.127992 0.373720
vt 0.137047 0.349660
vt 0.147657 0.326244
vt 0.159776 0.303571
vt 0.173351 0.281740
vt 0.188325 0.260844
vt 0.204634 0.240971
vt 0.222208 0.222208
vt 0.240971 0.204634
vt 0.260844 0.188325
vt 0.281740 0.173351
vt 0.303571 0.159776
vt 0.326244 0.147657
vt 0.349660 0.137047
vt 0.373720 0.127992
vt 0.398321 0.120529
vt 0.423357 0.114691
vt 0.448722 0.110504
vt 0.474306 0.107984
vt 0.500000 0.107143
vt 0.525694 0.107984
vt 0.551278 0.110504
vt 0.576643 0.114691
vt 0.601679 0.120529
vt 0.626280 0.127992
vt 0.650340 0.137047
vt 0.673756 0.147657
vt 0.696429 0.159776
vt 0.718260 0.173351
vt 0.739156 0.188325
vt 0.759029 0.204634
vt 0.777792 0.222208
vt 0.795366 0.240971
vt 0.811675 0.260844
vt 0.826649 0.281740
vt 0.840224 0.303571
vt 0.852343 0.326244
vt 0.862953 0.349660
vt 0.872008 0.373720
vt 0.879471 0.398321
vt 0.885309 0.423357
vt 0.889496 0.448722
vt 0.892016 0.474306
vt 0.910714 0.500000
vt 0.909835 0.526862
vt 0.907201 0.553609
vt 0.902823 0.580126
vt 0.896720 0.606301
vt 0.888918 0.632020
vt 0.879451 0.657174
vt 0.868358 0.681654
vt 0.855689 0.705357
vt 0.841496 0.728181
vt 0.825842 0.750027
vt 0.808791 0.770803
vt 0.790419 0.790419
vt 0.770803 0.808791
vt 0.750027 0.825842
vt 0.728181 0.841496
vt 0.705357 0.855689
vt 0.681654 0.868358
vt 0.657174 0.879451
vt 0.632020 0.888918
vt 0.606301 0.896720
vt 0.580126 0.902823
vt 0.553609 0.907201
vt 0.526862 0.909835
vt 0.500000 0.910714
vt 0.473138 0.909835
vt 0.446391 0.907201
vt 0.419874 0.902823
vt 0.393699 0.896720
vt 0.367980 0.888918
vt 0.342826 0.879451
vt 0.318346 0.868358
vt 0.294643 0.855689
vt 0.271819 0.841496
vt 0.249973 0.825842
vt 0.229197 0.808791
vt 0.209581 0.790419
vt 0.191209 0.770803
vt 0.174158 0.750027
vt 0.158504 0.728181
vt 0.144311 0.705357
vt 0.131642 0.681654
vt 0.120549 0.657174
vt 0.111082 0.632020
vt 0.103280 0.606301
vt 0.097177 0.580126
vt 0.092799 0.553609
vt 0.090165 0.526862
vt 0.089286 0.500000
vt 0.090165 0.473138
vt 0.092799 0.446391
vt 0.097177 0.419874
vt 0.103280 0.393699
vt 0.111082 0.367980
vt 0.120549 0.342826
vt 0.131642 0.318346
vt 0.144311 0.294643
vt 0.158504 0.271819
vt 0.174158 0.249973
vt 0.191209 0.229197
vt 0.209581 0.209581
vt 0.229197 0.191209
vt 0.249973 0.174158
vt 0.271819 0.158504
vt 0.294643 0.144311
vt 0.318346 0.131642
vt 0.342826 0.120549
vt 0.367980 0.111082
vt 0.393699 0.103280
vt 0.419874 0.097177
vt 0.446391 0.092799
vt 0.473138 0.090165
vt 0.500000 0.089286
vt 0.526862 0.090165
vt 0.553609 0.092799
vt 0.580126 0.097177
vt 0.606301 0.103280
vt 0.632020 0.111082
vt 0.657174 0.120549
vt 0.681654 0.131642
vt 0.705357 0.144311
vt 0.728181 0.158504
vt 0.750027 0.174158
vt 0.770803 0.191209
vt 0.790419 0.209581
vt 0.808791 0.229197
vt 0.825842 0.249973
vt 0.841496 0.271819
vt 0.855689 0.294643
vt 0.868358 0.318346
vt 0.879451 0.342826
vt 0.888918 0.367980
vt 0.896720 0.393699
vt 0.902823 0.419874
vt 0.907201 0.446391
vt 0.909835 0.473138
vt 0.928571 0.500000
vt 0.927654 0.528030
vt 0.924905 0.555940
vt 0.920337 0.583610
vt 0.913968 0.610922
vt 0.905827 0.637760
vt 0.895948 0.664007
vt 0.884374 0.689552
vt 0.871154 0.714286
vt 0.856344 0.738102
vt 0.840009 0.760898
vt 0.822217 0.782577
vt 0.803046 0.803046
vt 0.782577 0.822217
vt 0.760898 0.840009
vt 0.738102 0.856344
vt 0.714286 0.871154
vt 0.689552 0.884374
vt 0.664007 0.895948
vt 0.637760 0.905827
vt 0.610922 0.913968
vt 0.583610 0.920337
vt 0.555940 0.924905
vt 0.528030 0.927654
vt 0.500000 0.928571
vt 0.471970 0.927654
vt 0.444060 0.924905
vt 0.416390 0.920337
vt 0.389078 0.913968
vt 0.362240 0.905827
vt 0.335993 0.895948
vt 0.310448 0.884374
vt 0.285714 0.871154
vt 0.261898 0.856344
vt 0.239102 0.840009
vt 0.217423 0.822217
vt 0.196954 0.803046
vt 0.177783 0.782577
vt 0.159991 0.760898
vt 0.143656 0.738102
vt 0.128846 0.714286
vt 0.115626 0.689552
vt 0.104052 0.664007
vt 0.094173 0.637760
vt 0.086032 0.610922
vt 0.079663 0.583610
vt 0.075095 0.555940
vt 0.072346 0.528030
vt 0.071429 0.500000
vt 0.072346 0.471970
vt 0.075095 0.444060
vt 0.079663 0.416390
vt 0.086032 0.389078
vt 0.094173 0.362240
vt 0.104052 0.335993
vt 0.115626 0.310448
vt 0.128846 0.285714
vt 0.143656 0.261898
vt 0.159991 0.239102
vt 0.177783 0.217423
vt 0.196954 0.196954
vt 0.217423 0.177783
vt 0.239102 0.159991
vt 0.261898 0.143656
vt 0.285714 0.128846
vt 0.310448 0.115626
vt 0.335993 0.104052
vt 0.362240 0.094173
vt 0.389078 0.086032
vt 0.416390 0.079663
vt 0.444060 0.075095
vt 0.471970 0.072346
vt 0.500000 0.071429
vt 0.528030 0.072346
vt 0.555940 0.075095
vt 0.583610 0.079663
vt 0.610922 0.086032
vt 0.637760 0.094173
vt 0.664007 0.104052
vt 0.689552 0.115626
vt 0.714286 0.128846
vt 0.738102 0.143656
vt 0.760898 0.159991
vt 0.782577 0.177783
vt 0.803046 0.196954
vt 0.822217 0.217423
vt 0.840009 0.239102
vt 0.856344 0.261898
vt 0.871154 0.285714
vt 0.884374 0.310448
vt 0.895948 0.335993
vt 0.905827 0.362240
vt 0.913968 0.389078
vt 0.920337 0.416390
vt 0.924905 0.444060
vt 0.927654 0.471970
vt 0.946429 0.500000
vt 0.945473 0.529198
vt 0.942609 0.558271
vt 0.937851 0.587094
vt 0.931217 0.615544
vt 0.922737 0.643500
vt 0.912446 0.670841
vt 0.900390 0.697450
vt 0.886618 0.723214
vt 0.871192 0.748022
vt 0.854176 0.771768
vt 0.835643 0.794351
vt 0.815673 0.815673
vt 0.794351 0.835643
vt 0.771768 0.854176
vt 0.748022 0.871192
vt 0.723214 0.886618
vt 0.697450 0.900390
vt 0.670841 0.912446
vt 0.643500 0.922737
vt 0.615544 0.931217
vt 0.587094 0.937851
vt 0.558271 0.942609
vt 0.529198 0.945473
vt 0.500000 0.946429
vt 0.470802 0.945473
vt 0.441729 0.942609
vt 0.412906 0.937851
vt 0.384456 0.931217
vt 0.356500 0.922737
vt 0.329159 0.912446
vt 0.302550 0.900390
vt 0.276786 0.886618
vt 0.251978 0.871192
vt 0.228232 0.854176
vt 0.205649 0.835643
vt 0.184327 0.815673
vt 0.164357 0.794351
vt 0.145824 0.771768
vt 0.128808 0.748022
vt 0.113382 0.723214
vt 0.099610 0.697450
vt 0.087554 0.670841
vt 0.077263 0.643500
vt 0.068783 0.615544
vt 0.062149 0.587094
vt 0.057391 0.558271
vt 0.054527 0.529198
vt 0.053571 0.500000
vt 0.054527 0.470802
vt 0.057391 0.441729
vt 0.062149 0.412906
vt 0.068783 0.384456
vt 0.077263 0.356500
vt 0.087554 0.329159
vt 0.099610 0.302550
vt 0.113382 0.276786
vt 0.128808 0.251978
vt 0.145824 0.228232
vt 0.164357 0.205649
vt 0.184327 0.184327
vt 0.205649 0.164357
vt 0.228232 0.145824
vt 0.251978 0.128808
vt 0.276786 0.113382
vt 0.302550 0.099610
vt 0.329159 0.087554
vt 0.356500 0.077263
vt 0.384456 0.068783
vt 0.412906 0.062149
vt 0.441729 0.057391
vt 0.470802 0.054527
vt 0.500000 0.053571
vt 0.529198 0.054527
vt 0.558271 0.057391
vt 0.587094 0.062149
vt 0.615544 0.068783
vt 0.643500 0.077263
vt 0.670841 0.087554
vt 0.697450 0.099610
vt 0.723214 0.113382
vt 0.748022 0.128808
vt 0.771768 0.145824
vt 0.794351 0.164357
vt 0.815673 0.184327
vt 0.835643 0.205649
vt 0.854176 0.228232
vt 0.871192 0.251978
vt 0.886618 0.276786
vt 0.900390 0.302550
vt 0.912446 0.329159
vt 0.922737 0.356500
vt 0.931217 0.384456
vt 0.937851 0.412906
vt 0.942609 0.441729
vt 0.945473 0.470802
vt 0.964286 0.500000
vt 0.963292 0.530366
vt 0.960314 0.560601
vt 0.955365 0.590578
vt 0.948466 0.620166
vt 0.939646 0.649240
vt 0.928944 0.677674
vt 0.916405 0.705348
vt 0.902083 0.732143
vt 0.886039 0.757943
vt 0.868343 0.782639
vt 0.849068 0.806125
vt 0.828300 0.828300
vt 0.806125 0.849068
vt 0.782639 0.868343
vt 0.757943 0.886039
vt 0.732143 0.902083
vt 0.705348 0.916405
vt 0.677674 0.928944
vt 0.649240 0.939646
vt 0.620166 0.948466
vt 0.590578 0.955365
vt 0.560601 0.960314
vt 0.530366 0.963292
vt 0.500000 0.964286
vt 0.469634 0.963292
vt 0.439399 0.960314
vt 0.409422 0.955365
vt 0.379834 0.948466
vt 0.350760 0.939646
vt 0.322326 0.928944
vt 0.294652 0.916405
vt 0.267857 0.902083
vt 0.242057 0.886039
vt 0.217361 0.868343
vt 0.193875 0.849068
vt 0.171700 0.828300
vt 0.150932 0.806125
vt 0.131657 0.782639
vt 0.113961 0.757943
vt 0.097917 0.732143
vt 0.083595 0.705348
vt 0.071056 0.677674
vt 0.060354 0.649240
vt 0.051534 0.620166
vt 0.044635 0.590578
vt 0.039686 0.560601
vt 0.036708 0.530366
vt 0.035714 0.500000
vt 0.036708 0.469634
vt 0.039686 0.439399
vt 0.044635 0.409422
vt 0.051534 0.379834
vt 0.060354 0.350760
vt 0.071056 0.322326
vt 0.083595 0.294652
vt 0.097917 0.267857
vt 0.113961 0.242057
vt 0.131657 0.217361
vt 0.150932 0.193875
vt 0.171700 0.171700
vt 0.193875 0.150932
vt 0.217361 0.131657
vt 0.242057 0.113961
vt 0.267857 0.097917
vt 0.294652 0.083595
vt 0.322326 0.071056
vt 0.350760 0.060354
vt 0.379834 0.051534
vt 0.409422 0.044635
vt 0.439399 0.039686
vt 0.469634 0.036708
vt 0.500000 0.035714
vt 0.530366 0.036708
vt 0.560601 0.039686
vt 0.590578 0.044635
vt 0.620166 0.051534
vt 0.649240 0.060354
vt 0.677674 0.071056
vt 0.705348 0.083595
vt 0.732143 0.097917
vt 0.757943 0.113961
vt 0.782639 0.131657
vt 0.806125 0.150932
vt 0.828300 0.171700
vt 0.849068 0.193875
vt 0.868343 0.217361
vt 0.886039 0.242057
vt 0.902083 0.267857
vt 0.916405 0.294652
vt 0.928944 0.322326
vt 0.939646 0.350760
vt 0.948466 0.379834
vt 0.955365 0.409422
vt 0.960314 0.439399
vt 0.963292 0.469634
vt 0.982143 0.500000
vt 0.981111 0.531534
vt 0.978018 0.562932
vt 0.972879 0.594061
vt 0.965714 0.624788
vt 0.956556 0.654980
vt 0.945442 0.684508
vt 0.932421 0.713246
vt 0.917548 0.741071
vt 0.900887 0.767864
vt 0.882510 0.793510
vt 0.862494 0.817899
vt 0.840926 0.840926
vt 0.817899 0.862494
vt 0.793510 0.882510
vt 0.767864 0.900887
vt 0.741071 0.917548
vt 0.713246 0.932421
vt 0.684508 0.945442
vt 0.654980 0.956556
vt 0.624788 0.965714
vt 0.594061 0.972879
vt 0.562932 0.978018
vt 0.531534 0.981111
vt 0.500000 0.982143
vt 0.468466 0.981111
vt 0.437068 0.978018
vt 0.405939 0.972879
vt 0.375212 0.965714
vt 0.345020 0.956556
vt 0.315492 0.945442
vt 0.286754 0.932421
vt 0.258929 0.917548
vt 0.232136 0.900887
vt 0.206490 0.882510
vt 0.182101 0.862494
vt 0.159074 0.840926
vt 0.137506 0.817899
vt 0.117490 0.793510
vt 0.099113 0.767864
vt 0.082452 0.741071
vt 0.067579 0.713246
vt 0.054558 0.684508
vt 0.043444 0.654980
vt 0.034286 0.624788
vt 0.027121 0.594061
vt 0.021982 0.562932
vt 0.018889 0.531534
vt 0.017857 0.500000
vt 0.018889 0.468466
vt 0.021982 0.437068
vt 0.027121 0.405939
vt 0.034286 0.375212
vt 0.043444 0.345020
vt 0.054558 0.315492
vt 0.067579 0.286754
vt 0.082452 0.258929
vt 0.099113 0.232136
vt 0.117490 0.206490
vt 0.137506 0.182101
vt 0.159074 0.159074
vt 0.182101 0.137506
vt 0.206490 0.117490
vt 0.232136 0.099113
vt 0.258929 0.082452
vt 0.286754 0.067579
vt 0.315492 0.054558
vt 0.345020 0.043444
vt 0.375212 0.034286
vt 0.405939 0.027121
vt 0.437068 0.021982
vt 0.468466 0.018889
vt 0.500000 0.017857
vt 0.531534 0.018889
vt 0.562932 0.021982
vt 0.594061 0.027121
vt 0.624788 0.034286
vt 0.654980 0.043444
vt 0.684508 0.054558
vt 0.713246 0.067579
vt 0.741071 0.082452
vt 0.767864 0.099113
vt 0.793510 0.117490
vt 0.817899 0.137506
vt 0.840926 0.159074
vt 0.862494 0.182101
vt 0.882510 0.206490
vt 0.900887 0.232136
vt 0.917548 0.258929
vt 0.932421 0.286754
vt 0.945442 0.315492
vt 0.956556 0.345020
vt 0.965714 0.375212
vt 0.972879 0.405939
vt 0.978018 0.437068
vt 0.981111 0.468466
vt 1.000000 0.500000
vt 0.998929 0.532702
vt 0.995722 0.565263
vt 0.990393 0.597545
vt 0.982963 0.629410
vt 0.973465 0.660720
vt 0.961940 0.691342
vt 0.948436 0.721144
vt 0.933013 0.750000
vt 0.915735 0.777785
vt 0.896677 0.804381
vt 0.875920 0.829673
vt 0.853553 0.853553
vt 0.829673 0.875920
vt 0.804381 0.896677
vt 0.777785 0.915735
vt 0.750000 0.933013
vt 0.721144 0.948436
vt 0.691342 0.961940
vt 0.660720 0.973465
vt 0.629410 0.982963
vt 0.597545 0.990393
vt 0.565263 0.995722
vt 0.532702 0.998929
vt 0.500000 1.000000
vt 0.467298 0.998929
vt 0.434737 0.995722
vt 0.402455 0.990393
vt 0.370590 0.982963
vt 0.339280 0.973465
vt 0.308658 0.961940
vt 0.278856 0.948436
vt 0.250000 0.933013
vt 0.222215 0.915735
vt 0.195619 0.896677
vt 0.170327 0.875920
vt 0.146447 0.853553
vt 0.124080 0.829673
vt 0.103323 0.804381
vt 0.084265 0.777785
vt 0.066987 0.750000
vt 0.051564 0.721144
vt 0.038060 0.691342
vt 0.026535 0.660720
vt 0.017037 0.629410
vt 0.009607 0.597545
vt 0.004278 0.565263
vt 0.001071 0.532702
vt 0.000000 0.500000
vt 0.001071 0.467298
vt 0.004278 0.434737
vt 0.009607 0.402455
vt 0.017037 0.370590
vt 0.026535 0.339280
vt 0.038060 0.308658
vt 0.051564 0.278856
vt 0.066987 0.250000
vt 0.084265 0.222215
vt 0.103323 0.195619
vt 0.124080 0.170327
vt 0.146447 0.146447
vt 0.170327 0.124080
vt 0.195619 0.103323
vt 0.222215 0.084265
vt 0.250000 0.066987
vt 0.278856 0.051564
vt 0.308658 0.038060
vt 0.339280 0.026535
vt 0.370590 0.017037
vt 0.402455 0.009607
vt 0.434737 0.004278
vt 0.467298 0.001071
vt 0.500000 0.000000
vt 0.532702 0.001071
vt 0.565263 0.004278
vt 0.597545 0.009607
vt 0.629410 0.017037
vt 0.660720 0.026535
vt 0.691342 0.038060
vt 0.721144 0.051564
vt 0.750000 0.066987
vt 0.777785 0.084265
vt 0.804381 0.103323
vt 0.829673 0.124080
vt 0.853553 0.146447
vt 0.875920 0.170327
vt 0.896677 0.195619
vt 0.915735 0.222215
vt 0.933013 0.250000
vt 0.948436 0.278856
vt 0.961940 0.308658
vt 0.973465 0.339280
vt 0.982963 0.370590
vt 0.990393 0.402455
vt 0.995722 0.434737
vt 0.998929 0.467298
vt 0.000000 0.000000
vt 0.010417 0.000000
vt 0.020833 0.000000
vt 0.031250 0.000000
vt 0.041667 0.000000
vt 0.052083 0.000000
vt 0.062500 0.000000
vt 0.072917 0.000000
vt 0.083333 0.000000
vt 0.093750 0.000000
vt 0.104167 0.000000
vt 0.114583 0.000000
vt 0.125000 0.000000
vt 0.135417 0.000000
vt 0.145833 0.000000
vt 0.156250 0.000000
vt 0.166667 0.000000
vt 0.177083 0.000000
vt 0.187500 0.000000
vt 0.197917 0.000000
vt 0.208333 0.000000
vt 0.218750 0.000000
vt 0.229167 0.000000
vt 0.239583 0.000000
vt 0.250000 0.000000
vt 0.260417 0.000000
vt 0.270833 0.000000
vt 0.281250 0.000000
vt 0.291667 0.000000
vt 0.302083 0.000000
vt 0.312500 0.000000
vt 0.322917 0.000000
vt 0.333333 0.000000
vt 0.343750 0.000000
vt 0.354167 0.000000
vt 0.364583 0.000000
vt 0.375000 0.000000
vt 0.385417 0.000000
vt 0.395833 0.000000
vt 0.406250 0.000000
vt 0.416667 0.000000
vt 0.427083 0.000000
vt 0.437500 0.000000
vt 0.447917 0.000000
vt 0.458333 0.000000
vt 0.468750 0.000000
vt 0.479167 0.000000
vt 0.489583 0.000000
vt 0.500000 0.000000
vt 0.510417 0.000000
vt 0.520833 0.000000
vt 0.531250 0.000000
vt 0.541667 0.000000
vt 0.552083 0.000000
vt 0.562500 0.000000
vt 0.572917 0.000000
vt 0.583333 0.000000
vt 0.593750 0.000000
vt 0.604167 0.000000
vt 0.614583 0.000000
vt 0.625000 0.000000
vt 0.635417 0.000000
vt 0.645833 0.000000
vt 0.656250 0.000000
vt 0.666667 0.000000
vt 0.677083 0.000000
vt 0.687500 0.000000
vt 0.697917 0.000000
vt 0.708333 0.000000
vt 0.718750 0.000000
vt 0.729167 0.000000
vt 0.739583 0.000000
vt 0.750000 0.000000
vt 0.760417 0.000000
vt 0.770833 0.000000
vt 0.781250 0.000000
vt 0.791667 0.000000
vt 0.802083 0.000000
vt 0.812500 0.000000
vt 0.822917 0.000000
vt 0.833333 0.000000
vt 0.843750 0.000000
vt 0.854167 0.000000
vt 0.864583 0.000000
vt 0.875000 0.000000
vt 0.885417 0.000000
vt 0.895833 0.000000
vt 0.906250 0.000000
vt 0.916667 0.000000
vt 0.927083 0.000000
vt 0.937500 0.000000
vt 0.947917 0.000000
vt 0.958333 0.000000
vt 0.968750 0.000000
vt 0.979167 0.000000
vt 0.989583 0.000000
vt 1.000000 0.000000
vt 0.000000 0.450000
vt 0.010417 0.450000
vt 0.020833 0.450000
vt 0.031250 0.450000
vt 0.041667 0.450000
vt 0.052083 0.450000
vt 0.062500 0.450000
vt 0.072917 0.450000
vt 0.083333 0.450000
vt 0.093750 0.450000
vt 0.104167 0.450000
vt 0.114583 0.450000
vt 0.125000 0.450000
vt 0.135417 0.450000
vt 0.145833 0.450000
vt 0.156250 0.450000
vt 0.166667 0.450000
vt 0.177083 0.450000
vt 0.187500 0.450000
vt 0.197917 0.450000
vt 0.208333 0.450000
vt 0.218750 0.450000
vt 0.229167 0.450000
vt 0.239583 0.450000
vt 0.250000 0.450000
vt 0.260417 0.450000
vt 0.270833 0.450000
vt 0.281250 0.450000
vt 0.291667 0.450000
vt 0.302083 0.450000
vt 0.312500 0.450000
vt 0.322917 0.450000
vt 0.333333 0.450000
vt 0.343750 0.450000
vt 0.354167 0.450000
vt 0.364583 0.450000
vt 0.375000 0.450000
vt 0.385417 0.450000
vt 0.395833 0.450000
vt 0.406250 0.450000
vt 0.416667 0.450000
vt 0.427083 0.450000
vt 0.437500 0.450000
vt 0.447917 0.450000
vt 0.458333 0.450000
vt 0.468750 0.450000
vt 0.479167 0.450000
vt 0.489583 0.450000
vt 0.500000 0.450000
vt 0.510417 0.450000
vt 0.520833 0.450000
vt 0.531250 0.450000
vt 0.541667 0.450000
vt 0.552083 0.450000
vt 0.562500 0.450000
vt 0.572917 0.450000
vt 0.583333 0.450000
vt 0.593750 0.450000
vt 0.604167 0.450000
vt 0.614583 0.450000
vt 0.625000 0.450000
vt 0.635417 0.450000
vt 0.645833 0.450000
vt 0.656250 0.450000
vt 0.666667 0.450000
vt 0.677083 0.450000
vt 0.687500 0.450000
vt 0.697917 0.450000
vt 0.708333 0.450000
vt 0.718750 0.450000
vt 0.729167 0.450000
vt 0.739583 0.450000
vt 0.750000 0.450000
vt 0.760417 0.450000
vt 0.770833 0.450000
vt 0.781250 0.450000
vt 0.791667 0.450000
vt 0.802083 0.450000
vt 0.812500 0.450000
vt 0.822917 0.450000
vt 0.833333 0.450000
vt 0.843750 0.450000
vt 0.854167 0.450000
vt 0.864583 0.450000
vt 0.875000 0.450000
vt 0.885417 0.450000
vt 0.895833 0.450000
vt 0.906250 0.450000
vt 0.916667 0.450000
vt 0.927083 0.450000
vt 0.937500 0.450000
vt 0.947917 0.450000
vt 0.958333 0.450000
vt 0.968750 0.450000
vt 0.979167 0.450000
vt 0.989583 0.450000
vt 1.000000 0.450000
vt 0.000000 0.800000
vt 0.010417 0.800000
vt 0.020833 0.800000
vt 0.031250 0.800000
vt 0.041667 0.800000
vt 0.052083 0.800000
vt 0.062500 0.800000
vt 0.072917 0.800000
vt 0.083333 0.800000
vt 0.093750 0.800000
vt 0.104167 0.800000
vt 0.114583 0.800000
vt 0.125000 0.800000
vt 0.135417 0.800000
vt 0.145833 0.800000
vt 0.156250 0.800000
vt 0.166667 0.800000
vt 0.177083 0.800000
vt 0.187500 0.800000
vt 0.197917 0.800000
vt 0.208333 0.800000
vt 0.218750 0.800000
vt 0.229167 0.800000
vt 0.239583 0.800000
vt 0.250000 0.800000
vt 0.260417 0.800000
vt 0.270833 0.800000
vt 0.281250 0.800000
vt 0.291667 0.800000
vt 0.302083 0.800000
vt 0.312500 0.800000
vt 0.322917 0.800000
vt 0.333333 0.800000
vt 0.343750 0.800000
vt 0.354167 0.800000
vt 0.364583 0.800000
vt 0.375000 0.800000
vt 0.385417 0.800000
vt 0.395833 0.800000
vt 0.406250 0.800000
vt 0.416667 0.800000
vt 0.427083 0.800000
vt 0.437500 0.800000
vt 0.447917 0.800000
vt 0.458333 0.800000
vt 0.468750 0.800000
vt 0.479167 0.800000
vt 0.489583 0.800000
vt 0.500000 0.800000
vt 0.510417 0.800000
vt 0.520833 0.800000
vt 0.531250 0.800000
vt 0.541667 0.800000
vt 0.552083 0.800000
vt 0.562500 0.800000
vt 0.572917 0.800000
vt 0.583333 0.800000
vt 0.593750 0.800000
vt 0.604167 0.800000
vt 0.614583 0.800000
vt 0.625000 0.800000
vt 0.635417 0.800000
vt 0.645833 0.800000
vt 0.656250 0.800000
vt 0.666667 0.800000
vt 0.677083 0.800000
vt 0.687500 0.800000
vt 0.697917 0.800000
vt 0.708333 0.800000
vt 0.718750 0.800000
vt 0.729167 0.800000
vt 0.739583 0.800000
vt 0.750000 0.800000
vt 0.760417 0.800000
vt 0.770833 0.800000
vt 0.781250 0.800000
vt 0.791667 0.800000
vt 0.802083 0.800000
vt 0.812500 0.800000
vt 0.822917 0.800000
vt 0.833333 0.800000
vt 0.843750 0.800000
vt 0.854167 0.800000
vt 0.864583 0.800000
vt 0.875000 0.800000
vt 0.885417 0.800000
vt 0.895833 0.800000
vt 0.906250 0.800000
vt 0.916667 0.800000
vt 0.927083 0.800000
vt 0.937500 0.800000
vt 0.947917 0.800000
vt 0.958333 0.800000
vt 0.968750 0.800000
vt 0.979167 0.800000
vt 0.989583 0.800000
vt 1.000000 0.800000
vt 0.000000 1.000000
vt 0.010417 1.000000
vt 0.020833 1.000000
vt 0.031250 1.000000
vt 0.041667 1.000000
vt 0.052083 1.000000
vt 0.062500 1.000000
vt 0.072917 1.000000
vt 0.083333 1.000000
vt 0.093750 1.000000
vt 0.104167 1.000000
vt 0.114583 1.000000
vt 0.125000 1.000000
vt 0.135417 1.000000
vt 0.145833 1.000000
vt 0.156250 1.000000
vt 0.166667 1.000000
vt 0.177083 1.000000
vt 0.187500 1.000000
vt 0.197917 1.000000
vt 0.208333 1.000000
vt 0.218750 1.000000
vt 0.229167 1.000000
vt 0.239583 1.000000
vt 0.250000 1.000000
vt 0.260417 1.000000
vt 0.270833 1.000000
vt 0.281250 1.000000
vt 0.291667 1.000000
vt 0.302083 1.000000
vt 0.312500 1.000000
vt 0.322917 1.000000
vt 0.333333 1.000000
vt 0.343750 1.000000
vt 0.354167 1.000000
vt 0.364583 1.000000
vt 0.375000 1.000000
vt 0.385417 1.000000
vt 0.395833 1.000000
vt 0.406250 1.000000
vt 0.416667 1.000000
vt 0.427083 1.000000
vt 0.437500 1.000000
vt 0.447917 1.000000
vt 0.458333 1.000000
vt 0.468750 1.000000
vt 0.479167 1.000000
vt 0.489583 1.000000
vt 0.500000 1.000000
vt 0.510417 1.000000
vt 0.520833 1.000000
vt 0.531250 1.000000
vt 0.541667 1.000000
vt 0.552083 1.000000
vt 0.562500 1.000000
vt 0.572917 1.000000
vt 0.583333 1.000000
vt 0.593750 1.000000
vt 0.604167 1.000000
vt 0.614583 1.000000
vt 0.625000 1.000000
vt 0.635417 1.000000
vt 0.645833 1.000000
vt 0.656250 1.000000
vt 0.666667 1.000000
vt 0.677083 1.000000
vt 0.687500 1.000000
vt 0.697917 1.000000
vt 0.708333 1.000000
vt 0.718750 1.000000
vt 0.729167 1.000000
vt 0.739583 1.000000
vt 0.750000 1.000000
vt 0.760417 1.000000
vt 0.770833 1.000000
vt 0.781250 1.000000
vt 0.791667 1.000000
vt 0.802083 1.000000
vt 0.812500 1.000000
vt 0.822917 1.000000
vt 0.833333 1.000000
vt 0.843750 1.000000
vt 0.854167 1.000000
vt 0.864583 1.000000
vt 0.875000 1.000000
vt 0.885417 1.000000
vt 0.895833 1.000000
vt 0.906250 1.000000
vt 0.916667 1.000000
vt 0.927083 1.000000
vt 0.937500 1.000000
vt 0.947917 1.000000
vt 0.958333 1.000000
vt 0.968750 1.000000
vt 0.979167 1.000000
vt 0.989583 1.000000
vt 1.000000 1.000000
vt 0.000000 0.000000
vt 0.010417 0.000000
vt 0.020833 0.000000
vt 0.031250 0.000000
vt 0.041667 0.000000
vt 0.052083 0.000000
vt 0.062500 0.000000
vt 0.072917 0.000000
vt 0.083333 0.000000
vt 0.093750 0.000000
vt 0.104167 0.000000
vt 0.114583 0.000000
vt 0.125000 0.000000
vt 0.135417 0.000000
vt 0.145833 0.000000
vt 0.156250 0.000000
vt 0.166667 0.000000
vt 0.177083 0.000000
vt 0.187500 0.000000
vt 0.197917 0.000000
vt 0.208333 0.000000
vt 0.218750 0.000000
vt 0.229167 0.000000
vt 0.239583 0.000000
vt 0.250000 0.000000
vt 0.260417 0.000000
vt 0.270833 0.000000
vt 0.281250 0.000000
vt 0.291667 0.000000
vt 0.302083 0.000000
vt 0.312500 0.000000
vt 0.322917 0.000000
vt 0.333333 0.000000
vt 0.343750 0.000000
vt 0.354167 0.000000
vt 0.364583 0.000000
vt 0.375000 0.000000
vt 0.385417 0.000000
vt 0.395833 0.000000
vt 0.406250 0.000000
vt 0.416667 0.000000
vt 0.427083 0.000000
vt 0.437500 0.000000
vt 0.447917 0.000000
vt 0.458333 0.000000
vt 0.468750 0.000000
vt 0.479167 0.000000
vt 0.489583 0.000000
vt 0.500000 0.000000
vt 0.510417 0.000000
vt 0.520833 0.000000
vt 0.531250 0.000000
vt 0.541667 0.000000
vt 0.552083 0.000000
vt 0.562500 0.000000
vt 0.572917 0.000000
vt 0.583333 0.000000
vt 0.593750 0.000000
vt 0.604167 0.000000
vt 0.614583 0.000000
vt 0.625000 0.000000
vt 0.635417 0.000000
vt 0.645833 0.000000
vt 0.656250 0.000000
vt 0.666667 0.000000
vt 0.677083 0.000000
vt 0.687500 0.000000
vt 0.697917 0.000000
vt 0.708333 0.000000
vt 0.718750 0.000000
vt 0.729167 0.000000
vt 0.739583 0.000000
vt 0.750000 0.000000
vt 0.760417 0.000000
vt 0.770833 0.000000
vt 0.781250 0.000000
vt 0.791667 0.000000
vt 0.802083 0.000000
vt 0.812500 0.000000
vt 0.822917 0.000000
vt 0.833333 0.000000
vt 0.843750 0.000000
vt 0.854167 0.000000
vt 0.864583 0.000000
vt 0.875000 0.000000
vt 0.885417 0.000000
vt 0.895833 0.000000
vt 0.906250 0.000000
vt 0.916667 0.000000
vt 0.927083 0.000000
vt 0.937500 0.000000
vt 0.947917 0.000000
vt 0.958333 0.000000
vt 0.968750 0.000000
vt 0.979167 0.000000
vt 0.989583 0.000000
vt 1.000000 0.000000
vt 0.500000 0.500000
vt 1.000000 0.500000
vt 0.998929 0.532702
vt 0.995722 0.565263
vt 0.990393 0.597545
vt 0.982963 0.629410
vt 0.973465 0.660720
vt 0.961940 0.691342
vt 0.948436 0.721144
vt 0.933013 0.750000
vt 0.915735 0.777785
vt 0.896677 0.804381
vt 0.875920 0.829673
vt 0.853553 0.853553
vt 0.829673 0.875920
vt 0.804381 0.896677
vt 0.777785 0.915735
vt 0.750000 0.933013
vt 0.721144 0.948436
vt 0.691342 0.961940
vt 0.660720 0.973465
vt 0.629410 0.982963
vt 0.597545 0.990393
vt 0.565263 0.995722
vt 0.532702 0.998929
vt 0.500000 1.000000
vt 0.467298 0.998929
vt 0.434737 0.995722
vt 0.402455 0.990393
vt 0.370590 0.982963
vt 0.339280 0.973465
vt 0.308658 0.961940
vt 0.278856 0.948436
vt 0.250000 0.933013
vt 0.222215 0.915735
vt 0.195619 0.896677
vt 0.170327 0.875920
vt 0.146447 0.853553
vt 0.124080 0.829673
vt 0.103323 0.804381
vt 0.084265 0.777785
vt 0.066987 0.750000
vt 0.051564 0.721144
vt 0.038060 0.691342
vt 0.026535 0.660720
vt 0.017037 0.629410
vt 0.009607 0.597545
vt 0.004278 0.565263
vt 0.001071 0.532702
vt 0.000000 0.500000
vt 0.001071 0.467298
vt 0.004278 0.434737
vt 0.009607 0.402455
vt 0.017037 0.370590
vt 0.026535 0.339280
vt 0.038060 0.308658
vt 0.051564 0.278856
vt 0.066987 0.250000
vt 0.084265 0.222215
vt 0.103323 0.195619
vt 0.124080 0.170327
vt 0.146447 0.146447
vt 0.170327 0.124080
vt 0.195619 0.103323
vt 0.222215 0.084265
vt 0.250000 0.066987
vt 0.278856 0.051564
vt 0.308658 0.038060
vt 0.339280 0.026535
vt 0.370590 0.017037
vt 0.402455 0.009607
vt 0.434737 0.004278
vt 0.467298 0.001071
vt 0.500000 0.000000
vt 0.532702 0.001071
vt 0.565263 0.004278
vt 0.597545 0.009607
vt 0.629410 0.017037
vt 0.660720 0.026535
vt 0.691342 0.038060
vt 0.721144 0.051564
vt 0.750000 0.066987
vt 0.777785 0.084265
vt 0.804381 0.103323
vt 0.829673 0.124080
vt 0.853553 0.146447
vt 0.875920 0.170327
vt 0.896677 0.195619
vt 0.915735 0.222215
vt 0.933013 0.250000
vt 0.948436 0.278856
vt 0.961940 0.308658
vt 0.973465 0.339280
vt 0.982963 0.370590
vt 0.990393 0.402455
vt 0.995722 0.434737
vt 0.998929 0.467298
usemtl Floor
f 1/1 3/3 2/2
f 1/1 4/4 3/3
f 1/1 5/5 4/4
f 1/1 6/6 5/5
f 1/1 7/7 6/6
f 1/1 8/8 7/7
f 1/1 9/9 8/8
f 1/1 10/10 9/9
f 1/1 11/11 10/10
f 1/1 12/12 11/11
f 1/1 13/13 12/12
f 1/1 14/14 13/13
f 1/1 15/15 14/14
f 1/1 16/16 15/15
f 1/1 17/17 16/16
f 1/1 18/18 17/17
f 1/1 19/19 18/18
f 1/1 20/20 19/19
f 1/1 21/21 20/20
f 1/1 22/22 21/21
f 1/1 23/23 22/22
f 1/1 24/24 23/23
f 1/1 25/25 24/24
f 1/1 26/26 25/25
f 1/1 27/27 26/26
f 1/1 28/28 27/27
f 1/1 29/29 28/28
f 1/1 30/30 29/29
f 1/1 31/31 30/30
f 1/1 32/32 31/31
f 1/1 33/33 32/32
f 1/1 34/34 33/33
f 1/1 35/35 34/34
f 1/1 36/36 35/35
f 1/1 37/37 36/36
f 1/1 38/38 37/37
f 1/1 39/39 38/38
f 1/1 40/40 39/39
f 1/1 41/41 40/40
f 1/1 42/42 41/41
f 1/1 43/43 42/42
f 1/1 44/44 43/43
f 1/1 45/45 44/44
f 1/1 46/46 45/45
f 1/1 47/47 46/46
f 1/1 48/48 47/47
f 1/1 49/49 48/48
f 1/1 50/50 49/49
f 1/1 51/51 50/50
f 1/1 52/52 51/51
f 1/1 53/53 52/52
f 1/1 54/54 53/53
f 1/1 55/55 54/54
f 1/1 56/56 55/55
f 1/1 57/57 56/56
f 1/1 58/58 57/57
f 1/1 59/59 58/58
f 1/1 60/60 59/59
f 1/1 61/61 60/60
f 1/1 62/62 61/61
f 1/1 63/63 62/62
f 1/1 64/64 63/63
f 1/1 65/65 64/64
f 1/1 66/66 65/65
f 1/1 67/67 66/66
f 1/1 68/68 67/67
f 1/1 69/69 68/68
f 1/1 70/70 69/69
f 1/1 71/71 70/70
f 1/1 72/72 71/71
f 1/1 73/73 72/72
f 1/1 74/74 73/73
f 1/1 75/75 74/74
f 1/1 76/76 75/75
f 1/1 77/77 76/76
f 1/1 78/78 77/77
f 1/1 79/79 78/78
f 1/1 80/80 79/79
f 1/1 81/81 80/80
f 1/1 82/82 81/81
f 1/1 83/83 82/82
f 1/1 84/84 83/83
f 1/1 85/85 84/84
f 1/1 86/86 85/85
f 1/1 87/87 86/86
f 1/1 88/88 87/87
f 1/1 89/89 88/88
f 1/1 90/90 89/89
f 1/1 91/91 90/90
f 1/1 92/92 91/91
f 1/1 93/93 92/92
f 1/1 94/94 93/93
f 1/1 95/95 94/94
f 1/1 96/96 95/95
f 1/1 97/97 96/96
f 1/1 2/2 97/97
f 2/2 3/3 99/99 98/98
f 3/3 4/4 100/100 99/99
f 4/4 5/5 101/101 100/100
f 5/5 6/6 102/102 101/101
f 6/6 7/7 103/103 102/102
f 7/7 8/8 104/104 103/103
f 8/8 9/9 105/105 104/104
f 9/9 10/10 106/106 105/105
f 10/10 11/11 107/107 106/106
f 11/11 12/12 108/108 107/107
f 12/12 13/13 109/109 108/108
f 13/13 14/14 110/110 109/109
f 14/14 15/15 111/111 110/110
f 15/15 16/16 112/112 111/111
f 16/16 17/17 113/113 112/112
f 17/17 18/18 114/114 113/113
f 18/18 19/19 115/115 114/114
f 19/19 20/20 116/116 115/115
f 20/20 21/21 117/117 116/116
f 21/21 22/22 118/118 117/117
f 22/22 23/23 119/119 118/118
f 23/23 24/24 120/120 119/119
f 24/24 25/25 121/121 120/120
f 25/25 26/26 122/122 121/121
f 26/26 27/27 123/123 122/122
f 27/27 28/28 124/124 123/123
f 28/28 29/29 125/125 124/124
f 29/29 30/30 126/126 125/125
f 30/30 31/31 127/127 126/126
f 31/31 32/32 128/128 127/127
f 32/32 33/33 129/129 128/128
f 33/33 34/34 130/130 129/129
f 34/34 35/35 131/131 130/130
f 35/35 36/36 132/132 131/131
f 36/36 37/37 133/133 132/132
f 37/37 38/38 134/134 133/133
f 38/38 39/39 135/135 134/134
f 39/39 40/40 136/136 135/135
f 40/40 41/41 137/137 136/136
f 41/41 42/42 138/138 137/137
f 42/42 43/43 139/139 138/138
f 43/43 44/44 140/140 139/139
f 44/44 45/45 141/141 140/140
f 45/45 46/46 142/142 141/141
f 46/46 47/47 143/143 142/142
f 47/47 48/48 144/144 143/143
f 48/48 49/49 145/145 144/144
f 49/49 50/50 146/146 145/145
f 50/50 51/51 147/147 146/146
f 51/51 52/52 148/148 147/147
f 52/52 53/53 149/149 148/148
f 53/53 54/54 150/150 149/149
f 54/54 55/55 151/151 150/150
f 55/55 56/56 152/152 151/151
f 56/56 57/57 153/153 152/152
f 57/57 58/58 154/154 153/153
f 58/58 59/59 155/155 154/154
f 59/59 60/60 156/156 155/155
f 60/60 61/61 157/157 156/156
f 61/61 62/62 158/158 157/157
f 62/62 63/63 159/159 158/158
f 63/63 64/64 160/160 159/159
f 64/64 65/65 161/161 160/160
f 65/65 66/66 162/162 161/161
f 66/66 67/67 163/163 162/162
f 67/67 68/68 164/164 163/163
f 68/68 69/69 165/165 164/164
f 69/69 70/70 166/166 165/165
f 70/70 71/71 167/167 166/166
f 71/71 72/72 168/168 167/167
f 72/72 73/73 169/169 168/168
f 73/73 74/74 170/170 169/169
f 74/74 75/75 171/171 170/170
f 75/75 76/76 172/172 171/171
f 76/76 77/77 173/173 172/172
f 77/77 78/78 174/174 173/173
f 78/78 79/79 175/175 174/174
f 79/79 80/80 176/176 175/175
f 80/80 81/81 177/177 176/176
f 81/81 82/82 178/178 177/177
f 82/82 83/83 179/179 178/178
f 83/83 84/84 180/180 179/179
f 84/84 85/85 181/181 180/180
f 85/85 86/86 182/182 181/181
f 86/86 87/87 183/183 182/182
f 87/87 88/88 184/184 183/183
f 88/88 89/89 185/185 184/184
f 89/89 90/90 186/186 185/185
f 90/90 91/91 187/187 186/186
f 91/91 92/92 188/188 187/187
f 92/92 93/93 189/189 188/188
f 93/93 94/94 190/190 189/189
f 94/94 95/95 191/191 190/190
f 95/95 96/96 192/192 191/191
f 96/96 97/97 193/193 192/192
f 97/97 2/2 98/98 193/193
f 98/98 99/99 195/195 194/194
f 99/99 100/100 196/196 195/195
f 100/100 101/101 197/197 196/196
f 101/101 102/102 198/198 197/197
f 102/102 103/103 199/199 198/198
f 103/103 104/104 200/200 199/199
f 104/104 105/105 201/201 200/200
f 105/105 106/106 202/202 201/201
f 106/106 107/107 203/203 202/202
f 107/107 108/108 204/204 203/203
f 108/108 109/109 205/205 204/204
f 109/109 110/110 206/206 205/205
f 110/110 111/111 207/207 206/206
f 111/111 112/112 208/208 207/207
f 112/112 113/113 209/209 208/208
f 113/113 114/114 210/210 209/209
f 114/114 115/115 211/211 210/210
f 115/115 116/116 212/212 211/211
f 116/116 117/117 213/213 212/212
f 117/117 118/118 214/214 213/213
f 118/118 119/119 215/215 214/214
f 119/119 120/120 216/216 215/215
f 120/120 121/121 217/217 216/216
f 121/121 122/122 218/218 217/217
f 122/122 123/123 219/219 218/218
f 123/123 124/124 220/220 219/219
f 124/124 125/125 221/221 220/220
f 125/125 126/126 222/222 221/221
f 126/126 127/127 223/223 222/222
f 127/127 128/128 224/224 223/223
f 128/128 129/129 225/225 224/224
f 129/129 130/130 226/226 225/225
f 130/130 131/131 227/227 226/226
f 131/131 132/132 228/228 227/227
f 132/132 133/133 229/229 228/228
f 133/133 134/134 230/230 229/229
f 134/134 135/135 231/231 230/230
f 135/135 136/136 232/232 231/231
f 136/136 137/137 233/233 232/232
f 137/137 138/138 234/234 233/233
f 138/138 139/139 235/235 234/234
f 139/139 140/140 236/236 235/235
f 140/140 141/141 237/237 236/236
f 141/141 142/142 238/238 237/237
f 142/142 143/143 239/239 238/238
f 143/143 144/144 240/240 239/239
f 144/144 145/145 241/241 240/240
f 145/145 146/146 242/242 241/241
f 146/146 147/147 243/243 242/242
f 147/147 148/148 244/244 243/243
f 148/148 149/149 245/245 244/244
f 149/149 150/150 246/246 245/245
f 150/150 151/151 247/247 246/246
f 151/151 152/152 248/248 247/247
f 152/152 153/153 249/249 248/248
f 153/153 154/154 250/250 249/249
f 154/154 155/155 251/251 250/250
f 155/155 156/156 252/252 251/251
f 156/156 157/157 253/253 252/252
f 157/157 158/158 254/254 253/253
f 158/158 159/159 255/255 254/254
f 159/159 160/160 256/256 255/255
f 160/160 161/161 257/257 256/256
f 161/161 162/162 258/258 257/257
f 162/162 163/163 259/259 258/258
f 163/163 164/164 260/260 259/259
f 164/164 165/165 261/261 260/260
f 165/165 166/166 262/262 261/261
f 166/166 167/167 263/263 262/262
f 167/167 168/168 264/264 263/263
f 168/168 169/169 265/265 264/264
f 169/169 170/170 266/266 265/265
f 170/170 171/171 267/267 266/266
f 171/171 172/172 268/268 267/267
f 172/172 173/173 269/269 268/268
f 173/173 174/174 270/270 269/269
f 174/174 175/175 271/271 270/270
f 175/175 176/176 272/272 271/271
f 176/176 177/177 273/273 272/272
f 177/177 178/178 274/274 273/273
f 178/178 179/179 275/275 274/274
f 179/179 180/180 276/276 275/275
f 180/180 181/181 277/277 276/276
f 181/181 182/182 278/278 277/277
f 182/182 183/183 279/279 278/278
f 183/183 184/184 280/280 279/279
f 184/184 185/185 281/281 280/280
f 185/185 186/186 282/282 281/281
f 186/186 187/187 283/283 282/282
f 187/187 188/188 284/284 283/283
f 188/188 189/189 285/285 284/284
f 189/189 190/190 286/286 285/285
f 190/190 191/191 287/287 286/286
f 191/191 192/192 288/288 287/287
f 192/192 193/193 289/289 288/288
f 193/193 98/98 194/194 289/289
f 194/194 195/195 291/291 290/290
f 195/195 196/196 292/292 291/291
f 196/196 197/197 293/293 292/292
f 197/197 198/198 294/294 293/293
f 198/198 199/199 295/295 294/294
f 199/199 200/200 296/296 295/295
f 200/200 201/201 297/297 296/296
f 201/201 202/202 298/298 297/297
f 202/202 203/203 299/299 298/298
f 203/203 204/204 300/300 299/299
f 204/204 205/205 301/301 300/300
f 205/205 206/206 302/302 301/301
f 206/206 207/207 303/303 302/302
f 207/207 208/208 304/304 303/303
f 208/208 209/209 305/305 304/304
f 209/209 210/210 306/306 305/305
f 210/210 211/211 307/307 306/306
f 211/211 212/212 308/308 307/307
f 212/212 213/213 309/309 308/308
f 213/213 214/214 310/310 309/309
f 214/214 215/215 311/311 310/310
f 215/215 216/216 312/312 311/311
f 216/216 217/217 313/313 312/312
f 217/217 218/218 314/314 313/313
f 218/218 219/219 315/315 314/314
f 219/219 220/220 316/316 315/315
f 220/220 221/221 317/317 316/316
f 221/221 222/222 318/318 317/317
f 222/222 223/223 319/319 318/318
f 223/223 224/224 320/320 319/319
f 224/224 225/225 321/321 320/320
f 225/225 226/226 322/322 321/321
f 226/226 227/227 323/323 322/322
f 227/227 228/228 324/324 323/323
f 228/228 229/229 325/325 324/324
f 229/229 230/230 326/326 325/325
f 230/230 231/231 327/327 326/326
f 231/231 232/232 328/328 327/327
f 232/232 233/233 329/329 328/328
f 233/233 234/234 330/330 329/329
f 234/234 235/235 331/331 330/330
f 235/235 236/236 332/332 331/331
f 236/236 237/237 333/333 332/332
f 237/237 238/238 334/334 333/333
f 238/238 239/239 335/335 334/334
f 239/239 240/240 336/336 335/335
f 240/240 241/241 337/337 336/336
f 241/241 242/242 338/338 337/337
f 242/242 243/243 339/339 338/338
f 243/243 244/244 340/340 339/339
f 244/244 245/245 341/341 340/340
f 245/245 246/246 342/342 341/341
f 246/246 247/247 343/343 342/342
f 247/247 248/248 344/344 343/343
f 248/248 249/249 345/345 344/344
f 249/249 250/250 346/346 345/345
f 250/250 251/251 347/347 346/346
f 251/251 252/252 348/348 347/347
f 252/252 253/253 349/349 348/348
f 253/253 254/254 350/350 349/349
f 254/254 255/255 351/351 350/350
f 255/255 256/256 352/352 351/351
f 256/256 257/257 353/353 352/352
f 257/257 258/258 354/354 353/353
f 258/258 259/259 355/355 354/354
f 259/259 260/260 356/356 355/355
f 260/260 261/261 357/357 356/356
f 261/261 262/262 358/358 357/357
f 262/262 263/263 359/359 358/358
f 263/263 264/264 360/360 359/359
f 264/264 265/265 361/361 360/360
f 265/265 266/266 362/362 361/361
f 266/266 267/267 363/363 362/362
f 267/267 268/268 364/364 363/363
f 268/268 269/269 365/365 364/364
f 269/269 270/270 366/366 365/365
f 270/270 271/271 367/367 366/366
f 271/271 272/272 368/368 367/367
f 272/272 273/273 369/369 368/368
f 273/273 274/274 370/370 369/369
f 274/274 275/275 371/371 370/370
f 275/275 276/276 372/372 371/371
f 276/276 277/277 373/373 372/372
f 277/277 278/278 374/374 373/373
f 278/278 279/279 375/375 374/374
f 279/279 280/280 376/376 375/375
f 280/280 281/281 377/377 376/376
f 281/281 282/282 378/378 377/377
f 282/282 283/283 379/379 378/378
f 283/283 284/284 380/380 379/379
f 284/284 285/285 381/381 380/380
f 285/285 286/286 382/382 381/381
f 286/286 287/287 383/383 382/382
f 287/287 288/288 384/384 383/383
f 288/288 289/289 385/385 384/384
f 289/289 194/194 290/290 385/385
f 290/290 291/291 387/387 386/386
f 291/291 292/292 388/388 387/387
f 292/292 293/293 389/389 388/388
f 293/293 294/294 390/390 389/389
f 294/294 295/295 391/391 390/390
f 295/295 296/296 392/392 391/391
f 296/296 297/297 393/393 392/392
f 297/297 298/298 394/394 393/393
f 298/298 299/299 395/395 394/394
f 299/299 300/300 396/396 395/395
f 300/300 301/301 397/397 396/396
f 301/301 302/302 398/398 397/397
f 302/302 303/303 399/399 398/398
f 303/303 304/304 400/400 399/399
f 304/304 305/305 401/401 400/400
f 305/305 306/306 402/402 401/401
f 306/306 307/307 403/403 402/402
f 307/307 308/308 404/404 403/403
f 308/308 309/309 405/405 404/404
f 309/309 310/310 406/406 405/405
f 310/310 311/311 407/407 406/406
f 311/311 312/312 408/408 407/407
f 312/312 313/313 409/409 408/408
f 313/313 314/314 410/410 409/409
f 314/314 315/315 411/411 410/410
f 315/315 316/316 412/412 411/411
f 316/316 317/317 413/413 412/412
f 317/317 318/318 414/414 413/413
f 318/318 319/319 415/415 414/414
f 319/319 320/320 416/416 415/415
f 320/320 321/321 417/417 416/416
f 321/321 322/322 418/418 417/417
f 322/322 323/323 419/419 418/418
f 323/323 324/324 420/420 419/419
f 324/324 325/325 421/421 420/420
f 325/325 326/326 422/422 421/421
f 326/326 327/327 423/423 422/422
f 327/327 328/328 424/424 423/423
f 328/328 329/329 425/425 424/424
f 329/329 330/330 426/426 425/425
f 330/330 331/331 427/427 426/426
f 331/331 332/332 428/428 427/427
f 332/332 333/333 429/429 428/428
f 333/333 334/334 430/430 429/429
f 334/334 335/335 431/431 430/430
f 335/335 336/336 432/432 431/431
f 336/336 337/337 433/433 432/432
f 337/337 338/338 434/434 433/433
f 338/338 339/339 435/435 434/434
f 339/339 340/340 436/436 435/435
f 340/340 341/341 437/437 436/436
f 341/341 342/342 438/438 437/437
f 342/342 343/343 439/439 438/438
f 343/343 344/344 440/440 439/439
f 344/344 345/345 441/441 440/440
f 345/345 346/346 442/442 441/441
f 346/346 347/347 443/443 442/442
f 347/347 348/348 444/444 443/443
f 348/348 349/349 445/445 444/444
f 349/349 350/350 446/446 445/445
f 350/350 351/351 447/447 446/446
f 351/351 352/352 448/448 447/447
f 352/352 353/353 449/449 448/448
f 353/353 354/354 450/450 449/449
f 354/354 355/355 451/451 450/450
f 355/355 356/356 452/452 451/451
f 356/356 357/357 453/453 452/452
f 357/357 358/358 454/454 453/453
f 358/358 359/359 455/455 454/454
f 359/359 360/360 456/456 455/455
f 360/360 361/361 457/457 456/456
f 361/361 362/362 458/458 457/457
f 362/362 363/363 459/459 458/458
f 363/363 364/364 460/460 459/459
f 364/364 365/365 461/461 460/460
f 365/365 366/366 462/462 461/461
f 366/366 367/367 463/463 462/462
f 367/367 368/368 464/464 463/463
f 368/368 369/369 465/465 464/464
f 369/369 370/370 466/466 465/465
f 370/370 371/371 467/467 466/466
f 371/371 372/372 468/468 467/467
f 372/372 373/373 469/469 468/468
f 373/373 374/374 470/470 469/469
f 374/374 375/375 471/471 470/470
f 375/375 376/376 472/472 471/471
f 376/376 377/377 473/473 472/472
f 377/377 378/378 474/474 473/473
f 378/378 379/379 475/475 474/474
f 379/379 380/380 476/476 475/475
f 380/380 381/381 477/477 476/476
f 381/381 382/382 478/478 477/477
f 382/382 383/383 479/479 478/478
f 383/383 384/384 480/480 479/479
f 384/384 385/385 481/481 480/480
f 385/385 290/290 386/386 481/481
f 386/386 387/387 483/483 482/482
f 387/387 388/388 484/484 483/483
f 388/388 389/389 485/485 484/484
f 389/389 390/390 486/486 485/485
f 390/390 391/391 487/487 486/486
f 391/391 392/392 488/488 487/487
f 392/392 393/393 489/489 488/488
f 393/393 394/394 490/490 489/489
f 394/394 395/395 491/491 490/490
f 395/395 396/396 492/492 491/491
f 396/396 397/397 493/493 492/492
f 397/397 398/398 494/494 493/493
f 398/398 399/399 495/495 494/494
f 399/399 400/400 496/496 495/495
f 400/400 401/401 497/497 496/496
f 401/401 402/402 498/498 497/497
f 402/402 403/403 499/499 498/498
f 403/403 404/404 500/500 499/499
f 404/404 405/405 501/501 500/500
f 405/405 406/406 502/502 501/501
f 406/406 407/407 503/503 502/502
f 407/407 408/408 504/504 503/503
f 408/408 409/409 505/505 504/504
f 409/409 410/410 506/506 505/505
f 410/410 411/411 507/507 506/506
f 411/411 412/412 508/508 507/507
f 412/412 413/413 509/509 508/508
f 413/413 414/414 510/510 509/509
f 414/414 415/415 511/511 510/510
f 415/415 416/416 512/512 511/511
f 416/416 417/417 513/513 512/512
f 417/417 418/418 514/514 513/513
f 418/418 419/419 515/515 514/514
f 419/419 420/420 516/516 515/515
f 420/420 421/421 517/517 516/516
f 421/421 422/422 518/518 517/517
f 422/422 423/423 519/519 518/518
f 423/423 424/424 520/520 519/519
f 424/424 425/425 521/521 520/520
f 425/425 426/426 522/522 521/521
f 426/426 427/427 523/523 522/522
f 427/427 428/428 524/524 523/523
f 428/428 429/429 525/525 524/524
f 429/429 430/430 526/526 525/525
f 430/430 431/431 527/527 526/526
f 431/431 432/432 528/528 527/527
f 432/432 433/433 529/529 528/528
f 433/433 434/434 530/530 529/529
f 434/434 435/435 531/531 530/530
f 435/435 436/436 532/532 531/531
f 436/436 437/437 533/533 532/532
f 437/437 438/438 534/534 533/533
f 438/438 439/439 535/535 534/534
f 439/439 440/440 536/536 535/535
f 440/440 441/441 537/537 536/536
f 441/441 442/442 538/538 537/537
f 442/442 443/443 539/539 538/538
f 443/443 444/444 540/540 539/539
f 444/444 445/445 541/541 540/540
f 445/445 446/446 542/542 541/541
f 446/446 447/447 543/543 542/542
f 447/447 448/448 544/544 543/543
f 448/448 449/449 545/545 544/544
f 449/449 450/450 546/546 545/545
f 450/450 451/451 547/547 546/546
f 451/451 452/452 548/548 547/547
f 452/452 453/453 549/549 548/548
f 453/453 454/454 550/550 549/549
f 454/454 455/455 551/551 550/550
f 455/455 456/456 552/552 551/551
f 456/456 457/457 553/553 552/552
f 457/457 458/458 554/554 553/553
f 458/458 459/459 555/555 554/554
f 459/459 460/460 556/556 555/555
f 460/460 461/461 557/557 556/556
f 461/461 462/462 558/558 557/557
f 462/462 463/463 559/559 558/558
f 463/463 464/464 560/560 559/559
f 464/464 465/465 561/561 560/560
f 465/465 466/466 562/562 561/561
f 466/466 467/467 563/563 562/562
f 467/467 468/468 564/564 563/563
f 468/468 469/469 565/565 564/564
f 469/469 470/470 566/566 565/565
f 470/470 471/471 567/567 566/566
f 471/471 472/472 568/568 567/567
f 472/472 473/473 569/569 568/568
f 473/473 474/474 570/570 569/569
f 474/474 475/475 571/571 570/570
f 475/475 476/476 572/572 571/571
f 476/476 477/477 573/573 572/572
f 477/477 478/478 574/574 573/573
f 478/478 479/479 575/575 574/574
f 479/479 480/480 576/576 575/575
f 480/480 481/481 577/577 576/576
f 481/481 386/386 482/482 577/577
f 482/482 483/483 579/579 578/578
f 483/483 484/484 580/580 579/579
f 484/484 485/485 581/581 580/580
f 485/485 486/486 582/582 581/581
f 486/486 487/487 583/583 582/582
f 487/487 488/488 584/584 583/583
f 488/488 489/489 585/585 584/584
f 489/489 490/490 586/586 585/585
f 490/490 491/491 587/587 586/586
f 491/491 492/492 588/588 587/587
f 492/492 493/493 589/589 588/588
f 493/493 494/494 590/590 589/589
f 494/494 495/495 591/591 590/590
f 495/495 496/496 592/592 591/591
f 496/496 497/497 593/593 592/592
f 497/497 498/498 594/594 593/593
f 498/498 499/499 595/595 594/594
f 499/499 500/500 596/596 595/595
f 500/500 501/501 597/597 596/596
f 501/501 502/502 598/598 597/597
f 502/502 503/503 599/599 598/598
f 503/503 504/504 600/600 599/599
f 504/504 505/505 601/601 600/600
f 505/505 506/506 602/602 601/601
f 506/506 507/507 603/603 602/602
f 507/507 508/508 604/604 603/603
f 508/508 509/509 605/605 604/604
f 509/509 510/510 606/606 605/605
f 510/510 511/511 607/607 606/606
f 511/511 512/512 608/608 607/607
f 512/512 513/513 609/609 608/608
f 513/513 514/514 610/610 609/609
f 514/514 515/515 611/611 610/610
f 515/515 516/516 612/612 611/611
f 516/516 517/517 613/613 612/612
f 517/517 518/518 614/614 613/613
f 518/518 519/519 615/615 614/614
f 519/519 520/520 616/616 615/615
f 520/520 521/521 617/617 616/616
f 521/521 522/522 618/618 617/617
f 522/522 523/523 619/619 618/618
f 523/523 524/524 620/620 619/619
f 524/524 525/525 621/621 620/620
f 525/525 526/526 622/622 621/621
f 526/526 527/527 623/623 622/622
f 527/527 528/528 624/624 623/623
f 528/528 529/529 625/625 624/624
f 529/529 530/530 626/626 625/625
f 530/530 531/531 627/627 626/626
f 531/531 532/532 628/628 627/627
f 532/532 533/533 629/629 628/628
f 533/533 534/534 630/630 629/629
f 534/534 535/535 631/631 630/630
f 535/535 536/536 632/632 631/631
f 536/536 537/537 633/633 632/632
f 537/537 538/538 634/634 633/633
f 538/538 539/539 635/635 634/634
f 539/539 540/540 636/636 635/635
f 540/540 541/541 637/637 636/636
f 541/541 542/542 638/638 637/637
f 542/542 543/543 639/639 638/638
f 543/543 544/544 640/640 639/639
f 544/544 545/545 641/641 640/640
f 545/545 546/546 642/642 641/641
f 546/546 547/547 643/643 642/642
f 547/547 548/548 644/644 643/643
f 548/548 549/549 645/645 644/644
f 549/549 550/550 646/646 645/645
f 550/550 551/551 647/647 646/646
f 551/551 552/552 648/648 647/647
f 552/552 553/553 649/649 648/648
f 553/553 554/554 650/650 649/649
f 554/554 555/555 651/651 650/650
f 555/555 556/556 652/652 651/651
f 556/556 557/557 653/653 652/652
f 557/557 558/558 654/654 653/653
f 558/558 559/559 655/655 654/654
f 559/559 560/560 656/656 655/655
f 560/560 561/561 657/657 656/656
f 561/561 562/562 658/658 657/657
f 562/562 563/563 659/659 658/658
f 563/563 564/564 660/660 659/659
f 564/564 565/565 661/661 660/660
f 565/565 566/566 662/662 661/661
f 566/566 567/567 663/663 662/662
f 567/567 568/568 664/664 663/663
f 568/568 569/569 665/665 664/664
f 569/569 570/570 666/666 665/665
f 570/570 571/571 667/667 666/666
f 571/571 572/572 668/668 667/667
f 572/572 573/573 669/669 668/668
f 573/573 574/574 670/670 669/669
f 574/574 575/575 671/671 670/670
f 575/575 576/576 672/672 671/671
f 576/576 577/577 673/673 672/672
f 577/577 482/482 578/578 673/673
f 578/578 579/579 675/675 674/674
f 579/579 580/580 676/676 675/675
f 580/580 581/581 677/677 676/676
f 581/581 582/582 678/678 677/677
f 582/582 583/583 679/679 678/678
f 583/583 584/584 680/680 679/679
f 584/584 585/585 681/681 680/680
f 585/585 586/586 682/682 681/681
f 586/586 587/587 683/683 682/682
f 587/587 588/588 684/684 683/683
f 588/588 589/589 685/685 684/684
f 589/589 590/590 686/686 685/685
f 590/590 591/591 687/687 686/686
f 591/591 592/592 688/688 687/687
f 592/592 593/593 689/689 688/688
f 593/593 594/594 690/690 689/689
f 594/594 595/595 691/691 690/690
f 595/595 596/596 692/692 691/691
f 596/596 597/597 693/693 692/692
f 597/597 598/598 694/694 693/693
f 598/598 599/599 695/695 694/694
f 599/599 600/600 696/696 695/695
f 600/600 601/601 697/697 696/696
f 601/601 602/602 698/698 697/697
f 602/602 603/603 699/699 698/698
f 603/603 604/604 700/700 699/699
f 604/604 605/605 701/701 700/700
f 605/605 606/606 702/702 701/701
f 606/606 607/607 703/703 702/702
f 607/607 608/608 704/704 703/703
f 608/608 609/609 705/705 704/704
f 609/609 610/610 706/706 705/705
f 610/610 611/611 707/707 706/706
f 611/611 612/612 708/708 707/707
f 612/612 613/613 709/709 708/708
f 613/613 614/614 710/710 709/709
f 614/614 615/615 711/711 710/710
f 615/615 616/616 712/712 711/711
f 616/616 617/617 713/713 712/712
f 617/617 618/618 714/714 713/713
f 618/618 619/619 715/715 714/714
f 619/619 620/620 716/716 715/715
f 620/620 621/621 717/717 716/716
f 621/621 622/622 718/718 717/717
f 622/622 623/623 719/719 718/718
f 623/623 624/624 720/720 719/719
f 624/624 625/625 721/721 720/720
f 625/625 626/626 722/722 721/721
f 626/626 627/627 723/723 722/722
f 627/627 628/628 724/724 723/723
f 628/628 629/629 725/725 724/724
f 629/629 630/630 726/726 725/725
f 630/630 631/631 727/727 726/726
f 631/631 632/632 728/728 727/727
f 632/632 633/633 729/729 728/728
f 633/633 634/634 730/730 729/729
f 634/634 635/635 731/731 730/730
f 635/635 636/636 732/732 731/731
f 636/636 637/637 733/733 732/732
f 637/637 638/638 734/734 733/733
f 638/638 639/639 735/735 734/734
f 639/639 640/640 736/736 735/735
f 640/640 641/641 737/737 736/736
f 641/641 642/642 738/738 737/737
f 642/642 643/643 739/739 738/738
f 643/643 644/644 740/740 739/739
f 644/644 645/645 741/741 740/740
f 645/645 646/646 742/742 741/741
f 646/646 647/647 743/743 742/742
f 647/647 648/648 744/744 743/743
f 648/648 649/649 745/745 744/744
f 649/649 650/650 746/746 745/745
f 650/650 651/651 747/747 746/746
f 651/651 652/652 748/748 747/747
f 652/652 653/653 749/749 748/748
f 653/653 654/654 750/750 749/749
f 654/654 655/655 751/751 750/750
f 655/655 656/656 752/752 751/751
f 656/656 657/657 753/753 752/752
f 657/657 658/658 754/754 753/753
f 658/658 659/659 755/755 754/754
f 659/659 660/660 756/756 755/755
f 660/660 661/661 757/757 756/756
f 661/661 662/662 758/758 757/757
f 662/662 663/663 759/759 758/758
f 663/663 664/664 760/760 759/759
f 664/664 665/665 761/761 760/760
f 665/665 666/666 762/762 761/761
f 666/666 667/667 763/763 762/762
f 667/667 668/668 764/764 763/763
f 668/668 669/669 765/765 764/764
f 669/669 670/670 766/766 765/765
f 670/670 671/671 767/767 766/766
f 671/671 672/672 768/768 767/767
f 672/672 673/673 769/769 768/768
f 673/673 578/578 674/674 769/769
f 674/674 675/675 771/771 770/770
f 675/675 676/676 772/772 771/771
f 676/676 677/677 773/773 772/772
f 677/677 678/678 774/774 773/773
f 678/678 679/679 775/775 774/774
f 679/679 680/680 776/776 775/775
f 680/680 681/681 777/777 776/776
f 681/681 682/682 778/778 777/777
f 682/682 683/683 779/779 778/778
f 683/683 684/684 780/780 779/779
f 684/684 685/685 781/781 780/780
f 685/685 686/686 782/782 781/781
f 686/686 687/687 783/783 782/782
f 687/687 688/688 784/784 783/783
f 688/688 689/689 785/785 784/784
f 689/689 690/690 786/786 785/785
f 690/690 691/691 787/787 786/786
f 691/691 692/692 788/788 787/787
f 692/692 693/693 789/789 788/788
f 693/693 694/694 790/790 789/789
f 694/694 695/695 791/791 790/790
f 695/695 696/696 792/792 791/791
f 696/696 697/697 793/793 792/792
f 697/697 698/698 794/794 793/793
f 698/698 699/699 795/795 794/794
f 699/699 700/700 796/796 795/795
f 700/700 701/701 797/797 796/796
f 701/701 702/702 798/798 797/797
f 702/702 703/703 799/799 798/798
f 703/703 704/704 800/800 799/799
f 704/704 705/705 801/801 800/800
f 705/705 706/706 802/802 801/801
f 706/706 707/707 803/803 802/802
f 707/707 708/708 804/804 803/803
f 708/708 709/709 805/805 804/804
f 709/709 710/710 806/806 805/805
f 710/710 711/711 807/807 806/806
f 711/711 712/712 808/808 807/807
f 712/712 713/713 809/809 808/808
f 713/713 714/714 810/810 809/809
f 714/714 715/715 811/811 810/810
f 715/715 716/716 812/812 811/811
f 716/716 717/717 813/813 812/812
f 717/717 718/718 814/814 813/813
f 718/718 719/719 815/815 814/814
f 719/719 720/720 816/816 815/815
f 720/720 721/721 817/817 816/816
f 721/721 722/722 818/818 817/817
f 722/722 723/723 819/819 818/818
f 723/723 724/724 820/820 819/819
f 724/724 725/725 821/821 820/820
f 725/725 726/726 822/822 821/821
f 726/726 727/727 823/823 822/822
f 727/727 728/728 824/824 823/823
f 728/728 729/729 825/825 824/824
f 729/729 730/730 826/826 825/825
f 730/730 731/731 827/827 826/826
f 731/731 732/732 828/828 827/827
f 732/732 733/733 829/829 828/828
f 733/733 734/734 830/830 829/829
f 734/734 735/735 831/831 830/830
f 735/735 736/736 832/832 831/831
f 736/736 737/737 833/833 832/832
f 737/737 738/738 834/834 833/833
f 738/738 739/739 835/835 834/834
f 739/739 740/740 836/836 835/835
f 740/740 741/741 837/837 836/836
f 741/741 742/742 838/838 837/837
f 742/742 743/743 839/839 838/838
f 743/743 744/744 840/840 839/839
f 744/744 745/745 841/841 840/840
f 745/745 746/746 842/842 841/841
f 746/746 747/747 843/843 842/842
f 747/747 748/748 844/844 843/843
f 748/748 749/749 845/845 844/844
f 749/749 750/750 846/846 845/845
f 750/750 751/751 847/847 846/846
f 751/751 752/752 848/848 847/847
f 752/752 753/753 849/849 848/848
f 753/753 754/754 850/850 849/849
f 754/754 755/755 851/851 850/850
f 755/755 756/756 852/852 851/851
f 756/756 757/757 853/853 852/852
f 757/757 758/758 854/854 853/853
f 758/758 759/759 855/855 854/854
f 759/759 760/760 856/856 855/855
f 760/760 761/761 857/857 856/856
f 761/761 762/762 858/858 857/857
f 762/762 763/763 859/859 858/858
f 763/763 764/764 860/860 859/859
f 764/764 765/765 861/861 860/860
f 765/765 766/766 862/862 861/861
f 766/766 767/767 863/863 862/862
f 767/767 768/768 864/864 863/863
f 768/768 769/769 865/865 864/864
f 769/769 674/674 770/770 865/865
f 770/770 771/771 867/867 866/866
f 771/771 772/772 868/868 867/867
f 772/772 773/773 869/869 868/868
f 773/773 774/774 870/870 869/869
f 774/774 775/775 871/871 870/870
f 775/775 776/776 872/872 871/871
f 776/776 777/777 873/873 872/872
f 777/777 778/778 874/874 873/873
f 778/778 779/779 875/875 874/874
f 779/779 780/780 876/876 875/875
f 780/780 781/781 877/877 876/876
f 781/781 782/782 878/878 877/877
f 782/782 783/783 879/879 878/878
f 783/783 784/784 880/880 879/879
f 784/784 785/785 881/881 880/880
f 785/785 786/786 882/882 881/881
f 786/786 787/787 883/883 882/882
f 787/787 788/788 884/884 883/883
f 788/788 789/789 885/885 884/884
f 789/789 790/790 886/886 885/885
f 790/790 791/791 887/887 886/886
f 791/791 792/792 888/888 887/887
f 792/792 793/793 889/889 888/888
f 793/793 794/794 890/890 889/889
f 794/794 795/795 891/891 890/890
f 795/795 796/796 892/892 891/891
f 796/796 797/797 893/893 892/892
f 797/797 798/798 894/894 893/893
f 798/798 799/799 895/895 894/894
f 799/799 800/800 896/896 895/895
f 800/800 801/801 897/897 896/896
f 801/801 802/802 898/898 897/897
f 802/802 803/803 899/899 898/898
f 803/803 804/804 900/900 899/899
f 804/804 805/805 901/901 900/900
f 805/805 806/806 902/902 901/901
f 806/806 807/807 903/903 902/902
f 807/807 808/808 904/904 903/903
f 808/808 809/809 905/905 904/904
f 809/809 810/810 906/906 905/905
f 810/810 811/811 907/907 906/906
f 811/811 812/812 908/908 907/907
f 812/812 813/813 909/909 908/908
f 813/813 814/814 910/910 909/909
f 814/814 815/815 911/911 910/910
f 815/815 816/816 912/912 911/911
f 816/816 817/817 913/913 912/912
f 817/817 818/818 914/914 913/913
f 818/818 819/819 915/915 914/914
f 819/819 820/820 916/916 915/915
f 820/820 821/821 917/917 916/916
f 821/821 822/822 918/918 917/917
f 822/822 823/823 919/919 918/918
f 823/823 824/824 920/920 919/919
f 824/824 825/825 921/921 920/920
f 825/825 826/826 922/922 921/921
f 826/826 827/827 923/923 922/922
f 827/827 828/828 924/924 923/923
f 828/828 829/829 925/925 924/924
f 829/829 830/830 926/926 925/925
f 830/830 831/831 927/927 926/926
f 831/831 832/832 928/928 927/927
f 832/832 833/833 929/929 928/928
f 833/833 834/834 930/930 929/929
f 834/834 835/835 931/931 930/930
f 835/835 836/836 932/932 931/931
f 836/836 837/837 933/933 932/932
f 837/837 838/838 934/934 933/933
f 838/838 839/839 935/935 934/934
f 839/839 840/840 936/936 935/935
f 840/840 841/841 937/937 936/936
f 841/841 842/842 938/938 937/937
f 842/842 843/843 939/939 938/938
f 843/843 844/844 940/940 939/939
f 844/844 845/845 941/941 940/940
f 845/845 846/846 942/942 941/941
f 846/846 847/847 943/943 942/942
f 847/847 848/848 944/944 943/943
f 848/848 849/849 945/945 944/944
f 849/849 850/850 946/946 945/945
f 850/850 851/851 947/947 946/946
f 851/851 852/852 948/948 947/947
f 852/852 853/853 949/949 948/948
f 853/853 854/854 950/950 949/949
f 854/854 855/855 951/951 950/950
f 855/855 856/856 952/952 951/951
f 856/856 857/857 953/953 952/952
f 857/857 858/858 954/954 953/953
f 858/858 859/859 955/955 954/954
f 859/859 860/860 956/956 955/955
f 860/860 861/861 957/957 956/956
f 861/861 862/862 958/958 957/957
f 862/862 863/863 959/959 958/958
f 863/863 864/864 960/960 959/959
f 864/864 865/865 961/961 960/960
f 865/865 770/770 866/866 961/961
f 866/866 867/867 963/963 962/962
f 867/867 868/868 964/964 963/963
f 868/868 869/869 965/965 964/964
f 869/869 870/870 966/966 965/965
f 870/870 871/871 967/967 966/966
f 871/871 872/872 968/968 967/967
f 872/872 873/873 969/969 968/968
f 873/873 874/874 970/970 969/969
f 874/874 875/875 971/971 970/970
f 875/875 876/876 972/972 971/971
f 876/876 877/877 973/973 972/972
f 877/877 878/878 974/974 973/973
f 878/878 879/879 975/975 974/974
f 879/879 880/880 976/976 975/975
f 880/880 881/881 977/977 976/976
f 881/881 882/882 978/978 977/977
f 882/882 883/883 979/979 978/978
f 883/883 884/884 980/980 979/979
f 884/884 885/885 981/981 980/980
f 885/885 886/886 982/982 981/981
f 886/886 887/887 983/983 982/982
f 887/887 888/888 984/984 983/983
f 888/888 889/889 985/985 984/984
f 889/889 890/890 986/986 985/985
f 890/890 891/891 987/987 986/986
f 891/891 892/892 988/988 987/987
f 892/892 893/893 989/989 988/988
f 893/893 894/894 990/990 989/989
f 894/894 895/895 991/991 990/990
f 895/895 896/896 992/992 991/991
f 896/896 897/897 993/993 992/992
f 897/897 898/898 994/994 993/993
f 898/898 899/899 995/995 994/994
f 899/899 900/900 996/996 995/995
f 900/900 901/901 997/997 996/996
f 901/901 902/902 998/998 997/997
f 902/902 903/903 999/999 998/998
f 903/903 904/904 1000/1000 999/999
f 904/904 905/905 1001/1001 1000/1000
f 905/905 906/906 1002/1002 1001/1001
f 906/906 907/907 1003/1003 1002/1002
f 907/907 908/908 1004/1004 1003/1003
f 908/908 909/909 1005/1005 1004/1004
f 909/909 910/910 1006/1006 1005/1005
f 910/910 911/911 1007/1007 1006/1006
f 911/911 912/912 1008/1008 1007/1007
f 912/912 913/913 1009/1009 1008/1008
f 913/913 914/914 1010/1010 1009/1009
f 914/914 915/915 1011/1011 1010/1010
f 915/915 916/916 1012/1012 1011/1011
f 916/916 917/917 1013/1013 1012/1012
f 917/917 918/918 1014/1014 1013/1013
f 918/918 919/919 1015/1015 1014/1014
f 919/919 920/920 1016/1016 1015/1015
f 920/920 921/921 1017/1017 1016/1016
f 921/921 922/922 1018/1018 1017/1017
f 922/922 923/923 1019/1019 1018/1018
f 923/923 924/924 1020/1020 1019/1019
f 924/924 925/925 1021/1021 1020/1020
f 925/925 926/926 1022/1022 1021/1021
f 926/926 927/927 1023/1023 1022/1022
f 927/927 928/928 1024/1024 1023/1023
f 928/928 929/929 1025/1025 1024/1024
f 929/929 930/930 1026/1026 1025/1025
f 930/930 931/931 1027/1027 1026/1026
f 931/931 932/932 1028/1028 1027/1027
f 932/932 933/933 1029/1029 1028/1028
f 933/933 934/934 1030/1030 1029/1029
f 934/934 935/935 1031/1031 1030/1030
f 935/935 936/936 1032/1032 1031/1031
f 936/936 937/937 1033/1033 1032/1032
f 937/937 938/938 1034/1034 1033/1033
f 938/938 939/939 1035/1035 1034/1034
f 939/939 940/940 1036/1036 1035/1035
f 940/940 941/941 1037/1037 1036/1036
f 941/941 942/942 1038/1038 1037/1037
f 942/942 943/943 1039/1039 1038/1038
f 943/943 944/944 1040/1040 1039/1039
f 944/944 945/945 1041/1041 1040/1040
f 945/945 946/946 1042/1042 1041/1041
f 946/946 947/947 1043/1043 1042/1042
f 947/947 948/948 1044/1044 1043/1043
f 948/948 949/949 1045/1045 1044/1044
f 949/949 950/950 1046/1046 1045/1045
f 950/950 951/951 1047/1047 1046/1046
f 951/951 952/952 1048/1048 1047/1047
f 952/952 953/953 1049/1049 1048/1048
f 953/953 954/954 1050/1050 1049/1049
f 954/954 955/955 1051/1051 1050/1050
f 955/955 956/956 1052/1052 1051/1051
f 956/956 957/957 1053/1053 1052/1052
f 957/957 958/958 1054/1054 1053/1053
f 958/958 959/959 1055/1055 1054/1054
f 959/959 960/960 1056/1056 1055/1055
f 960/960 961/961 1057/1057 1056/1056
f 961/961 866/866 962/962 1057/1057
f 962/962 963/963 1059/1059 1058/1058
f 963/963 964/964 1060/1060 1059/1059
f 964/964 965/965 1061/1061 1060/1060
f 965/965 966/966 1062/1062 1061/1061
f 966/966 967/967 1063/1063 1062/1062
f 967/967 968/968 1064/1064 1063/1063
f 968/968 969/969 1065/1065 1064/1064
f 969/969 970/970 1066/1066 1065/1065
f 970/970 971/971 1067/1067 1066/1066
f 971/971 972/972 1068/1068 1067/1067
f 972/972 973/973 1069/1069 1068/1068
f 973/973 974/974 1070/1070 1069/1069
f 974/974 975/975 1071/1071 1070/1070
f 975/975 976/976 1072/1072 1071/1071
f 976/976 977/977 1073/1073 1072/1072
f 977/977 978/978 1074/1074 1073/1073
f 978/978 979/979 1075/1075 1074/1074
f 979/979 980/980 1076/1076 1075/1075
f 980/980 981/981 1077/1077 1076/1076
f 981/981 982/982 1078/1078 1077/1077
f 982/982 983/983 1079/1079 1078/1078
f 983/983 984/984 1080/1080 1079/1079
f 984/984 985/985 1081/1081 1080/1080
f 985/985 986/986 1082/1082 1081/1081
f 986/986 987/987 1083/1083 1082/1082
f 987/987 988/988 1084/1084 1083/1083
f 988/988 989/989 1085/1085 1084/1084
f 989/989 990/990 1086/1086 1085/1085
f 990/990 991/991 1087/1087 1086/1086
f 991/991 992/992 1088/1088 1087/1087
f 992/992 993/993 1089/1089 1088/1088
f 993/993 994/994 1090/1090 1089/1089
f 994/994 995/995 1091/1091 1090/1090
f 995/995 996/996 1092/1092 1091/1091
f 996/996 997/997 1093/1093 1092/1092
f 997/997 998/998 1094/1094 1093/1093
f 998/998 999/999 1095/1095 1094/1094
f 999/999 1000/1000 1096/1096 1095/1095
f 1000/1000 1001/1001 1097/1097 1096/1096
f 1001/1001 1002/1002 1098/1098 1097/1097
f 1002/1002 1003/1003 1099/1099 1098/1098
f 1003/1003 1004/1004 1100/1100 1099/1099
f 1004/1004 1005/1005 1101/1101 1100/1100
f 1005/1005 1006/1006 1102/1102 1101/1101
f 1006/1006 1007/1007 1103/1103 1102/1102
f 1007/1007 1008/1008 1104/1104 1103/1103
f 1008/1008 1009/1009 1105/1105 1104/1104
f 1009/1009 1010/1010 1106/1106 1105/1105
f 1010/1010 1011/1011 1107/1107 1106/1106
f 1011/1011 1012/1012 1108/1108 1107/1107
f 1012/1012 1013/1013 1109/1109 1108/1108
f 1013/1013 1014/1014 1110/1110 1109/1109
f 1014/1014 1015/1015 1111/1111 1110/1110
f 1015/1015 1016/1016 1112/1112 1111/1111
f 1016/1016 1017/1017 1113/1113 1112/1112
f 1017/1017 1018/1018 1114/1114 1113/1113
f 1018/1018 1019/1019 1115/1115 1114/1114
f 1019/1019 1020/1020 1116/1116 1115/1115
f 1020/1020 1021/1021 1117/1117 1116/1116
f 1021/1021 1022/1022 1118/1118 1117/1117
f 1022/1022 1023/1023 1119/1119 1118/1118
f 1023/1023 1024/1024 1120/1120 1119/1119
f 1024/1024 1025/1025 1121/1121 1120/1120
f 1025/1025 1026/1026 1122/1122 1121/1121
f 1026/1026 1027/1027 1123/1123 1122/1122
f 1027/1027 1028/1028 1124/1124 1123/1123
f 1028/1028 1029/1029 1125/1125 1124/1124
f 1029/1029 1030/1030 1126/1126 1125/1125
f 1030/1030 1031/1031 1127/1127 1126/1126
f 1031/1031 1032/1032 1128/1128 1127/1127
f 1032/1032 1033/1033 1129/1129 1128/1128
f 1033/1033 1034/1034 1130/1130 1129/1129
f 1034/1034 1035/1035 1131/1131 1130/1130
f 1035/1035 1036/1036 1132/1132 1131/1131
f 1036/1036 1037/1037 1133/1133 1132/1132
f 1037/1037 1038/1038 1134/1134 1133/1133
f 1038/1038 1039/1039 1135/1135 1134/1134
f 1039/1039 1040/1040 1136/1136 1135/1135
f 1040/1040 1041/1041 1137/1137 1136/1136
f 1041/1041 1042/1042 1138/1138 1137/1137
f 1042/1042 1043/1043 1139/1139 1138/1138
f 1043/1043 1044/1044 1140/1140 1139/1139
f 1044/1044 1045/1045 1141/1141 1140/1140
f 1045/1045 1046/1046 1142/1142 1141/1141
f 1046/1046 1047/1047 1143/1143 1142/1142
f 1047/1047 1048/1048 1144/1144 1143/1143
f 1048/1048 1049/1049 1145/1145 1144/1144
f 1049/1049 1050/1050 1146/1146 1145/1145
f 1050/1050 1051/1051 1147/1147 1146/1146
f 1051/1051 1052/1052 1148/1148 1147/1147
f 1052/1052 1053/1053 1149/1149 1148/1148
f 1053/1053 1054/1054 1150/1150 1149/1149
f 1054/1054 1055/1055 1151/1151 1150/1150
f 1055/1055 1056/1056 1152/1152 1151/1151
f 1056/1056 1057/1057 1153/1153 1152/1152
f 1057/1057 962/962 1058/1058 1153/1153
f 1058/1058 1059/1059 1155/1155 1154/1154
f 1059/1059 1060/1060 1156/1156 1155/1155
f 1060/1060 1061/1061 1157/1157 1156/1156
f 1061/1061 1062/1062 1158/1158 1157/1157
f 1062/1062 1063/1063 1159/1159 1158/1158
f 1063/1063 1064/1064 1160/1160 1159/1159
f 1064/1064 1065/1065 1161/1161 1160/1160
f 1065/1065 1066/1066 1162/1162 1161/1161
f 1066/1066 1067/1067 1163/1163 1162/1162
f 1067/1067 1068/1068 1164/1164 1163/1163
f 1068/1068 1069/1069 1165/1165 1164/1164
f 1069/1069 1070/1070 1166/1166 1165/1165
f 1070/1070 1071/1071 1167/1167 1166/1166
f 1071/1071 1072/1072 1168/1168 1167/1167
f 1072/1072 1073/1073 1169/1169 1168/1168
f 1073/1073 1074/1074 1170/1170 1169/1169
f 1074/1074 1075/1075 1171/1171 1170/1170
f 1075/1075 1076/1076 1172/1172 1171/1171
f 1076/1076 1077/1077 1173/1173 1172/1172
f 1077/1077 1078/1078 1174/1174 1173/1173
f 1078/1078 1079/1079 1175/1175 1174/1174
f 1079/1079 1080/1080 1176/1176 1175/1175
f 1080/1080 1081/1081 1177/1177 1176/1176
f 1081/1081 1082/1082 1178/1178 1177/1177
f 1082/1082 1083/1083 1179/1179 1178/1178
f 1083/1083 1084/1084 1180/1180 1179/1179
f 1084/1084 1085/1085 1181/1181 1180/1180
f 1085/1085 1086/1086 1182/1182 1181/1181
f 1086/1086 1087/1087 1183/1183 1182/1182
f 1087/1087 1088/1088 1184/1184 1183/1183
f 1088/1088 1089/1089 1185/1185 1184/1184
f 1089/1089 1090/1090 1186/1186 1185/1185
f 1090/1090 1091/1091 1187/1187 1186/1186
f 1091/1091 1092/1092 1188/1188 1187/1187
f 1092/1092 1093/1093 1189/1189 1188/1188
f 1093/1093 1094/1094 1190/1190 1189/1189
f 1094/1094 1095/1095 1191/1191 1190/1190
f 1095/1095 1096/1096 1192/1192 1191/1191
f 1096/1096 1097/1097 1193/1193 1192/1192
f 1097/1097 1098/1098 1194/1194 1193/1193
f 1098/1098 1099/1099 1195/1195 1194/1194
f 1099/1099 1100/1100 1196/1196 1195/1195
f 1100/1100 1101/1101 1197/1197 1196/1196
f 1101/1101 1102/1102 1198/1198 1197/1197
f 1102/1102 1103/1103 1199/1199 1198/1198
f 1103/1103 1104/1104 1200/1200 1199/1199
f 1104/1104 1105/1105 1201/1201 1200/1200
f 1105/1105 1106/1106 1202/1202 1201/1201
f 1106/1106 1107/1107 1203/1203 1202/1202
f 1107/1107 1108/1108 1204/1204 1203/1203
f 1108/1108 1109/1109 1205/1205 1204/1204
f 1109/1109 1110/1110 1206/1206 1205/1205
f 1110/1110 1111/1111 1207/1207 1206/1206
f 1111/1111 1112/1112 1208/1208 1207/1207
f 1112/1112 1113/1113 1209/1209 1208/1208
f 1113/1113 1114/1114 1210/1210 1209/1209
f 1114/1114 1115/1115 1211/1211 1210/1210
f 1115/1115 1116/1116 1212/1212 1211/1211
f 1116/1116 1117/1117 1213/1213 1212/1212
f 1117/1117 1118/1118 1214/1214 1213/1213
f 1118/1118 1119/1119 1215/1215 1214/1214
f 1119/1119 1120/1120 1216/1216 1215/1215
f 1120/1120 1121/1121 1217/1217 1216/1216
f 1121/1121 1122/1122 1218/1218 1217/1217
f 1122/1122 1123/1123 1219/1219 1218/1218
f 1123/1123 1124/1124 1220/1220 1219/1219
f 1124/1124 1125/1125 1221/1221 1220/1220
f 1125/1125 1126/1126 1222/1222 1221/1221
f 1126/1126 1127/1127 1223/1223 1222/1222
f 1127/1127 1128/1128 1224/1224 1223/1223
f 1128/1128 1129/1129 1225/1225 1224/1224
f 1129/1129 1130/1130 1226/1226 1225/1225
f 1130/1130 1131/1131 1227/1227 1226/1226
f 1131/1131 1132/1132 1228/1228 1227/1227
f 1132/1132 1133/1133 1229/1229 1228/1228
f 1133/1133 1134/1134 1230/1230 1229/1229
f 1134/1134 1135/1135 1231/1231 1230/1230
f 1135/1135 1136/1136 1232/1232 1231/1231
f 1136/1136 1137/1137 1233/1233 1232/1232
f 1137/1137 1138/1138 1234/1234 1233/1233
f 1138/1138 1139/1139 1235/1235 1234/1234
f 1139/1139 1140/1140 1236/1236 1235/1235
f 1140/1140 1141/1141 1237/1237 1236/1236
f 1141/1141 1142/1142 1238/1238 1237/1237
f 1142/1142 1143/1143 1239/1239 1238/1238
f 1143/1143 1144/1144 1240/1240 1239/1239
f 1144/1144 1145/1145 1241/1241 1240/1240
f 1145/1145 1146/1146 1242/1242 1241/1241
f 1146/1146 1147/1147 1243/1243 1242/1242
f 1147/1147 1148/1148 1244/1244 1243/1243
f 1148/1148 1149/1149 1245/1245 1244/1244
f 1149/1149 1150/1150 1246/1246 1245/1245
f 1150/1150 1151/1151 1247/1247 1246/1246
f 1151/1151 1152/1152 1248/1248 1247/1247
f 1152/1152 1153/1153 1249/1249 1248/1248
f 1153/1153 1058/1058 1154/1154 1249/1249
f 1154/1154 1155/1155 1251/1251 1250/1250
f 1155/1155 1156/1156 1252/1252 1251/1251
f 1156/1156 1157/1157 1253/1253 1252/1252
f 1157/1157 1158/1158 1254/1254 1253/1253
f 1158/1158 1159/1159 1255/1255 1254/1254
f 1159/1159 1160/1160 1256/1256 1255/1255
f 1160/1160 1161/1161 1257/1257 1256/1256
f 1161/1161 1162/1162 1258/1258 1257/1257
f 1162/1162 1163/1163 1259/1259 1258/1258
f 1163/1163 1164/1164 1260/1260 1259/1259
f 1164/1164 1165/1165 1261/1261 1260/1260
f 1165/1165 1166/1166 1262/1262 1261/1261
f 1166/1166 1167/1167 1263/1263 1262/1262
f 1167/1167 1168/1168 1264/1264 1263/1263
f 1168/1168 1169/1169 1265/1265 1264/1264
f 1169/1169 1170/1170 1266/1266 1265/1265
f 1170/1170 1171/1171 1267/1267 1266/1266
f 1171/1171 1172/1172 1268/1268 1267/1267
f 1172/1172 1173/1173 1269/1269 1268/1268
f 1173/1173 1174/1174 1270/1270 1269/1269
f 1174/1174 1175/1175 1271/1271 1270/1270
f 1175/1175 1176/1176 1272/1272 1271/1271
f 1176/1176 1177/1177 1273/1273 1272/1272
f 1177/1177 1178/1178 1274/1274 1273/1273
f 1178/1178 1179/1179 1275/1275 1274/1274
f 1179/1179 1180/1180 1276/1276 1275/1275
f 1180/1180 1181/1181 1277/1277 1276/1276
f 1181/1181 1182/1182 1278/1278 1277/1277
f 1182/1182 1183/1183 1279/1279 1278/1278
f 1183/1183 1184/1184 1280/1280 1279/1279
f 1184/1184 1185/1185 1281/1281 1280/1280
f 1185/1185 1186/1186 1282/1282 1281/1281
f 1186/1186 1187/1187 1283/1283 1282/1282
f 1187/1187 1188/1188 1284/1284 1283/1283
f 1188/1188 1189/1189 1285/1285 1284/1284
f 1189/1189 1190/1190 1286/1286 1285/1285
f 1190/1190 1191/1191 1287/1287 1286/1286
f 1191/1191 1192/1192 1288/1288 1287/1287
f 1192/1192 1193/1193 1289/1289 1288/1288
f 1193/1193 1194/1194 1290/1290 1289/1289
f 1194/1194 1195/1195 1291/1291 1290/1290
f 1195/1195 1196/1196 1292/1292 1291/1291
f 1196/1196 1197/1197 1293/1293 1292/1292
f 1197/1197 1198/1198 1294/1294 1293/1293
f 1198/1198 1199/1199 1295/1295 1294/1294
f 1199/1199 1200/1200 1296/1296 1295/1295
f 1200/1200 1201/1201 1297/1297 1296/1296
f 1201/1201 1202/1202 1298/1298 1297/1297
f 1202/1202 1203/1203 1299/1299 1298/1298
f 1203/1203 1204/1204 1300/1300 1299/1299
f 1204/1204 1205/1205 1301/1301 1300/1300
f 1205/1205 1206/1206 1302/1302 1301/1301
f 1206/1206 1207/1207 1303/1303 1302/1302
f 1207/1207 1208/1208 1304/1304 1303/1303
f 1208/1208 1209/1209 1305/1305 1304/1304
f 1209/1209 1210/1210 1306/1306 1305/1305
f 1210/1210 1211/1211 1307/1307 1306/1306
f 1211/1211 1212/1212 1308/1308 1307/1307
f 1212/1212 1213/1213 1309/1309 1308/1308
f 1213/1213 1214/1214 1310/1310 1309/1309
f 1214/1214 1215/1215 1311/1311 1310/1310
f 1215/1215 1216/1216 1312/1312 1311/1311
f 1216/1216 1217/1217 1313/1313 1312/1312
f 1217/1217 1218/1218 1314/1314 1313/1313
f 1218/1218 1219/1219 1315/1315 1314/1314
f 1219/1219 1220/1220 1316/1316 1315/1315
f 1220/1220 1221/1221 1317/1317 1316/1316
f 1221/1221 1222/1222 1318/1318 1317/1317
f 1222/1222 1223/1223 1319/1319 1318/1318
f 1223/1223 1224/1224 1320/1320 1319/1319
f 1224/1224 1225/1225 1321/1321 1320/1320
f 1225/1225 1226/1226 1322/1322 1321/1321
f 1226/1226 1227/1227 1323/1323 1322/1322
f 1227/1227 1228/1228 1324/1324 1323/1323
f 1228/1228 1229/1229 1325/1325 1324/1324
f 1229/1229 1230/1230 1326/1326 1325/1325
f 1230/1230 1231/1231 1327/1327 1326/1326
f 1231/1231 1232/1232 1328/1328 1327/1327
f 1232/1232 1233/1233 1329/1329 1328/1328
f 1233/1233 1234/1234 1330/1330 1329/1329
f 1234/1234 1235/1235 1331/1331 1330/1330
f 1235/1235 1236/1236 1332/1332 1331/1331
f 1236/1236 1237/1237 1333/1333 1332/1332
f 1237/1237 1238/1238 1334/1334 1333/1333
f 1238/1238 1239/1239 1335/1335 1334/1334
f 1239/1239 1240/1240 1336/1336 1335/1335
f 1240/1240 1241/1241 1337/1337 1336/1336
f 1241/1241 1242/1242 1338/1338 1337/1337
f 1242/1242 1243/1243 1339/1339 1338/1338
f 1243/1243 1244/1244 1340/1340 1339/1339
f 1244/1244 1245/1245 1341/1341 1340/1340
f 1245/1245 1246/1246 1342/1342 1341/1341
f 1246/1246 1247/1247 1343/1343 1342/1342
f 1247/1247 1248/1248 1344/1344 1343/1343
f 1248/1248 1249/1249 1345/1345 1344/1344
f 1249/1249 1154/1154 1250/1250 1345/1345
f 1250/1250 1251/1251 1347/1347 1346/1346
f 1251/1251 1252/1252 1348/1348 1347/1347
f 1252/1252 1253/1253 1349/1349 1348/1348
f 1253/1253 1254/1254 1350/1350 1349/1349
f 1254/1254 1255/1255 1351/1351 1350/1350
f 1255/1255 1256/1256 1352/1352 1351/1351
f 1256/1256 1257/1257 1353/1353 1352/1352
f 1257/1257 1258/1258 1354/1354 1353/1353
f 1258/1258 1259/1259 1355/1355 1354/1354
f 1259/1259 1260/1260 1356/1356 1355/1355
f 1260/1260 1261/1261 1357/1357 1356/1356
f 1261/1261 1262/1262 1358/1358 1357/1357
f 1262/1262 1263/1263 1359/1359 1358/1358
f 1263/1263 1264/1264 1360/1360 1359/1359
f 1264/1264 1265/1265 1361/1361 1360/1360
f 1265/1265 1266/1266 1362/1362 1361/1361
f 1266/1266 1267/1267 1363/1363 1362/1362
f 1267/1267 1268/1268 1364/1364 1363/1363
f 1268/1268 1269/1269 1365/1365 1364/1364
f 1269/1269 1270/1270 1366/1366 1365/1365
f 1270/1270 1271/1271 1367/1367 1366/1366
f 1271/1271 1272/1272 1368/1368 1367/1367
f 1272/1272 1273/1273 1369/1369 1368/1368
f 1273/1273 1274/1274 1370/1370 1369/1369
f 1274/1274 1275/1275 1371/1371 1370/1370
f 1275/1275 1276/1276 1372/1372 1371/1371
f 1276/1276 1277/1277 1373/1373 1372/1372
f 1277/1277 1278/1278 1374/1374 1373/1373
f 1278/1278 1279/1279 1375/1375 1374/1374
f 1279/1279 1280/1280 1376/1376 1375/1375
f 1280/1280 1281/1281 1377/1377 1376/1376
f 1281/1281 1282/1282 1378/1378 1377/1377
f 1282/1282 1283/1283 1379/1379 1378/1378
f 1283/1283 1284/1284 1380/1380 1379/1379
f 1284/1284 1285/1285 1381/1381 1380/1380
f 1285/1285 1286/1286 1382/1382 1381/1381
f 1286/1286 1287/1287 1383/1383 1382/1382
f 1287/1287 1288/1288 1384/1384 1383/1383
f 1288/1288 1289/1289 1385/1385 1384/1384
f 1289/1289 1290/1290 1386/1386 1385/1385
f 1290/1290 1291/1291 1387/1387 1386/1386
f 1291/1291 1292/1292 1388/1388 1387/1387
f 1292/1292 1293/1293 1389/1389 1388/1388
f 1293/1293 1294/1294 1390/1390 1389/1389
f 1294/1294 1295/1295 1391/1391 1390/1390
f 1295/1295 1296/1296 1392/1392 1391/1391
f 1296/1296 1297/1297 1393/1393 1392/1392
f 1297/1297 1298/1298 1394/1394 1393/1393
f 1298/1298 1299/1299 1395/1395 1394/1394
f 1299/1299 1300/1300 1396/1396 1395/1395
f 1300/1300 1301/1301 1397/1397 1396/1396
f 1301/1301 1302/1302 1398/1398 1397/1397
f 1302/1302 1303/1303 1399/1399 1398/1398
f 1303/1303 1304/1304 1400/1400 1399/1399
f 1304/1304 1305/1305 1401/1401 1400/1400
f 1305/1305 1306/1306 1402/1402 1401/1401
f 1306/1306 1307/1307 1403/1403 1402/1402
f 1307/1307 1308/1308 1404/1404 1403/1403
f 1308/1308 1309/1309 1405/1405 1404/1404
f 1309/1309 1310/1310 1406/1406 1405/1405
f 1310/1310 1311/1311 1407/1407 1406/1406
f 1311/1311 1312/1312 1408/1408 1407/1407
f 1312/1312 1313/1313 1409/1409 1408/1408
f 1313/1313 1314/1314 1410/1410 1409/1409
f 1314/1314 1315/1315 1411/1411 1410/1410
f 1315/1315 1316/1316 1412/1412 1411/1411
f 1316/1316 1317/1317 1413/1413 1412/1412
f 1317/1317 1318/1318 1414/1414 1413/1413
f 1318/1318 1319/1319 1415/1415 1414/1414
f 1319/1319 1320/1320 1416/1416 1415/1415
f 1320/1320 1321/1321 1417/1417 1416/1416
f 1321/1321 1322/1322 1418/1418 1417/1417
f 1322/1322 1323/1323 1419/1419 1418/1418
f 1323/1323 1324/1324 1420/1420 1419/1419
f 1324/1324 1325/1325 1421/1421 1420/1420
f 1325/1325 1326/1326 1422/1422 1421/1421
f 1326/1326 1327/1327 1423/1423 1422/1422
f 1327/1327 1328/1328 1424/1424 1423/1423
f 1328/1328 1329/1329 1425/1425 1424/1424
f 1329/1329 1330/1330 1426/1426 1425/1425
f 1330/1330 1331/1331 1427/1427 1426/1426
f 1331/1331 1332/1332 1428/1428 1427/1427
f 1332/1332 1333/1333 1429/1429 1428/1428
f 1333/1333 1334/1334 1430/1430 1429/1429
f 1334/1334 1335/1335 1431/1431 1430/1430
f 1335/1335 1336/1336 1432/1432 1431/1431
f 1336/1336 1337/1337 1433/1433 1432/1432
f 1337/1337 1338/1338 1434/1434 1433/1433
f 1338/1338 1339/1339 1435/1435 1434/1434
f 1339/1339 1340/1340 1436/1436 1435/1435
f 1340/1340 1341/1341 1437/1437 1436/1436
f 1341/1341 1342/1342 1438/1438 1437/1437
f 1342/1342 1343/1343 1439/1439 1438/1438
f 1343/1343 1344/1344 1440/1440 1439/1439
f 1344/1344 1345/1345 1441/1441 1440/1440
f 1345/1345 1250/1250 1346/1346 1441/1441
f 1346/1346 1347/1347 1443/1443 1442/1442
f 1347/1347 1348/1348 1444/1444 1443/1443
f 1348/1348 1349/1349 1445/1445 1444/1444
f 1349/1349 1350/1350 1446/1446 1445/1445
f 1350/1350 1351/1351 1447/1447 1446/1446
f 1351/1351 1352/1352 1448/1448 1447/1447
f 1352/1352 1353/1353 1449/1449 1448/1448
f 1353/1353 1354/1354 1450/1450 1449/1449
f 1354/1354 1355/1355 1451/1451 1450/1450
f 1355/1355 1356/1356 1452/1452 1451/1451
f 1356/1356 1357/1357 1453/1453 1452/1452
f 1357/1357 1358/1358 1454/1454 1453/1453
f 1358/1358 1359/1359 1455/1455 1454/1454
f 1359/1359 1360/1360 1456/1456 1455/1455
f 1360/1360 1361/1361 1457/1457 1456/1456
f 1361/1361 1362/1362 1458/1458 1457/1457
f 1362/1362 1363/1363 1459/1459 1458/1458
f 1363/1363 1364/1364 1460/1460 1459/1459
f 1364/1364 1365/1365 1461/1461 1460/1460
f 1365/1365 1366/1366 1462/1462 1461/1461
f 1366/1366 1367/1367 1463/1463 1462/1462
f 1367/1367 1368/1368 1464/1464 1463/1463
f 1368/1368 1369/1369 1465/1465 1464/1464
f 1369/1369 1370/1370 1466/1466 1465/1465
f 1370/1370 1371/1371 1467/1467 1466/1466
f 1371/1371 1372/1372 1468/1468 1467/1467
f 1372/1372 1373/1373 1469/1469 1468/1468
f 1373/1373 1374/1374 1470/1470 1469/1469
f 1374/1374 1375/1375 1471/1471 1470/1470
f 1375/1375 1376/1376 1472/1472 1471/1471
f 1376/1376 1377/1377 1473/1473 1472/1472
f 1377/1377 1378/1378 1474/1474 1473/1473
f 1378/1378 1379/1379 1475/1475 1474/1474
f 1379/1379 1380/1380 1476/1476 1475/1475
f 1380/1380 1381/1381 1477/1477 1476/1476
f 1381/1381 1382/1382 1478/1478 1477/1477
f 1382/1382 1383/1383 1479/1479 1478/1478
f 1383/1383 1384/1384 1480/1480 1479/1479
f 1384/1384 1385/1385 1481/1481 1480/1480
f 1385/1385 1386/1386 1482/1482 1481/1481
f 1386/1386 1387/1387 1483/1483 1482/1482
f 1387/1387 1388/1388 1484/1484 1483/1483
f 1388/1388 1389/1389 1485/1485 1484/1484
f 1389/1389 1390/1390 1486/1486 1485/1485
f 1390/1390 1391/1391 1487/1487 1486/1486
f 1391/1391 1392/1392 1488/1488 1487/1487
f 1392/1392 1393/1393 1489/1489 1488/1488
f 1393/1393 1394/1394 1490/1490 1489/1489
f 1394/1394 1395/1395 1491/1491 1490/1490
f 1395/1395 1396/1396 1492/1492 1491/1491
f 1396/1396 1397/1397 1493/1493 1492/1492
f 1397/1397 1398/1398 1494/1494 1493/1493
f 1398/1398 1399/1399 1495/1495 1494/1494
f 1399/1399 1400/1400 1496/1496 1495/1495
f 1400/1400 1401/1401 1497/1497 1496/1496
f 1401/1401 1402/1402 1498/1498 1497/1497
f 1402/1402 1403/1403 1499/1499 1498/1498
f 1403/1403 1404/1404 1500/1500 1499/1499
f 1404/1404 1405/1405 1501/1501 1500/1500
f 1405/1405 1406/1406 1502/1502 1501/1501
f 1406/1406 1407/1407 1503/1503 1502/1502
f 1407/1407 1408/1408 1504/1504 1503/1503
f 1408/1408 1409/1409 1505/1505 1504/1504
f 1409/1409 1410/1410 1506/1506 1505/1505
f 1410/1410 1411/1411 1507/1507 1506/1506
f 1411/1411 1412/1412 1508/1508 1507/1507
f 1412/1412 1413/1413 1509/1509 1508/1508
f 1413/1413 1414/1414 1510/1510 1509/1509
f 1414/1414 1415/1415 1511/1511 1510/1510
f 1415/1415 1416/1416 1512/1512 1511/1511
f 1416/1416 1417/1417 1513/1513 1512/1512
f 1417/1417 1418/1418 1514/1514 1513/1513
f 1418/1418 1419/1419 1515/1515 1514/1514
f 1419/1419 1420/1420 1516/1516 1515/1515
f 1420/1420 1421/1421 1517/1517 1516/1516
f 1421/1421 1422/1422 1518/1518 1517/1517
f 1422/1422 1423/1423 1519/1519 1518/1518
f 1423/1423 1424/1424 1520/1520 1519/1519
f 1424/1424 1425/1425 1521/1521 1520/1520
f 1425/1425 1426/1426 1522/1522 1521/1521
f 1426/1426 1427/1427 1523/1523 1522/1522
f 1427/1427 1428/1428 1524/1524 1523/1523
f 1428/1428 1429/1429 1525/1525 1524/1524
f 1429/1429 1430/1430 1526/1526 1525/1525
f 1430/1430 1431/1431 1527/1527 1526/1526
f 1431/1431 1432/1432 1528/1528 1527/1527
f 1432/1432 1433/1433 1529/1529 1528/1528
f 1433/1433 1434/1434 1530/1530 1529/1529
f 1434/1434 1435/1435 1531/1531 1530/1530
f 1435/1435 1436/1436 1532/1532 1531/1531
f 1436/1436 1437/1437 1533/1533 1532/1532
f 1437/1437 1438/1438 1534/1534 1533/1533
f 1438/1438 1439/1439 1535/1535 1534/1534
f 1439/1439 1440/1440 1536/1536 1535/1535
f 1440/1440 1441/1441 1537/1537 1536/1536
f 1441/1441 1346/1346 1442/1442 1537/1537
f 1442/1442 1443/1443 1539/1539 1538/1538
f 1443/1443 1444/1444 1540/1540 1539/1539
f 1444/1444 1445/1445 1541/1541 1540/1540
f 1445/1445 1446/1446 1542/1542 1541/1541
f 1446/1446 1447/1447 1543/1543 1542/1542
f 1447/1447 1448/1448 1544/1544 1543/1543
f 1448/1448 1449/1449 1545/1545 1544/1544
f 1449/1449 1450/1450 1546/1546 1545/1545
f 1450/1450 1451/1451 1547/1547 1546/1546
f 1451/1451 1452/1452 1548/1548 1547/1547
f 1452/1452 1453/1453 1549/1549 1548/1548
f 1453/1453 1454/1454 1550/1550 1549/1549
f 1454/1454 1455/1455 1551/1551 1550/1550
f 1455/1455 1456/1456 1552/1552 1551/1551
f 1456/1456 1457/1457 1553/1553 1552/1552
f 1457/1457 1458/1458 1554/1554 1553/1553
f 1458/1458 1459/1459 1555/1555 1554/1554
f 1459/1459 1460/1460 1556/1556 1555/1555
f 1460/1460 1461/1461 1557/1557 1556/1556
f 1461/1461 1462/1462 1558/1558 1557/1557
f 1462/1462 1463/1463 1559/1559 1558/1558
f 1463/1463 1464/1464 1560/1560 1559/1559
f 1464/1464 1465/1465 1561/1561 1560/1560
f 1465/1465 1466/1466 1562/1562 1561/1561
f 1466/1466 1467/1467 1563/1563 1562/1562
f 1467/1467 1468/1468 1564/1564 1563/1563
f 1468/1468 1469/1469 1565/1565 1564/1564
f 1469/1469 1470/1470 1566/1566 1565/1565
f 1470/1470 1471/1471 1567/1567 1566/1566
f 1471/1471 1472/1472 1568/1568 1567/1567
f 1472/1472 1473/1473 1569/1569 1568/1568
f 1473/1473 1474/1474 1570/1570 1569/1569
f 1474/1474 1475/1475 1571/1571 1570/1570
f 1475/1475 1476/1476 1572/1572 1571/1571
f 1476/1476 1477/1477 1573/1573 1572/1572
f 1477/1477 1478/1478 1574/1574 1573/1573
f 1478/1478 1479/1479 1575/1575 1574/1574
f 1479/1479 1480/1480 1576/1576 1575/1575
f 1480/1480 1481/1481 1577/1577 1576/1576
f 1481/1481 1482/1482 1578/1578 1577/1577
f 1482/1482 1483/1483 1579/1579 1578/1578
f 1483/1483 1484/1484 1580/1580 1579/1579
f 1484/1484 1485/1485 1581/1581 1580/1580
f 1485/1485 1486/1486 1582/1582 1581/1581
f 1486/1486 1487/1487 1583/1583 1582/1582
f 1487/1487 1488/1488 1584/1584 1583/1583
f 1488/1488 1489/1489 1585/1585 1584/1584
f 1489/1489 1490/1490 1586/1586 1585/1585
f 1490/1490 1491/1491 1587/1587 1586/1586
f 1491/1491 1492/1492 1588/1588 1587/1587
f 1492/1492 1493/1493 1589/1589 1588/1588
f 1493/1493 1494/1494 1590/1590 1589/1589
f 1494/1494 1495/1495 1591/1591 1590/1590
f 1495/1495 1496/1496 1592/1592 1591/1591
f 1496/1496 1497/1497 1593/1593 1592/1592
f 1497/1497 1498/1498 1594/1594 1593/1593
f 1498/1498 1499/1499 1595/1595 1594/1594
f 1499/1499 1500/1500 1596/1596 1595/1595
f 1500/1500 1501/1501 1597/1597 1596/1596
f 1501/1501 1502/1502 1598/1598 1597/1597
f 1502/1502 1503/1503 1599/1599 1598/1598
f 1503/1503 1504/1504 1600/1600 1599/1599
f 1504/1504 1505/1505 1601/1601 1600/1600
f 1505/1505 1506/1506 1602/1602 1601/1601
f 1506/1506 1507/1507 1603/1603 1602/1602
f 1507/1507 1508/1508 1604/1604 1603/1603
f 1508/1508 1509/1509 1605/1605 1604/1604
f 1509/1509 1510/1510 1606/1606 1605/1605
f 1510/1510 1511/1511 1607/1607 1606/1606
f 1511/1511 1512/1512 1608/1608 1607/1607
f 1512/1512 1513/1513 1609/1609 1608/1608
f 1513/1513 1514/1514 1610/1610 1609/1609
f 1514/1514 1515/1515 1611/1611 1610/1610
f 1515/1515 1516/1516 1612/1612 1611/1611
f 1516/1516 1517/1517 1613/1613 1612/1612
f 1517/1517 1518/1518 1614/1614 1613/1613
f 1518/1518 1519/1519 1615/1615 1614/1614
f 1519/1519 1520/1520 1616/1616 1615/1615
f 1520/1520 1521/1521 1617/1617 1616/1616
f 1521/1521 1522/1522 1618/1618 1617/1617
f 1522/1522 1523/1523 1619/1619 1618/1618
f 1523/1523 1524/1524 1620/1620 1619/1619
f 1524/1524 1525/1525 1621/1621 1620/1620
f 1525/1525 1526/1526 1622/1622 1621/1621
f 1526/1526 1527/1527 1623/1623 1622/1622
f 1527/1527 1528/1528 1624/1624 1623/1623
f 1528/1528 1529/1529 1625/1625 1624/1624
f 1529/1529 1530/1530 1626/1626 1625/1625
f 1530/1530 1531/1531 1627/1627 1626/1626
f 1531/1531 1532/1532 1628/1628 1627/1627
f 1532/1532 1533/1533 1629/1629 1628/1628
f 1533/1533 1534/1534 1630/1630 1629/1629
f 1534/1534 1535/1535 1631/1631 1630/1630
f 1535/1535 1536/1536 1632/1632 1631/1631
f 1536/1536 1537/1537 1633/1633 1632/1632
f 1537/1537 1442/1442 1538/1538 1633/1633
f 1538/1538 1539/1539 1635/1635 1634/1634
f 1539/1539 1540/1540 1636/1636 1635/1635
f 1540/1540 1541/1541 1637/1637 1636/1636
f 1541/1541 1542/1542 1638/1638 1637/1637
f 1542/1542 1543/1543 1639/1639 1638/1638
f 1543/1543 1544/1544 1640/1640 1639/1639
f 1544/1544 1545/1545 1641/1641 1640/1640
f 1545/1545 1546/1546 1642/1642 1641/1641
f 1546/1546 1547/1547 1643/1643 1642/1642
f 1547/1547 1548/1548 1644/1644 1643/1643
f 1548/1548 1549/1549 1645/1645 1644/1644
f 1549/1549 1550/1550 1646/1646 1645/1645
f 1550/1550 1551/1551 1647/1647 1646/1646
f 1551/1551 1552/1552 1648/1648 1647/1647
f 1552/1552 1553/1553 1649/1649 1648/1648
f 1553/1553 1554/1554 1650/1650 1649/1649
f 1554/1554 1555/1555 1651/1651 1650/1650
f 1555/1555 1556/1556 1652/1652 1651/1651
f 1556/1556 1557/1557 1653/1653 1652/1652
f 1557/1557 1558/1558 1654/1654 1653/1653
f 1558/1558 1559/1559 1655/1655 1654/1654
f 1559/1559 1560/1560 1656/1656 1655/1655
f 1560/1560 1561/1561 1657/1657 1656/1656
f 1561/1561 1562/1562 1658/1658 1657/1657
f 1562/1562 1563/1563 1659/1659 1658/1658
f 1563/1563 1564/1564 1660/1660 1659/1659
f 1564/1564 1565/1565 1661/1661 1660/1660
f 1565/1565 1566/1566 1662/1662 1661/1661
f 1566/1566 1567/1567 1663/1663 1662/1662
f 1567/1567 1568/1568 1664/1664 1663/1663
f 1568/1568 1569/1569 1665/1665 1664/1664
f 1569/1569 1570/1570 1666/1666 1665/1665
f 1570/1570 1571/1571 1667/1667 1666/1666
f 1571/1571 1572/1572 1668/1668 1667/1667
f 1572/1572 1573/1573 1669/1669 1668/1668
f 1573/1573 1574/1574 1670/1670 1669/1669
f 1574/1574 1575/1575 1671/1671 1670/1670
f 1575/1575 1576/1576 1672/1672 1671/1671
f 1576/1576 1577/1577 1673/1673 1672/1672
f 1577/1577 1578/1578 1674/1674 1673/1673
f 1578/1578 1579/1579 1675/1675 1674/1674
f 1579/1579 1580/1580 1676/1676 1675/1675
f 1580/1580 1581/1581 1677/1677 1676/1676
f 1581/1581 1582/1582 1678/1678 1677/1677
f 1582/1582 1583/1583 1679/1679 1678/1678
f 1583/1583 1584/1584 1680/1680 1679/1679
f 1584/1584 1585/1585 1681/1681 1680/1680
f 1585/1585 1586/1586 1682/1682 1681/1681
f 1586/1586 1587/1587 1683/1683 1682/1682
f 1587/1587 1588/1588 1684/1684 1683/1683
f 1588/1588 1589/1589 1685/1685 1684/1684
f 1589/1589 1590/1590 1686/1686 1685/1685
f 1590/1590 1591/1591 1687/1687 1686/1686
f 1591/1591 1592/1592 1688/1688 1687/1687
f 1592/1592 1593/1593 1689/1689 1688/1688
f 1593/1593 1594/1594 1690/1690 1689/1689
f 1594/1594 1595/1595 1691/1691 1690/1690
f 1595/1595 1596/1596 1692/1692 1691/1691
f 1596/1596 1597/1597 1693/1693 1692/1692
f 1597/1597 1598/1598 1694/1694 1693/1693
f 1598/1598 1599/1599 1695/1695 1694/1694
f 1599/1599 1600/1600 1696/1696 1695/1695
f 1600/1600 1601/1601 1697/1697 1696/1696
f 1601/1601 1602/1602 1698/1698 1697/1697
f 1602/1602 1603/1603 1699/1699 1698/1698
f 1603/1603 1604/1604 1700/1700 1699/1699
f 1604/1604 1605/1605 1701/1701 1700/1700
f 1605/1605 1606/1606 1702/1702 1701/1701
f 1606/1606 1607/1607 1703/1703 1702/1702
f 1607/1607 1608/1608 1704/1704 1703/1703
f 1608/1608 1609/1609 1705/1705 1704/1704
f 1609/1609 1610/1610 1706/1706 1705/1705
f 1610/1610 1611/1611 1707/1707 1706/1706
f 1611/1611 1612/1612 1708/1708 1707/1707
f 1612/1612 1613/1613 1709/1709 1708/1708
f 1613/1613 1614/1614 1710/1710 1709/1709
f 1614/1614 1615/1615 1711/1711 1710/1710
f 1615/1615 1616/1616 1712/1712 1711/1711
f 1616/1616 1617/1617 1713/1713 1712/1712
f 1617/1617 1618/1618 1714/1714 1713/1713
f 1618/1618 1619/1619 1715/1715 1714/1714
f 1619/1619 1620/1620 1716/1716 1715/1715
f 1620/1620 1621/1621 1717/1717 1716/1716
f 1621/1621 1622/1622 1718/1718 1717/1717
f 1622/1622 1623/1623 1719/1719 1718/1718
f 1623/1623 1624/1624 1720/1720 1719/1719
f 1624/1624 1625/1625 1721/1721 1720/1720
f 1625/1625 1626/1626 1722/1722 1721/1721
f 1626/1626 1627/1627 1723/1723 1722/1722
f 1627/1627 1628/1628 1724/1724 1723/1723
f 1628/1628 1629/1629 1725/1725 1724/1724
f 1629/1629 1630/1630 1726/1726 1725/1725
f 1630/1630 1631/1631 1727/1727 1726/1726
f 1631/1631 1632/1632 1728/1728 1727/1727
f 1632/1632 1633/1633 1729/1729 1728/1728
f 1633/1633 1538/1538 1634/1634 1729/1729
f 1634/1634 1635/1635 1731/1731 1730/1730
f 1635/1635 1636/1636 1732/1732 1731/1731
f 1636/1636 1637/1637 1733/1733 1732/1732
f 1637/1637 1638/1638 1734/1734 1733/1733
f 1638/1638 1639/1639 1735/1735 1734/1734
f 1639/1639 1640/1640 1736/1736 1735/1735
f 1640/1640 1641/1641 1737/1737 1736/1736
f 1641/1641 1642/1642 1738/1738 1737/1737
f 1642/1642 1643/1643 1739/1739 1738/1738
f 1643/1643 1644/1644 1740/1740 1739/1739
f 1644/1644 1645/1645 1741/1741 1740/1740
f 1645/1645 1646/1646 1742/1742 1741/1741
f 1646/1646 1647/1647 1743/1743 1742/1742
f 1647/1647 1648/1648 1744/1744 1743/1743
f 1648/1648 1649/1649 1745/1745 1744/1744
f 1649/1649 1650/1650 1746/1746 1745/1745
f 1650/1650 1651/1651 1747/1747 1746/1746
f 1651/1651 1652/1652 1748/1748 1747/1747
f 1652/1652 1653/1653 1749/1749 1748/1748
f 1653/1653 1654/1654 1750/1750 1749/1749
f 1654/1654 1655/1655 1751/1751 1750/1750
f 1655/1655 1656/1656 1752/1752 1751/1751
f 1656/1656 1657/1657 1753/1753 1752/1752
f 1657/1657 1658/1658 1754/1754 1753/1753
f 1658/1658 1659/1659 1755/1755 1754/1754
f 1659/1659 1660/1660 1756/1756 1755/1755
f 1660/1660 1661/1661 1757/1757 1756/1756
f 1661/1661 1662/1662 1758/1758 1757/1757
f 1662/1662 1663/1663 1759/1759 1758/1758
f 1663/1663 1664/1664 1760/1760 1759/1759
f 1664/1664 1665/1665 1761/1761 1760/1760
f 1665/1665 1666/1666 1762/1762 1761/1761
f 1666/1666 1667/1667 1763/1763 1762/1762
f 1667/1667 1668/1668 1764/1764 1763/1763
f 1668/1668 1669/1669 1765/1765 1764/1764
f 1669/1669 1670/1670 1766/1766 1765/1765
f 1670/1670 1671/1671 1767/1767 1766/1766
f 1671/1671 1672/1672 1768/1768 1767/1767
f 1672/1672 1673/1673 1769/1769 1768/1768
f 1673/1673 1674/1674 1770/1770 1769/1769
f 1674/1674 1675/1675 1771/1771 1770/1770
f 1675/1675 1676/1676 1772/1772 1771/1771
f 1676/1676 1677/1677 1773/1773 1772/1772
f 1677/1677 1678/1678 1774/1774 1773/1773
f 1678/1678 1679/1679 1775/1775 1774/1774
f 1679/1679 1680/1680 1776/1776 1775/1775
f 1680/1680 1681/1681 1777/1777 1776/1776
f 1681/1681 1682/1682 1778/1778 1777/1777
f 1682/1682 1683/1683 1779/1779 1778/1778
f 1683/1683 1684/1684 1780/1780 1779/1779
f 1684/1684 1685/1685 1781/1781 1780/1780
f 1685/1685 1686/1686 1782/1782 1781/1781
f 1686/1686 1687/1687 1783/1783 1782/1782
f 1687/1687 1688/1688 1784/1784 1783/1783
f 1688/1688 1689/1689 1785/1785 1784/1784
f 1689/1689 1690/1690 1786/1786 1785/1785
f 1690/1690 1691/1691 1787/1787 1786/1786
f 1691/1691 1692/1692 1788/1788 1787/1787
f 1692/1692 1693/1693 1789/1789 1788/1788
f 1693/1693 1694/1694 1790/1790 1789/1789
f 1694/1694 1695/1695 1791/1791 1790/1790
f 1695/1695 1696/1696 1792/1792 1791/1791
f 1696/1696 1697/1697 1793/1793 1792/1792
f 1697/1697 1698/1698 1794/1794 1793/1793
f 1698/1698 1699/1699 1795/1795 1794/1794
f 1699/1699 1700/1700 1796/1796 1795/1795
f 1700/1700 1701/1701 1797/1797 1796/1796
f 1701/1701 1702/1702 1798/1798 1797/1797
f 1702/1702 1703/1703 1799/1799 1798/1798
f 1703/1703 1704/1704 1800/1800 1799/1799
f 1704/1704 1705/1705 1801/1801 1800/1800
f 1705/1705 1706/1706 1802/1802 1801/1801
f 1706/1706 1707/1707 1803/1803 1802/1802
f 1707/1707 1708/1708 1804/1804 1803/1803
f 1708/1708 1709/1709 1805/1805 1804/1804
f 1709/1709 1710/1710 1806/1806 1805/1805
f 1710/1710 1711/1711 1807/1807 1806/1806
f 1711/1711 1712/1712 1808/1808 1807/1807
f 1712/1712 1713/1713 1809/1809 1808/1808
f 1713/1713 1714/1714 1810/1810 1809/1809
f 1714/1714 1715/1715 1811/1811 1810/1810
f 1715/1715 1716/1716 1812/1812 1811/1811
f 1716/1716 1717/1717 1813/1813 1812/1812
f 1717/1717 1718/1718 1814/1814 1813/1813
f 1718/1718 1719/1719 1815/1815 1814/1814
f 1719/1719 1720/1720 1816/1816 1815/1815
f 1720/1720 1721/1721 1817/1817 1816/1816
f 1721/1721 1722/1722 1818/1818 1817/1817
f 1722/1722 1723/1723 1819/1819 1818/1818
f 1723/1723 1724/1724 1820/1820 1819/1819
f 1724/1724 1725/1725 1821/1821 1820/1820
f 1725/1725 1726/1726 1822/1822 1821/1821
f 1726/1726 1727/1727 1823/1823 1822/1822
f 1727/1727 1728/1728 1824/1824 1823/1823
f 1728/1728 1729/1729 1825/1825 1824/1824
f 1729/1729 1634/1634 1730/1730 1825/1825
f 1730/1730 1731/1731 1827/1827 1826/1826
f 1731/1731 1732/1732 1828/1828 1827/1827
f 1732/1732 1733/1733 1829/1829 1828/1828
f 1733/1733 1734/1734 1830/1830 1829/1829
f 1734/1734 1735/1735 1831/1831 1830/1830
f 1735/1735 1736/1736 1832/1832 1831/1831
f 1736/1736 1737/1737 1833/1833 1832/1832
f 1737/1737 1738/1738 1834/1834 1833/1833
f 1738/1738 1739/1739 1835/1835 1834/1834
f 1739/1739 1740/1740 1836/1836 1835/1835
f 1740/1740 1741/1741 1837/1837 1836/1836
f 1741/1741 1742/1742 1838/1838 1837/1837
f 1742/1742 1743/1743 1839/1839 1838/1838
f 1743/1743 1744/1744 1840/1840 1839/1839
f 1744/1744 1745/1745 1841/1841 1840/1840
f 1745/1745 1746/1746 1842/1842 1841/1841
f 1746/1746 1747/1747 1843/1843 1842/1842
f 1747/1747 1748/1748 1844/1844 1843/1843
f 1748/1748 1749/1749 1845/1845 1844/1844
f 1749/1749 1750/1750 1846/1846 1845/1845
f 1750/1750 1751/1751 1847/1847 1846/1846
f 1751/1751 1752/1752 1848/1848 1847/1847
f 1752/1752 1753/1753 1849/1849 1848/1848
f 1753/1753 1754/1754 1850/1850 1849/1849
f 1754/1754 1755/1755 1851/1851 1850/1850
f 1755/1755 1756/1756 1852/1852 1851/1851
f 1756/1756 1757/1757 1853/1853 1852/1852
f 1757/1757 1758/1758 1854/1854 1853/1853
f 1758/1758 1759/1759 1855/1855 1854/1854
f 1759/1759 1760/1760 1856/1856 1855/1855
f 1760/1760 1761/1761 1857/1857 1856/1856
f 1761/1761 1762/1762 1858/1858 1857/1857
f 1762/1762 1763/1763 1859/1859 1858/1858
f 1763/1763 1764/1764 1860/1860 1859/1859
f 1764/1764 1765/1765 1861/1861 1860/1860
f 1765/1765 1766/1766 1862/1862 1861/1861
f 1766/1766 1767/1767 1863/1863 1862/1862
f 1767/1767 1768/1768 1864/1864 1863/1863
f 1768/1768 1769/1769 1865/1865 1864/1864
f 1769/1769 1770/1770 1866/1866 1865/1865
f 1770/1770 1771/1771 1867/1867 1866/1866
f 1771/1771 1772/1772 1868/1868 1867/1867
f 1772/1772 1773/1773 1869/1869 1868/1868
f 1773/1773 1774/1774 1870/1870 1869/1869
f 1774/1774 1775/1775 1871/1871 1870/1870
f 1775/1775 1776/1776 1872/1872 1871/1871
f 1776/1776 1777/1777 1873/1873 1872/1872
f 1777/1777 1778/1778 1874/1874 1873/1873
f 1778/1778 1779/1779 1875/1875 1874/1874
f 1779/1779 1780/1780 1876/1876 1875/1875
f 1780/1780 1781/1781 1877/1877 1876/1876
f 1781/1781 1782/1782 1878/1878 1877/1877
f 1782/1782 1783/1783 1879/1879 1878/1878
f 1783/1783 1784/1784 1880/1880 1879/1879
f 1784/1784 1785/1785 1881/1881 1880/1880
f 1785/1785 1786/1786 1882/1882 1881/1881
f 1786/1786 1787/1787 1883/1883 1882/1882
f 1787/1787 1788/1788 1884/1884 1883/1883
f 1788/1788 1789/1789 1885/1885 1884/1884
f 1789/1789 1790/1790 1886/1886 1885/1885
f 1790/1790 1791/1791 1887/1887 1886/1886
f 1791/1791 1792/1792 1888/1888 1887/1887
f 1792/1792 1793/1793 1889/1889 1888/1888
f 1793/1793 1794/1794 1890/1890 1889/1889
f 1794/1794 1795/1795 1891/1891 1890/1890
f 1795/1795 1796/1796 1892/1892 1891/1891
f 1796/1796 1797/1797 1893/1893 1892/1892
f 1797/1797 1798/1798 1894/1894 1893/1893
f 1798/1798 1799/1799 1895/1895 1894/1894
f 1799/1799 1800/1800 1896/1896 1895/1895
f 1800/1800 1801/1801 1897/1897 1896/1896
f 1801/1801 1802/1802 1898/1898 1897/1897
f 1802/1802 1803/1803 1899/1899 1898/1898
f 1803/1803 1804/1804 1900/1900 1899/1899
f 1804/1804 1805/1805 1901/1901 1900/1900
f 1805/1805 1806/1806 1902/1902 1901/1901
f 1806/1806 1807/1807 1903/1903 1902/1902
f 1807/1807 1808/1808 1904/1904 1903/1903
f 1808/1808 1809/1809 1905/1905 1904/1904
f 1809/1809 1810/1810 1906/1906 1905/1905
f 1810/1810 1811/1811 1907/1907 1906/1906
f 1811/1811 1812/1812 1908/1908 1907/1907
f 1812/1812 1813/1813 1909/1909 1908/1908
f 1813/1813 1814/1814 1910/1910 1909/1909
f 1814/1814 1815/1815 1911/1911 1910/1910
f 1815/1815 1816/1816 1912/1912 1911/1911
f 1816/1816 1817/1817 1913/1913 1912/1912
f 1817/1817 1818/1818 1914/1914 1913/1913
f 1818/1818 1819/1819 1915/1915 1914/1914
f 1819/1819 1820/1820 1916/1916 1915/1915
f 1820/1820 1821/1821 1917/1917 1916/1916
f 1821/1821 1822/1822 1918/1918 1917/1917
f 1822/1822 1823/1823 1919/1919 1918/1918
f 1823/1823 1824/1824 1920/1920 1919/1919
f 1824/1824 1825/1825 1921/1921 1920/1920
f 1825/1825 1730/1730 1826/1826 1921/1921
f 1826/1826 1827/1827 1923/1923 1922/1922
f 1827/1827 1828/1828 1924/1924 1923/1923
f 1828/1828 1829/1829 1925/1925 1924/1924
f 1829/1829 1830/1830 1926/1926 1925/1925
f 1830/1830 1831/1831 1927/1927 1926/1926
f 1831/1831 1832/1832 1928/1928 1927/1927
f 1832/1832 1833/1833 1929/1929 1928/1928
f 1833/1833 1834/1834 1930/1930 1929/1929
f 1834/1834 1835/1835 1931/1931 1930/1930
f 1835/1835 1836/1836 1932/1932 1931/1931
f 1836/1836 1837/1837 1933/1933 1932/1932
f 1837/1837 1838/1838 1934/1934 1933/1933
f 1838/1838 1839/1839 1935/1935 1934/1934
f 1839/1839 1840/1840 1936/1936 1935/1935
f 1840/1840 1841/1841 1937/1937 1936/1936
f 1841/1841 1842/1842 1938/1938 1937/1937
f 1842/1842 1843/1843 1939/1939 1938/1938
f 1843/1843 1844/1844 1940/1940 1939/1939
f 1844/1844 1845/1845 1941/1941 1940/1940
f 1845/1845 1846/1846 1942/1942 1941/1941
f 1846/1846 1847/1847 1943/1943 1942/1942
f 1847/1847 1848/1848 1944/1944 1943/1943
f 1848/1848 1849/1849 1945/1945 1944/1944
f 1849/1849 1850/1850 1946/1946 1945/1945
f 1850/1850 1851/1851 1947/1947 1946/1946
f 1851/1851 1852/1852 1948/1948 1947/1947
f 1852/1852 1853/1853 1949/1949 1948/1948
f 1853/1853 1854/1854 1950/1950 1949/1949
f 1854/1854 1855/1855 1951/1951 1950/1950
f 1855/1855 1856/1856 1952/1952 1951/1951
f 1856/1856 1857/1857 1953/1953 1952/1952
f 1857/1857 1858/1858 1954/1954 1953/1953
f 1858/1858 1859/1859 1955/1955 1954/1954
f 1859/1859 1860/1860 1956/1956 1955/1955
f 1860/1860 1861/1861 1957/1957 1956/1956
f 1861/1861 1862/1862 1958/1958 1957/1957
f 1862/1862 1863/1863 1959/1959 1958/1958
f 1863/1863 1864/1864 1960/1960 1959/1959
f 1864/1864 1865/1865 1961/1961 1960/1960
f 1865/1865 1866/1866 1962/1962 1961/1961
f 1866/1866 1867/1867 1963/1963 1962/1962
f 1867/1867 1868/1868 1964/1964 1963/1963
f 1868/1868 1869/1869 1965/1965 1964/1964
f 1869/1869 1870/1870 1966/1966 1965/1965
f 1870/1870 1871/1871 1967/1967 1966/1966
f 1871/1871 1872/1872 1968/1968 1967/1967
f 1872/1872 1873/1873 1969/1969 1968/1968
f 1873/1873 1874/1874 1970/1970 1969/1969
f 1874/1874 1875/1875 1971/1971 1970/1970
f 1875/1875 1876/1876 1972/1972 1971/1971
f 1876/1876 1877/1877 1973/1973 1972/1972
f 1877/1877 1878/1878 1974/1974 1973/1973
f 1878/1878 1879/1879 1975/1975 1974/1974
f 1879/1879 1880/1880 1976/1976 1975/1975
f 1880/1880 1881/1881 1977/1977 1976/1976
f 1881/1881 1882/1882 1978/1978 1977/1977
f 1882/1882 1883/1883 1979/1979 1978/1978
f 1883/1883 1884/1884 1980/1980 1979/1979
f 1884/1884 1885/1885 1981/1981 1980/1980
f 1885/1885 1886/1886 1982/1982 1981/1981
f 1886/1886 1887/1887 1983/1983 1982/1982
f 1887/1887 1888/1888 1984/1984 1983/1983
f 1888/1888 1889/1889 1985/1985 1984/1984
f 1889/1889 1890/1890 1986/1986 1985/1985
f 1890/1890 1891/1891 1987/1987 1986/1986
f 1891/1891 1892/1892 1988/1988 1987/1987
f 1892/1892 1893/1893 1989/1989 1988/1988
f 1893/1893 1894/1894 1990/1990 1989/1989
f 1894/1894 1895/1895 1991/1991 1990/1990
f 1895/1895 1896/1896 1992/1992 1991/1991
f 1896/1896 1897/1897 1993/1993 1992/1992
f 1897/1897 1898/1898 1994/1994 1993/1993
f 1898/1898 1899/1899 1995/1995 1994/1994
f 1899/1899 1900/1900 1996/1996 1995/1995
f 1900/1900 1901/1901 1997/1997 1996/1996
f 1901/1901 1902/1902 1998/1998 1997/1997
f 1902/1902 1903/1903 1999/1999 1998/1998
f 1903/1903 1904/1904 2000/2000 1999/1999
f 1904/1904 1905/1905 2001/2001 2000/2000
f 1905/1905 1906/1906 2002/2002 2001/2001
f 1906/1906 1907/1907 2003/2003 2002/2002
f 1907/1907 1908/1908 2004/2004 2003/2003
f 1908/1908 1909/1909 2005/2005 2004/2004
f 1909/1909 1910/1910 2006/2006 2005/2005
f 1910/1910 1911/1911 2007/2007 2006/2006
f 1911/1911 1912/1912 2008/2008 2007/2007
f 1912/1912 1913/1913 2009/2009 2008/2008
f 1913/1913 1914/1914 2010/2010 2009/2009
f 1914/1914 1915/1915 2011/2011 2010/2010
f 1915/1915 1916/1916 2012/2012 2011/2011
f 1916/1916 1917/1917 2013/2013 2012/2012
f 1917/1917 1918/1918 2014/2014 2013/2013
f 1918/1918 1919/1919 2015/2015 2014/2014
f 1919/1919 1920/1920 2016/2016 2015/2015
f 1920/1920 1921/1921 2017/2017 2016/2016
f 1921/1921 1826/1826 1922/1922 2017/2017
f 1922/1922 1923/1923 2019/2019 2018/2018
f 1923/1923 1924/1924 2020/2020 2019/2019
f 1924/1924 1925/1925 2021/2021 2020/2020
f 1925/1925 1926/1926 2022/2022 2021/2021
f 1926/1926 1927/1927 2023/2023 2022/2022
f 1927/1927 1928/1928 2024/2024 2023/2023
f 1928/1928 1929/1929 2025/2025 2024/2024
f 1929/1929 1930/1930 2026/2026 2025/2025
f 1930/1930 1931/1931 2027/2027 2026/2026
f 1931/1931 1932/1932 2028/2028 2027/2027
f 1932/1932 1933/1933 2029/2029 2028/2028
f 1933/1933 1934/1934 2030/2030 2029/2029
f 1934/1934 1935/1935 2031/2031 2030/2030
f 1935/1935 1936/1936 2032/2032 2031/2031
f 1936/1936 1937/1937 2033/2033 2032/2032
f 1937/1937 1938/1938 2034/2034 2033/2033
f 1938/1938 1939/1939 2035/2035 2034/2034
f 1939/1939 1940/1940 2036/2036 2035/2035
f 1940/1940 1941/1941 2037/2037 2036/2036
f 1941/1941 1942/1942 2038/2038 2037/2037
f 1942/1942 1943/1943 2039/2039 2038/2038
f 1943/1943 1944/1944 2040/2040 2039/2039
f 1944/1944 1945/1945 2041/2041 2040/2040
f 1945/1945 1946/1946 2042/2042 2041/2041
f 1946/1946 1947/1947 2043/2043 2042/2042
f 1947/1947 1948/1948 2044/2044 2043/2043
f 1948/1948 1949/1949 2045/2045 2044/2044
f 1949/1949 1950/1950 2046/2046 2045/2045
f 1950/1950 1951/1951 2047/2047 2046/2046
f 1951/1951 1952/1952 2048/2048 2047/2047
f 1952/1952 1953/1953 2049/2049 2048/2048
f 1953/1953 1954/1954 2050/2050 2049/2049
f 1954/1954 1955/1955 2051/2051 2050/2050
f 1955/1955 1956/1956 2052/2052 2051/2051
f 1956/1956 1957/1957 2053/2053 2052/2052
f 1957/1957 1958/1958 2054/2054 2053/2053
f 1958/1958 1959/1959 2055/2055 2054/2054
f 1959/1959 1960/1960 2056/2056 2055/2055
f 1960/1960 1961/1961 2057/2057 2056/2056
f 1961/1961 1962/1962 2058/2058 2057/2057
f 1962/1962 1963/1963 2059/2059 2058/2058
f 1963/1963 1964/1964 2060/2060 2059/2059
f 1964/1964 1965/1965 2061/2061 2060/2060
f 1965/1965 1966/1966 2062/2062 2061/2061
f 1966/1966 1967/1967 2063/2063 2062/2062
f 1967/1967 1968/1968 2064/2064 2063/2063
f 1968/1968 1969/1969 2065/2065 2064/2064
f 1969/1969 1970/1970 2066/2066 2065/2065
f 1970/1970 1971/1971 2067/2067 2066/2066
f 1971/1971 1972/1972 2068/2068 2067/2067
f 1972/1972 1973/1973 2069/2069 2068/2068
f 1973/1973 1974/1974 2070/2070 2069/2069
f 1974/1974 1975/1975 2071/2071 2070/2070
f 1975/1975 1976/1976 2072/2072 2071/2071
f 1976/1976 1977/1977 2073/2073 2072/2072
f 1977/1977 1978/1978 2074/2074 2073/2073
f 1978/1978 1979/1979 2075/2075 2074/2074
f 1979/1979 1980/1980 2076/2076 2075/2075
f 1980/1980 1981/1981 2077/2077 2076/2076
f 1981/1981 1982/1982 2078/2078 2077/2077
f 1982/1982 1983/1983 2079/2079 2078/2078
f 1983/1983 1984/1984 2080/2080 2079/2079
f 1984/1984 1985/1985 2081/2081 2080/2080
f 1985/1985 1986/1986 2082/2082 2081/2081
f 1986/1986 1987/1987 2083/2083 2082/2082
f 1987/1987 1988/1988 2084/2084 2083/2083
f 1988/1988 1989/1989 2085/2085 2084/2084
f 1989/1989 1990/1990 2086/2086 2085/2085
f 1990/1990 1991/1991 2087/2087 2086/2086
f 1991/1991 1992/1992 2088/2088 2087/2087
f 1992/1992 1993/1993 2089/2089 2088/2088
f 1993/1993 1994/1994 2090/2090 2089/2089
f 1994/1994 1995/1995 2091/2091 2090/2090
f 1995/1995 1996/1996 2092/2092 2091/2091
f 1996/1996 1997/1997 2093/2093 2092/2092
f 1997/1997 1998/1998 2094/2094 2093/2093
f 1998/1998 1999/1999 2095/2095 2094/2094
f 1999/1999 2000/2000 2096/2096 2095/2095
f 2000/2000 2001/2001 2097/2097 2096/2096
f 2001/2001 2002/2002 2098/2098 2097/2097
f 2002/2002 2003/2003 2099/2099 2098/2098
f 2003/2003 2004/2004 2100/2100 2099/2099
f 2004/2004 2005/2005 2101/2101 2100/2100
f 2005/2005 2006/2006 2102/2102 2101/2101
f 2006/2006 2007/2007 2103/2103 2102/2102
f 2007/2007 2008/2008 2104/2104 2103/2103
f 2008/2008 2009/2009 2105/2105 2104/2104
f 2009/2009 2010/2010 2106/2106 2105/2105
f 2010/2010 2011/2011 2107/2107 2106/2106
f 2011/2011 2012/2012 2108/2108 2107/2107
f 2012/2012 2013/2013 2109/2109 2108/2108
f 2013/2013 2014/2014 2110/2110 2109/2109
f 2014/2014 2015/2015 2111/2111 2110/2110
f 2015/2015 2016/2016 2112/2112 2111/2111
f 2016/2016 2017/2017 2113/2113 2112/2112
f 2017/2017 1922/1922 2018/2018 2113/2113
f 2018/2018 2019/2019 2115/2115 2114/2114
f 2019/2019 2020/2020 2116/2116 2115/2115
f 2020/2020 2021/2021 2117/2117 2116/2116
f 2021/2021 2022/2022 2118/2118 2117/2117
f 2022/2022 2023/2023 2119/2119 2118/2118
f 2023/2023 2024/2024 2120/2120 2119/2119
f 2024/2024 2025/2025 2121/2121 2120/2120
f 2025/2025 2026/2026 2122/2122 2121/2121
f 2026/2026 2027/2027 2123/2123 2122/2122
f 2027/2027 2028/2028 2124/2124 2123/2123
f 2028/2028 2029/2029 2125/2125 2124/2124
f 2029/2029 2030/2030 2126/2126 2125/2125
f 2030/2030 2031/2031 2127/2127 2126/2126
f 2031/2031 2032/2032 2128/2128 2127/2127
f 2032/2032 2033/2033 2129/2129 2128/2128
f 2033/2033 2034/2034 2130/2130 2129/2129
f 2034/2034 2035/2035 2131/2131 2130/2130
f 2035/2035 2036/2036 2132/2132 2131/2131
f 2036/2036 2037/2037 2133/2133 2132/2132
f 2037/2037 2038/2038 2134/2134 2133/2133
f 2038/2038 2039/2039 2135/2135 2134/2134
f 2039/2039 2040/2040 2136/2136 2135/2135
f 2040/2040 2041/2041 2137/2137 2136/2136
f 2041/2041 2042/2042 2138/2138 2137/2137
f 2042/2042 2043/2043 2139/2139 2138/2138
f 2043/2043 2044/2044 2140/2140 2139/2139
f 2044/2044 2045/2045 2141/2141 2140/2140
f 2045/2045 2046/2046 2142/2142 2141/2141
f 2046/2046 2047/2047 2143/2143 2142/2142
f 2047/2047 2048/2048 2144/2144 2143/2143
f 2048/2048 2049/2049 2145/2145 2144/2144
f 2049/2049 2050/2050 2146/2146 2145/2145
f 2050/2050 2051/2051 2147/2147 2146/2146
f 2051/2051 2052/2052 2148/2148 2147/2147
f 2052/2052 2053/2053 2149/2149 2148/2148
f 2053/2053 2054/2054 2150/2150 2149/2149
f 2054/2054 2055/2055 2151/2151 2150/2150
f 2055/2055 2056/2056 2152/2152 2151/2151
f 2056/2056 2057/2057 2153/2153 2152/2152
f 2057/2057 2058/2058 2154/2154 2153/2153
f 2058/2058 2059/2059 2155/2155 2154/2154
f 2059/2059 2060/2060 2156/2156 2155/2155
f 2060/2060 2061/2061 2157/2157 2156/2156
f 2061/2061 2062/2062 2158/2158 2157/2157
f 2062/2062 2063/2063 2159/2159 2158/2158
f 2063/2063 2064/2064 2160/2160 2159/2159
f 2064/2064 2065/2065 2161/2161 2160/2160
f 2065/2065 2066/2066 2162/2162 2161/2161
f 2066/2066 2067/2067 2163/2163 2162/2162
f 2067/2067 2068/2068 2164/2164 2163/2163
f 2068/2068 2069/2069 2165/2165 2164/2164
f 2069/2069 2070/2070 2166/2166 2165/2165
f 2070/2070 2071/2071 2167/2167 2166/2166
f 2071/2071 2072/2072 2168/2168 2167/2167
f 2072/2072 2073/2073 2169/2169 2168/2168
f 2073/2073 2074/2074 2170/2170 2169/2169
f 2074/2074 2075/2075 2171/2171 2170/2170
f 2075/2075 2076/2076 2172/2172 2171/2171
f 2076/2076 2077/2077 2173/2173 2172/2172
f 2077/2077 2078/2078 2174/2174 2173/2173
f 2078/2078 2079/2079 2175/2175 2174/2174
f 2079/2079 2080/2080 2176/2176 2175/2175
f 2080/2080 2081/2081 2177/2177 2176/2176
f 2081/2081 2082/2082 2178/2178 2177/2177
f 2082/2082 2083/2083 2179/2179 2178/2178
f 2083/2083 2084/2084 2180/2180 2179/2179
f 2084/2084 2085/2085 2181/2181 2180/2180
f 2085/2085 2086/2086 2182/2182 2181/2181
f 2086/2086 2087/2087 2183/2183 2182/2182
f 2087/2087 2088/2088 2184/2184 2183/2183
f 2088/2088 2089/2089 2185/2185 2184/2184
f 2089/2089 2090/2090 2186/2186 2185/2185
f 2090/2090 2091/2091 2187/2187 2186/2186
f 2091/2091 2092/2092 2188/2188 2187/2187
f 2092/2092 2093/2093 2189/2189 2188/2188
f 2093/2093 2094/2094 2190/2190 2189/2189
f 2094/2094 2095/2095 2191/2191 2190/2190
f 2095/2095 2096/2096 2192/2192 2191/2191
f 2096/2096 2097/2097 2193/2193 2192/2192
f 2097/2097 2098/2098 2194/2194 2193/2193
f 2098/2098 2099/2099 2195/2195 2194/2194
f 2099/2099 2100/2100 2196/2196 2195/2195
f 2100/2100 2101/2101 2197/2197 2196/2196
f 2101/2101 2102/2102 2198/2198 2197/2197
f 2102/2102 2103/2103 2199/2199 2198/2198
f 2103/2103 2104/2104 2200/2200 2199/2199
f 2104/2104 2105/2105 2201/2201 2200/2200
f 2105/2105 2106/2106 2202/2202 2201/2201
f 2106/2106 2107/2107 2203/2203 2202/2202
f 2107/2107 2108/2108 2204/2204 2203/2203
f 2108/2108 2109/2109 2205/2205 2204/2204
f 2109/2109 2110/2110 2206/2206 2205/2205
f 2110/2110 2111/2111 2207/2207 2206/2206
f 2111/2111 2112/2112 2208/2208 2207/2207
f 2112/2112 2113/2113 2209/2209 2208/2208
f 2113/2113 2018/2018 2114/2114 2209/2209
f 2114/2114 2115/2115 2211/2211 2210/2210
f 2115/2115 2116/2116 2212/2212 2211/2211
f 2116/2116 2117/2117 2213/2213 2212/2212
f 2117/2117 2118/2118 2214/2214 2213/2213
f 2118/2118 2119/2119 2215/2215 2214/2214
f 2119/2119 2120/2120 2216/2216 2215/2215
f 2120/2120 2121/2121 2217/2217 2216/2216
f 2121/2121 2122/2122 2218/2218 2217/2217
f 2122/2122 2123/2123 2219/2219 2218/2218
f 2123/2123 2124/2124 2220/2220 2219/2219
f 2124/2124 2125/2125 2221/2221 2220/2220
f 2125/2125 2126/2126 2222/2222 2221/2221
f 2126/2126 2127/2127 2223/2223 2222/2222
f 2127/2127 2128/2128 2224/2224 2223/2223
f 2128/2128 2129/2129 2225/2225 2224/2224
f 2129/2129 2130/2130 2226/2226 2225/2225
f 2130/2130 2131/2131 2227/2227 2226/2226
f 2131/2131 2132/2132 2228/2228 2227/2227
f 2132/2132 2133/2133 2229/2229 2228/2228
f 2133/2133 2134/2134 2230/2230 2229/2229
f 2134/2134 2135/2135 2231/2231 2230/2230
f 2135/2135 2136/2136 2232/2232 2231/2231
f 2136/2136 2137/2137 2233/2233 2232/2232
f 2137/2137 2138/2138 2234/2234 2233/2233
f 2138/2138 2139/2139 2235/2235 2234/2234
f 2139/2139 2140/2140 2236/2236 2235/2235
f 2140/2140 2141/2141 2237/2237 2236/2236
f 2141/2141 2142/2142 2238/2238 2237/2237
f 2142/2142 2143/2143 2239/2239 2238/2238
f 2143/2143 2144/2144 2240/2240 2239/2239
f 2144/2144 2145/2145 2241/2241 2240/2240
f 2145/2145 2146/2146 2242/2242 2241/2241
f 2146/2146 2147/2147 2243/2243 2242/2242
f 2147/2147 2148/2148 2244/2244 2243/2243
f 2148/2148 2149/2149 2245/2245 2244/2244
f 2149/2149 2150/2150 2246/2246 2245/2245
f 2150/2150 2151/2151 2247/2247 2246/2246
f 2151/2151 2152/2152 2248/2248 2247/2247
f 2152/2152 2153/2153 2249/2249 2248/2248
f 2153/2153 2154/2154 2250/2250 2249/2249
f 2154/2154 2155/2155 2251/2251 2250/2250
f 2155/2155 2156/2156 2252/2252 2251/2251
f 2156/2156 2157/2157 2253/2253 2252/2252
f 2157/2157 2158/2158 2254/2254 2253/2253
f 2158/2158 2159/2159 2255/2255 2254/2254
f 2159/2159 2160/2160 2256/2256 2255/2255
f 2160/2160 2161/2161 2257/2257 2256/2256
f 2161/2161 2162/2162 2258/2258 2257/2257
f 2162/2162 2163/2163 2259/2259 2258/2258
f 2163/2163 2164/2164 2260/2260 2259/2259
f 2164/2164 2165/2165 2261/2261 2260/2260
f 2165/2165 2166/2166 2262/2262 2261/2261
f 2166/2166 2167/2167 2263/2263 2262/2262
f 2167/2167 2168/2168 2264/2264 2263/2263
f 2168/2168 2169/2169 2265/2265 2264/2264
f 2169/2169 2170/2170 2266/2266 2265/2265
f 2170/2170 2171/2171 2267/2267 2266/2266
f 2171/2171 2172/2172 2268/2268 2267/2267
f 2172/2172 2173/2173 2269/2269 2268/2268
f 2173/2173 2174/2174 2270/2270 2269/2269
f 2174/2174 2175/2175 2271/2271 2270/2270
f 2175/2175 2176/2176 2272/2272 2271/2271
f 2176/2176 2177/2177 2273/2273 2272/2272
f 2177/2177 2178/2178 2274/2274 2273/2273
f 2178/2178 2179/2179 2275/2275 2274/2274
f 2179/2179 2180/2180 2276/2276 2275/2275
f 2180/2180 2181/2181 2277/2277 2276/2276
f 2181/2181 2182/2182 2278/2278 2277/2277
f 2182/2182 2183/2183 2279/2279 2278/2278
f 2183/2183 2184/2184 2280/2280 2279/2279
f 2184/2184 2185/2185 2281/2281 2280/2280
f 2185/2185 2186/2186 2282/2282 2281/2281
f 2186/2186 2187/2187 2283/2283 2282/2282
f 2187/2187 2188/2188 2284/2284 2283/2283
f 2188/2188 2189/2189 2285/2285 2284/2284
f 2189/2189 2190/2190 2286/2286 2285/2285
f 2190/2190 2191/2191 2287/2287 2286/2286
f 2191/2191 2192/2192 2288/2288 2287/2287
f 2192/2192 2193/2193 2289/2289 2288/2288
f 2193/2193 2194/2194 2290/2290 2289/2289
f 2194/2194 2195/2195 2291/2291 2290/2290
f 2195/2195 2196/2196 2292/2292 2291/2291
f 2196/2196 2197/2197 2293/2293 2292/2292
f 2197/2197 2198/2198 2294/2294 2293/2293
f 2198/2198 2199/2199 2295/2295 2294/2294
f 2199/2199 2200/2200 2296/2296 2295/2295
f 2200/2200 2201/2201 2297/2297 2296/2296
f 2201/2201 2202/2202 2298/2298 2297/2297
f 2202/2202 2203/2203 2299/2299 2298/2298
f 2203/2203 2204/2204 2300/2300 2299/2299
f 2204/2204 2205/2205 2301/2301 2300/2300
f 2205/2205 2206/2206 2302/2302 2301/2301
f 2206/2206 2207/2207 2303/2303 2302/2302
f 2207/2207 2208/2208 2304/2304 2303/2303
f 2208/2208 2209/2209 2305/2305 2304/2304
f 2209/2209 2114/2114 2210/2210 2305/2305
f 2210/2210 2211/2211 2307/2307 2306/2306
f 2211/2211 2212/2212 2308/2308 2307/2307
f 2212/2212 2213/2213 2309/2309 2308/2308
f 2213/2213 2214/2214 2310/2310 2309/2309
f 2214/2214 2215/2215 2311/2311 2310/2310
f 2215/2215 2216/2216 2312/2312 2311/2311
f 2216/2216 2217/2217 2313/2313 2312/2312
f 2217/2217 2218/2218 2314/2314 2313/2313
f 2218/2218 2219/2219 2315/2315 2314/2314
f 2219/2219 2220/2220 2316/2316 2315/2315
f 2220/2220 2221/2221 2317/2317 2316/2316
f 2221/2221 2222/2222 2318/2318 2317/2317
f 2222/2222 2223/2223 2319/2319 2318/2318
f 2223/2223 2224/2224 2320/2320 2319/2319
f 2224/2224 2225/2225 2321/2321 2320/2320
f 2225/2225 2226/2226 2322/2322 2321/2321
f 2226/2226 2227/2227 2323/2323 2322/2322
f 2227/2227 2228/2228 2324/2324 2323/2323
f 2228/2228 2229/2229 2325/2325 2324/2324
f 2229/2229 2230/2230 2326/2326 2325/2325
f 2230/2230 2231/2231 2327/2327 2326/2326
f 2231/2231 2232/2232 2328/2328 2327/2327
f 2232/2232 2233/2233 2329/2329 2328/2328
f 2233/2233 2234/2234 2330/2330 2329/2329
f 2234/2234 2235/2235 2331/2331 2330/2330
f 2235/2235 2236/2236 2332/2332 2331/2331
f 2236/2236 2237/2237 2333/2333 2332/2332
f 2237/2237 2238/2238 2334/2334 2333/2333
f 2238/2238 2239/2239 2335/2335 2334/2334
f 2239/2239 2240/2240 2336/2336 2335/2335
f 2240/2240 2241/2241 2337/2337 2336/2336
f 2241/2241 2242/2242 2338/2338 2337/2337
f 2242/2242 2243/2243 2339/2339 2338/2338
f 2243/2243 2244/2244 2340/2340 2339/2339
f 2244/2244 2245/2245 2341/2341 2340/2340
f 2245/2245 2246/2246 2342/2342 2341/2341
f 2246/2246 2247/2247 2343/2343 2342/2342
f 2247/2247 2248/2248 2344/2344 2343/2343
f 2248/2248 2249/2249 2345/2345 2344/2344
f 2249/2249 2250/2250 2346/2346 2345/2345
f 2250/2250 2251/2251 2347/2347 2346/2346
f 2251/2251 2252/2252 2348/2348 2347/2347
f 2252/2252 2253/2253 2349/2349 2348/2348
f 2253/2253 2254/2254 2350/2350 2349/2349
f 2254/2254 2255/2255 2351/2351 2350/2350
f 2255/2255 2256/2256 2352/2352 2351/2351
f 2256/2256 2257/2257 2353/2353 2352/2352
f 2257/2257 2258/2258 2354/2354 2353/2353
f 2258/2258 2259/2259 2355/2355 2354/2354
f 2259/2259 2260/2260 2356/2356 2355/2355
f 2260/2260 2261/2261 2357/2357 2356/2356
f 2261/2261 2262/2262 2358/2358 2357/2357
f 2262/2262 2263/2263 2359/2359 2358/2358
f 2263/2263 2264/2264 2360/2360 2359/2359
f 2264/2264 2265/2265 2361/2361 2360/2360
f 2265/2265 2266/2266 2362/2362 2361/2361
f 2266/2266 2267/2267 2363/2363 2362/2362
f 2267/2267 2268/2268 2364/2364 2363/2363
f 2268/2268 2269/2269 2365/2365 2364/2364
f 2269/2269 2270/2270 2366/2366 2365/2365
f 2270/2270 2271/2271 2367/2367 2366/2366
f 2271/2271 2272/2272 2368/2368 2367/2367
f 2272/2272 2273/2273 2369/2369 2368/2368
f 2273/2273 2274/2274 2370/2370 2369/2369
f 2274/2274 2275/2275 2371/2371 2370/2370
f 2275/2275 2276/2276 2372/2372 2371/2371
f 2276/2276 2277/2277 2373/2373 2372/2372
f 2277/2277 2278/2278 2374/2374 2373/2373
f 2278/2278 2279/2279 2375/2375 2374/2374
f 2279/2279 2280/2280 2376/2376 2375/2375
f 2280/2280 2281/2281 2377/2377 2376/2376
f 2281/2281 2282/2282 2378/2378 2377/2377
f 2282/2282 2283/2283 2379/2379 2378/2378
f 2283/2283 2284/2284 2380/2380 2379/2379
f 2284/2284 2285/2285 2381/2381 2380/2380
f 2285/2285 2286/2286 2382/2382 2381/2381
f 2286/2286 2287/2287 2383/2383 2382/2382
f 2287/2287 2288/2288 2384/2384 2383/2383
f 2288/2288 2289/2289 2385/2385 2384/2384
f 2289/2289 2290/2290 2386/2386 2385/2385
f 2290/2290 2291/2291 2387/2387 2386/2386
f 2291/2291 2292/2292 2388/2388 2387/2387
f 2292/2292 2293/2293 2389/2389 2388/2388
f 2293/2293 2294/2294 2390/2390 2389/2389
f 2294/2294 2295/2295 2391/2391 2390/2390
f 2295/2295 2296/2296 2392/2392 2391/2391
f 2296/2296 2297/2297 2393/2393 2392/2392
f 2297/2297 2298/2298 2394/2394 2393/2393
f 2298/2298 2299/2299 2395/2395 2394/2394
f 2299/2299 2300/2300 2396/2396 2395/2395
f 2300/2300 2301/2301 2397/2397 2396/2396
f 2301/2301 2302/2302 2398/2398 2397/2397
f 2302/2302 2303/2303 2399/2399 2398/2398
f 2303/2303 2304/2304 2400/2400 2399/2399
f 2304/2304 2305/2305 2401/2401 2400/2400
f 2305/2305 2210/2210 2306/2306 2401/2401
f 2306/2306 2307/2307 2403/2403 2402/2402
f 2307/2307 2308/2308 2404/2404 2403/2403
f 2308/2308 2309/2309 2405/2405 2404/2404
f 2309/2309 2310/2310 2406/2406 2405/2405
f 2310/2310 2311/2311 2407/2407 2406/2406
f 2311/2311 2312/2312 2408/2408 2407/2407
f 2312/2312 2313/2313 2409/2409 2408/2408
f 2313/2313 2314/2314 2410/2410 2409/2409
f 2314/2314 2315/2315 2411/2411 2410/2410
f 2315/2315 2316/2316 2412/2412 2411/2411
f 2316/2316 2317/2317 2413/2413 2412/2412
f 2317/2317 2318/2318 2414/2414 2413/2413
f 2318/2318 2319/2319 2415/2415 2414/2414
f 2319/2319 2320/2320 2416/2416 2415/2415
f 2320/2320 2321/2321 2417/2417 2416/2416
f 2321/2321 2322/2322 2418/2418 2417/2417
f 2322/2322 2323/2323 2419/2419 2418/2418
f 2323/2323 2324/2324 2420/2420 2419/2419
f 2324/2324 2325/2325 2421/2421 2420/2420
f 2325/2325 2326/2326 2422/2422 2421/2421
f 2326/2326 2327/2327 2423/2423 2422/2422
f 2327/2327 2328/2328 2424/2424 2423/2423
f 2328/2328 2329/2329 2425/2425 2424/2424
f 2329/2329 2330/2330 2426/2426 2425/2425
f 2330/2330 2331/2331 2427/2427 2426/2426
f 2331/2331 2332/2332 2428/2428 2427/2427
f 2332/2332 2333/2333 2429/2429 2428/2428
f 2333/2333 2334/2334 2430/2430 2429/2429
f 2334/2334 2335/2335 2431/2431 2430/2430
f 2335/2335 2336/2336 2432/2432 2431/2431
f 2336/2336 2337/2337 2433/2433 2432/2432
f 2337/2337 2338/2338 2434/2434 2433/2433
f 2338/2338 2339/2339 2435/2435 2434/2434
f 2339/2339 2340/2340 2436/2436 2435/2435
f 2340/2340 2341/2341 2437/2437 2436/2436
f 2341/2341 2342/2342 2438/2438 2437/2437
f 2342/2342 2343/2343 2439/2439 2438/2438
f 2343/2343 2344/2344 2440/2440 2439/2439
f 2344/2344 2345/2345 2441/2441 2440/2440
f 2345/2345 2346/2346 2442/2442 2441/2441
f 2346/2346 2347/2347 2443/2443 2442/2442
f 2347/2347 2348/2348 2444/2444 2443/2443
f 2348/2348 2349/2349 2445/2445 2444/2444
f 2349/2349 2350/2350 2446/2446 2445/2445
f 2350/2350 2351/2351 2447/2447 2446/2446
f 2351/2351 2352/2352 2448/2448 2447/2447
f 2352/2352 2353/2353 2449/2449 2448/2448
f 2353/2353 2354/2354 2450/2450 2449/2449
f 2354/2354 2355/2355 2451/2451 2450/2450
f 2355/2355 2356/2356 2452/2452 2451/2451
f 2356/2356 2357/2357 2453/2453 2452/2452
f 2357/2357 2358/2358 2454/2454 2453/2453
f 2358/2358 2359/2359 2455/2455 2454/2454
f 2359/2359 2360/2360 2456/2456 2455/2455
f 2360/2360 2361/2361 2457/2457 2456/2456
f 2361/2361 2362/2362 2458/2458 2457/2457
f 2362/2362 2363/2363 2459/2459 2458/2458
f 2363/2363 2364/2364 2460/2460 2459/2459
f 2364/2364 2365/2365 2461/2461 2460/2460
f 2365/2365 2366/2366 2462/2462 2461/2461
f 2366/2366 2367/2367 2463/2463 2462/2462
f 2367/2367 2368/2368 2464/2464 2463/2463
f 2368/2368 2369/2369 2465/2465 2464/2464
f 2369/2369 2370/2370 2466/2466 2465/2465
f 2370/2370 2371/2371 2467/2467 2466/2466
f 2371/2371 2372/2372 2468/2468 2467/2467
f 2372/2372 2373/2373 2469/2469 2468/2468
f 2373/2373 2374/2374 2470/2470 2469/2469
f 2374/2374 2375/2375 2471/2471 2470/2470
f 2375/2375 2376/2376 2472/2472 2471/2471
f 2376/2376 2377/2377 2473/2473 2472/2472
f 2377/2377 2378/2378 2474/2474 2473/2473
f 2378/2378 2379/2379 2475/2475 2474/2474
f 2379/2379 2380/2380 2476/2476 2475/2475
f 2380/2380 2381/2381 2477/2477 2476/2476
f 2381/2381 2382/2382 2478/2478 2477/2477
f 2382/2382 2383/2383 2479/2479 2478/2478
f 2383/2383 2384/2384 2480/2480 2479/2479
f 2384/2384 2385/2385 2481/2481 2480/2480
f 2385/2385 2386/2386 2482/2482 2481/2481
f 2386/2386 2387/2387 2483/2483 2482/2482
f 2387/2387 2388/2388 2484/2484 2483/2483
f 2388/2388 2389/2389 2485/2485 2484/2484
f 2389/2389 2390/2390 2486/2486 2485/2485
f 2390/2390 2391/2391 2487/2487 2486/2486
f 2391/2391 2392/2392 2488/2488 2487/2487
f 2392/2392 2393/2393 2489/2489 2488/2488
f 2393/2393 2394/2394 2490/2490 2489/2489
f 2394/2394 2395/2395 2491/2491 2490/2490
f 2395/2395 2396/2396 2492/2492 2491/2491
f 2396/2396 2397/2397 2493/2493 2492/2492
f 2397/2397 2398/2398 2494/2494 2493/2493
f 2398/2398 2399/2399 2495/2495 2494/2494
f 2399/2399 2400/2400 2496/2496 2495/2495
f 2400/2400 2401/2401 2497/2497 2496/2496
f 2401/2401 2306/2306 2402/2402 2497/2497
f 2402/2402 2403/2403 2499/2499 2498/2498
f 2403/2403 2404/2404 2500/2500 2499/2499
f 2404/2404 2405/2405 2501/2501 2500/2500
f 2405/2405 2406/2406 2502/2502 2501/2501
f 2406/2406 2407/2407 2503/2503 2502/2502
f 2407/2407 2408/2408 2504/2504 2503/2503
f 2408/2408 2409/2409 2505/2505 2504/2504
f 2409/2409 2410/2410 2506/2506 2505/2505
f 2410/2410 2411/2411 2507/2507 2506/2506
f 2411/2411 2412/2412 2508/2508 2507/2507
f 2412/2412 2413/2413 2509/2509 2508/2508
f 2413/2413 2414/2414 2510/2510 2509/2509
f 2414/2414 2415/2415 2511/2511 2510/2510
f 2415/2415 2416/2416 2512/2512 2511/2511
f 2416/2416 2417/2417 2513/2513 2512/2512
f 2417/2417 2418/2418 2514/2514 2513/2513
f 2418/2418 2419/2419 2515/2515 2514/2514
f 2419/2419 2420/2420 2516/2516 2515/2515
f 2420/2420 2421/2421 2517/2517 2516/2516
f 2421/2421 2422/2422 2518/2518 2517/2517
f 2422/2422 2423/2423 2519/2519 2518/2518
f 2423/2423 2424/2424 2520/2520 2519/2519
f 2424/2424 2425/2425 2521/2521 2520/2520
f 2425/2425 2426/2426 2522/2522 2521/2521
f 2426/2426 2427/2427 2523/2523 2522/2522
f 2427/2427 2428/2428 2524/2524 2523/2523
f 2428/2428 2429/2429 2525/2525 2524/2524
f 2429/2429 2430/2430 2526/2526 2525/2525
f 2430/2430 2431/2431 2527/2527 2526/2526
f 2431/2431 2432/2432 2528/2528 2527/2527
f 2432/2432 2433/2433 2529/2529 2528/2528
f 2433/2433 2434/2434 2530/2530 2529/2529
f 2434/2434 2435/2435 2531/2531 2530/2530
f 2435/2435 2436/2436 2532/2532 2531/2531
f 2436/2436 2437/2437 2533/2533 2532/2532
f 2437/2437 2438/2438 2534/2534 2533/2533
f 2438/2438 2439/2439 2535/2535 2534/2534
f 2439/2439 2440/2440 2536/2536 2535/2535
f 2440/2440 2441/2441 2537/2537 2536/2536
f 2441/2441 2442/2442 2538/2538 2537/2537
f 2442/2442 2443/2443 2539/2539 2538/2538
f 2443/2443 2444/2444 2540/2540 2539/2539
f 2444/2444 2445/2445 2541/2541 2540/2540
f 2445/2445 2446/2446 2542/2542 2541/2541
f 2446/2446 2447/2447 2543/2543 2542/2542
f 2447/2447 2448/2448 2544/2544 2543/2543
f 2448/2448 2449/2449 2545/2545 2544/2544
f 2449/2449 2450/2450 2546/2546 2545/2545
f 2450/2450 2451/2451 2547/2547 2546/2546
f 2451/2451 2452/2452 2548/2548 2547/2547
f 2452/2452 2453/2453 2549/2549 2548/2548
f 2453/2453 2454/2454 2550/2550 2549/2549
f 2454/2454 2455/2455 2551/2551 2550/2550
f 2455/2455 2456/2456 2552/2552 2551/2551
f 2456/2456 2457/2457 2553/2553 2552/2552
f 2457/2457 2458/2458 2554/2554 2553/2553
f 2458/2458 2459/2459 2555/2555 2554/2554
f 2459/2459 2460/2460 2556/2556 2555/2555
f 2460/2460 2461/2461 2557/2557 2556/2556
f 2461/2461 2462/2462 2558/2558 2557/2557
f 2462/2462 2463/2463 2559/2559 2558/2558
f 2463/2463 2464/2464 2560/2560 2559/2559
f 2464/2464 2465/2465 2561/2561 2560/2560
f 2465/2465 2466/2466 2562/2562 2561/2561
f 2466/2466 2467/2467 2563/2563 2562/2562
f 2467/2467 2468/2468 2564/2564 2563/2563
f 2468/2468 2469/2469 2565/2565 2564/2564
f 2469/2469 2470/2470 2566/2566 2565/2565
f 2470/2470 2471/2471 2567/2567 2566/2566
f 2471/2471 2472/2472 2568/2568 2567/2567
f 2472/2472 2473/2473 2569/2569 2568/2568
f 2473/2473 2474/2474 2570/2570 2569/2569
f 2474/2474 2475/2475 2571/2571 2570/2570
f 2475/2475 2476/2476 2572/2572 2571/2571
f 2476/2476 2477/2477 2573/2573 2572/2572
f 2477/2477 2478/2478 2574/2574 2573/2573
f 2478/2478 2479/2479 2575/2575 2574/2574
f 2479/2479 2480/2480 2576/2576 2575/2575
f 2480/2480 2481/2481 2577/2577 2576/2576
f 2481/2481 2482/2482 2578/2578 2577/2577
f 2482/2482 2483/2483 2579/2579 2578/2578
f 2483/2483 2484/2484 2580/2580 2579/2579
f 2484/2484 2485/2485 2581/2581 2580/2580
f 2485/2485 2486/2486 2582/2582 2581/2581
f 2486/2486 2487/2487 2583/2583 2582/2582
f 2487/2487 2488/2488 2584/2584 2583/2583
f 2488/2488 2489/2489 2585/2585 2584/2584
f 2489/2489 2490/2490 2586/2586 2585/2585
f 2490/2490 2491/2491 2587/2587 2586/2586
f 2491/2491 2492/2492 2588/2588 2587/2587
f 2492/2492 2493/2493 2589/2589 2588/2588
f 2493/2493 2494/2494 2590/2590 2589/2589
f 2494/2494 2495/2495 2591/2591 2590/2590
f 2495/2495 2496/2496 2592/2592 2591/2591
f 2496/2496 2497/2497 2593/2593 2592/2592
f 2497/2497 2402/2402 2498/2498 2593/2593
f 2498/2498 2499/2499 2595/2595 2594/2594
f 2499/2499 2500/2500 2596/2596 2595/2595
f 2500/2500 2501/2501 2597/2597 2596/2596
f 2501/2501 2502/2502 2598/2598 2597/2597
f 2502/2502 2503/2503 2599/2599 2598/2598
f 2503/2503 2504/2504 2600/2600 2599/2599
f 2504/2504 2505/2505 2601/2601 2600/2600
f 2505/2505 2506/2506 2602/2602 2601/2601
f 2506/2506 2507/2507 2603/2603 2602/2602
f 2507/2507 2508/2508 2604/2604 2603/2603
f 2508/2508 2509/2509 2605/2605 2604/2604
f 2509/2509 2510/2510 2606/2606 2605/2605
f 2510/2510 2511/2511 2607/2607 2606/2606
f 2511/2511 2512/2512 2608/2608 2607/2607
f 2512/2512 2513/2513 2609/2609 2608/2608
f 2513/2513 2514/2514 2610/2610 2609/2609
f 2514/2514 2515/2515 2611/2611 2610/2610
f 2515/2515 2516/2516 2612/2612 2611/2611
f 2516/2516 2517/2517 2613/2613 2612/2612
f 2517/2517 2518/2518 2614/2614 2613/2613
f 2518/2518 2519/2519 2615/2615 2614/2614
f 2519/2519 2520/2520 2616/2616 2615/2615
f 2520/2520 2521/2521 2617/2617 2616/2616
f 2521/2521 2522/2522 2618/2618 2617/2617
f 2522/2522 2523/2523 2619/2619 2618/2618
f 2523/2523 2524/2524 2620/2620 2619/2619
f 2524/2524 2525/2525 2621/2621 2620/2620
f 2525/2525 2526/2526 2622/2622 2621/2621
f 2526/2526 2527/2527 2623/2623 2622/2622
f 2527/2527 2528/2528 2624/2624 2623/2623
f 2528/2528 2529/2529 2625/2625 2624/2624
f 2529/2529 2530/2530 2626/2626 2625/2625
f 2530/2530 2531/2531 2627/2627 2626/2626
f 2531/2531 2532/2532 2628/2628 2627/2627
f 2532/2532 2533/2533 2629/2629 2628/2628
f 2533/2533 2534/2534 2630/2630 2629/2629
f 2534/2534 2535/2535 2631/2631 2630/2630
f 2535/2535 2536/2536 2632/2632 2631/2631
f 2536/2536 2537/2537 2633/2633 2632/2632
f 2537/2537 2538/2538 2634/2634 2633/2633
f 2538/2538 2539/2539 2635/2635 2634/2634
f 2539/2539 2540/2540 2636/2636 2635/2635
f 2540/2540 2541/2541 2637/2637 2636/2636
f 2541/2541 2542/2542 2638/2638 2637/2637
f 2542/2542 2543/2543 2639/2639 2638/2638
f 2543/2543 2544/2544 2640/2640 2639/2639
f 2544/2544 2545/2545 2641/2641 2640/2640
f 2545/2545 2546/2546 2642/2642 2641/2641
f 2546/2546 2547/2547 2643/2643 2642/2642
f 2547/2547 2548/2548 2644/2644 2643/2643
f 2548/2548 2549/2549 2645/2645 2644/2644
f 2549/2549 2550/2550 2646/2646 2645/2645
f 2550/2550 2551/2551 2647/2647 2646/2646
f 2551/2551 2552/2552 2648/2648 2647/2647
f 2552/2552 2553/2553 2649/2649 2648/2648
f 2553/2553 2554/2554 2650/2650 2649/2649
f 2554/2554 2555/2555 2651/2651 2650/2650
f 2555/2555 2556/2556 2652/2652 2651/2651
f 2556/2556 2557/2557 2653/2653 2652/2652
f 2557/2557 2558/2558 2654/2654 2653/2653
f 2558/2558 2559/2559 2655/2655 2654/2654
f 2559/2559 2560/2560 2656/2656 2655/2655
f 2560/2560 2561/2561 2657/2657 2656/2656
f 2561/2561 2562/2562 2658/2658 2657/2657
f 2562/2562 2563/2563 2659/2659 2658/2658
f 2563/2563 2564/2564 2660/2660 2659/2659
f 2564/2564 2565/2565 2661/2661 2660/2660
f 2565/2565 2566/2566 2662/2662 2661/2661
f 2566/2566 2567/2567 2663/2663 2662/2662
f 2567/2567 2568/2568 2664/2664 2663/2663
f 2568/2568 2569/2569 2665/2665 2664/2664
f 2569/2569 2570/2570 2666/2666 2665/2665
f 2570/2570 2571/2571 2667/2667 2666/2666
f 2571/2571 2572/2572 2668/2668 2667/2667
f 2572/2572 2573/2573 2669/2669 2668/2668
f 2573/2573 2574/2574 2670/2670 2669/2669
f 2574/2574 2575/2575 2671/2671 2670/2670
f 2575/2575 2576/2576 2672/2672 2671/2671
f 2576/2576 2577/2577 2673/2673 2672/2672
f 2577/2577 2578/2578 2674/2674 2673/2673
f 2578/2578 2579/2579 2675/2675 2674/2674
f 2579/2579 2580/2580 2676/2676 2675/2675
f 2580/2580 2581/2581 2677/2677 2676/2676
f 2581/2581 2582/2582 2678/2678 2677/2677
f 2582/2582 2583/2583 2679/2679 2678/2678
f 2583/2583 2584/2584 2680/2680 2679/2679
f 2584/2584 2585/2585 2681/2681 2680/2680
f 2585/2585 2586/2586 2682/2682 2681/2681
f 2586/2586 2587/2587 2683/2683 2682/2682
f 2587/2587 2588/2588 2684/2684 2683/2683
f 2588/2588 2589/2589 2685/2685 2684/2684
f 2589/2589 2590/2590 2686/2686 2685/2685
f 2590/2590 2591/2591 2687/2687 2686/2686
f 2591/2591 2592/2592 2688/2688 2687/2687
f 2592/2592 2593/2593 2689/2689 2688/2688
f 2593/2593 2498/2498 2594/2594 2689/2689
usemtl Wall
f 2690/2690 2691/2691 2787/2788 2786/2787
f 2691/2691 2692/2692 2788/2789 2787/2788
f 2692/2692 2693/2693 2789/2790 2788/2789
f 2693/2693 2694/2694 2790/2791 2789/2790
f 2694/2694 2695/2695 2791/2792 2790/2791
f 2695/2695 2696/2696 2792/2793 2791/2792
f 2696/2696 2697/2697 2793/2794 2792/2793
f 2697/2697 2698/2698 2794/2795 2793/2794
f 2698/2698 2699/2699 2795/2796 2794/2795
f 2699/2699 2700/2700 2796/2797 2795/2796
f 2700/2700 2701/2701 2797/2798 2796/2797
f 2701/2701 2702/2702 2798/2799 2797/2798
f 2702/2702 2703/2703 2799/2800 2798/2799
f 2703/2703 2704/2704 2800/2801 2799/2800
f 2704/2704 2705/2705 2801/2802 2800/2801
f 2705/2705 2706/2706 2802/2803 2801/2802
f 2706/2706 2707/2707 2803/2804 2802/2803
f 2707/2707 2708/2708 2804/2805 2803/2804
f 2708/2708 2709/2709 2805/2806 2804/2805
f 2709/2709 2710/2710 2806/2807 2805/2806
f 2710/2710 2711/2711 2807/2808 2806/2807
f 2711/2711 2712/2712 2808/2809 2807/2808
f 2712/2712 2713/2713 2809/2810 2808/2809
f 2713/2713 2714/2714 2810/2811 2809/2810
f 2714/2714 2715/2715 2811/2812 2810/2811
f 2715/2715 2716/2716 2812/2813 2811/2812
f 2716/2716 2717/2717 2813/2814 2812/2813
f 2717/2717 2718/2718 2814/2815 2813/2814
f 2718/2718 2719/2719 2815/2816 2814/2815
f 2719/2719 2720/2720 2816/2817 2815/2816
f 2720/2720 2721/2721 2817/2818 2816/2817
f 2721/2721 2722/2722 2818/2819 2817/2818
f 2722/2722 2723/2723 2819/2820 2818/2819
f 2723/2723 2724/2724 2820/2821 2819/2820
f 2724/2724 2725/2725 2821/2822 2820/2821
f 2725/2725 2726/2726 2822/2823 2821/2822
f 2726/2726 2727/2727 2823/2824 2822/2823
f 2727/2727 2728/2728 2824/2825 2823/2824
f 2728/2728 2729/2729 2825/2826 2824/2825
f 2729/2729 2730/2730 2826/2827 2825/2826
f 2730/2730 2731/2731 2827/2828 2826/2827
f 2731/2731 2732/2732 2828/2829 2827/2828
f 2732/2732 2733/2733 2829/2830 2828/2829
f 2733/2733 2734/2734 2830/2831 2829/2830
f 2734/2734 2735/2735 2831/2832 2830/2831
f 2735/2735 2736/2736 2832/2833 2831/2832
f 2736/2736 2737/2737 2833/2834 2832/2833
f 2737/2737 2738/2738 2834/2835 2833/2834
f 2738/2738 2739/2739 2835/2836 2834/2835
f 2739/2739 2740/2740 2836/2837 2835/2836
f 2740/2740 2741/2741 2837/2838 2836/2837
f 2741/2741 2742/2742 2838/2839 2837/2838
f 2742/2742 2743/2743 2839/2840 2838/2839
f 2743/2743 2744/2744 2840/2841 2839/2840
f 2744/2744 2745/2745 2841/2842 2840/2841
f 2745/2745 2746/2746 2842/2843 2841/2842
f 2746/2746 2747/2747 2843/2844 2842/2843
f 2747/2747 2748/2748 2844/2845 2843/2844
f 2748/2748 2749/2749 2845/2846 2844/2845
f 2749/2749 2750/2750 2846/2847 2845/2846
f 2750/2750 2751/2751 2847/2848 2846/2847
f 2751/2751 2752/2752 2848/2849 2847/2848
f 2752/2752 2753/2753 2849/2850 2848/2849
f 2753/2753 2754/2754 2850/2851 2849/2850
f 2754/2754 2755/2755 2851/2852 2850/2851
f 2755/2755 2756/2756 2852/2853 2851/2852
f 2756/2756 2757/2757 2853/2854 2852/2853
f 2757/2757 2758/2758 2854/2855 2853/2854
f 2758/2758 2759/2759 2855/2856 2854/2855
f 2759/2759 2760/2760 2856/2857 2855/2856
f 2760/2760 2761/2761 2857/2858 2856/2857
f 2761/2761 2762/2762 2858/2859 2857/2858
f 2762/2762 2763/2763 2859/2860 2858/2859
f 2763/2763 2764/2764 2860/2861 2859/2860
f 2764/2764 2765/2765 2861/2862 2860/2861
f 2765/2765 2766/2766 2862/2863 2861/2862
f 2766/2766 2767/2767 2863/2864 2862/2863
f 2767/2767 2768/2768 2864/2865 2863/2864
f 2768/2768 2769/2769 2865/2866 2864/2865
f 2769/2769 2770/2770 2866/2867 2865/2866
f 2770/2770 2771/2771 2867/2868 2866/2867
f 2771/2771 2772/2772 2868/2869 2867/2868
f 2772/2772 2773/2773 2869/2870 2868/2869
f 2773/2773 2774/2774 2870/2871 2869/2870
f 2774/2774 2775/2775 2871/2872 2870/2871
f 2775/2775 2776/2776 2872/2873 2871/2872
f 2776/2776 2777/2777 2873/2874 2872/2873
f 2777/2777 2778/2778 2874/2875 2873/2874
f 2778/2778 2779/2779 2875/2876 2874/2875
f 2779/2779 2780/2780 2876/2877 2875/2876
f 2780/2780 2781/2781 2877/2878 2876/2877
f 2781/2781 2782/2782 2878/2879 2877/2878
f 2782/2782 2783/2783 2879/2880 2878/2879
f 2783/2783 2784/2784 2880/2881 2879/2880
f 2784/2784 2785/2785 2881/2882 2880/2881
f 2785/2785 2690/2786 2786/2883 2881/2882
f 2786/2787 2787/2788 2883/2885 2882/2884
f 2787/2788 2788/2789 2884/2886 2883/2885
f 2788/2789 2789/2790 2885/2887 2884/2886
f 2789/2790 2790/2791 2886/2888 2885/2887
f 2790/2791 2791/2792 2887/2889 2886/2888
f 2791/2792 2792/2793 2888/2890 2887/2889
f 2792/2793 2793/2794 2889/2891 2888/2890
f 2793/2794 2794/2795 2890/2892 2889/2891
f 2794/2795 2795/2796 2891/2893 2890/2892
f 2795/2796 2796/2797 2892/2894 2891/2893
f 2796/2797 2797/2798 2893/2895 2892/2894
f 2797/2798 2798/2799 2894/2896 2893/2895
f 2798/2799 2799/2800 2895/2897 2894/2896
f 2799/2800 2800/2801 2896/2898 2895/2897
f 2800/2801 2801/2802 2897/2899 2896/2898
f 2801/2802 2802/2803 2898/2900 2897/2899
f 2802/2803 2803/2804 2899/2901 2898/2900
f 2803/2804 2804/2805 2900/2902 2899/2901
f 2804/2805 2805/2806 2901/2903 2900/2902
f 2805/2806 2806/2807 2902/2904 2901/2903
f 2806/2807 2807/2808 2903/2905 2902/2904
f 2807/2808 2808/2809 2904/2906 2903/2905
f 2808/2809 2809/2810 2905/2907 2904/2906
f 2809/2810 2810/2811 2906/2908 2905/2907
f 2810/2811 2811/2812 2907/2909 2906/2908
f 2811/2812 2812/2813 2908/2910 2907/2909
f 2812/2813 2813/2814 2909/2911 2908/2910
f 2813/2814 2814/2815 2910/2912 2909/2911
f 2814/2815 2815/2816 2911/2913 2910/2912
f 2815/2816 2816/2817 2912/2914 2911/2913
f 2816/2817 2817/2818 2913/2915 2912/2914
f 2817/2818 2818/2819 2914/2916 2913/2915
f 2818/2819 2819/2820 2915/2917 2914/2916
f 2819/2820 2820/2821 2916/2918 2915/2917
f 2820/2821 2821/2822 2917/2919 2916/2918
f 2821/2822 2822/2823 2918/2920 2917/2919
f 2822/2823 2823/2824 2919/2921 2918/2920
f 2823/2824 2824/2825 2920/2922 2919/2921
f 2824/2825 2825/2826 2921/2923 2920/2922
f 2825/2826 2826/2827 2922/2924 2921/2923
f 2826/2827 2827/2828 2923/2925 2922/2924
f 2827/2828 2828/2829 2924/2926 2923/2925
f 2828/2829 2829/2830 2925/2927 2924/2926
f 2829/2830 2830/2831 2926/2928 2925/2927
f 2830/2831 2831/2832 2927/2929 2926/2928
f 2831/2832 2832/2833 2928/2930 2927/2929
f 2832/2833 2833/2834 2929/2931 2928/2930
f 2833/2834 2834/2835 2930/2932 2929/2931
f 2834/2835 2835/2836 2931/2933 2930/2932
f 2835/2836 2836/2837 2932/2934 2931/2933
f 2836/2837 2837/2838 2933/2935 2932/2934
f 2837/2838 2838/2839 2934/2936 2933/2935
f 2838/2839 2839/2840 2935/2937 2934/2936
f 2839/2840 2840/2841 2936/2938 2935/2937
f 2840/2841 2841/2842 2937/2939 2936/2938
f 2841/2842 2842/2843 2938/2940 2937/2939
f 2842/2843 2843/2844 2939/2941 2938/2940
f 2843/2844 2844/2845 2940/2942 2939/2941
f 2844/2845 2845/2846 2941/2943 2940/2942
f 2845/2846 2846/2847 2942/2944 2941/2943
f 2846/2847 2847/2848 2943/2945 2942/2944
f 2847/2848 2848/2849 2944/2946 2943/2945
f 2848/2849 2849/2850 2945/2947 2944/2946
f 2849/2850 2850/2851 2946/2948 2945/2947
f 2850/2851 2851/2852 2947/2949 2946/2948
f 2851/2852 2852/2853 2948/2950 2947/2949
f 2852/2853 2853/2854 2949/2951 2948/2950
f 2853/2854 2854/2855 2950/2952 2949/2951
f 2854/2855 2855/2856 2951/2953 2950/2952
f 2855/2856 2856/2857 2952/2954 2951/2953
f 2856/2857 2857/2858 2953/2955 2952/2954
f 2857/2858 2858/2859 2954/2956 2953/2955
f 2858/2859 2859/2860 2955/2957 2954/2956
f 2859/2860 2860/2861 2956/2958 2955/2957
f 2860/2861 2861/2862 2957/2959 2956/2958
f 2861/2862 2862/2863 2958/2960 2957/2959
f 2862/2863 2863/2864 2959/2961 2958/2960
f 2863/2864 2864/2865 2960/2962 2959/2961
f 2864/2865 2865/2866 2961/2963 2960/2962
f 2865/2866 2866/2867 2962/2964 2961/2963
f 2866/2867 2867/2868 2963/2965 2962/2964
f 2867/2868 2868/2869 2964/2966 2963/2965
f 2868/2869 2869/2870 2965/2967 2964/2966
f 2869/2870 2870/2871 2966/2968 2965/2967
f 2870/2871 2871/2872 2967/2969 2966/2968
f 2871/2872 2872/2873 2968/2970 2967/2969
f 2872/2873 2873/2874 2969/2971 2968/2970
f 2873/2874 2874/2875 2970/2972 2969/2971
f 2874/2875 2875/2876 2971/2973 2970/2972
f 2875/2876 2876/2877 2972/2974 2971/2973
f 2876/2877 2877/2878 2973/2975 2972/2974
f 2877/2878 2878/2879 2974/2976 2973/2975
f 2878/2879 2879/2880 2975/2977 2974/2976
f 2879/2880 2880/2881 2976/2978 2975/2977
f 2880/2881 2881/2882 2977/2979 2976/2978
f 2881/2882 2786/2883 2882/2980 2977/2979
f 2882/2884 2883/2885 2979/2982 2978/2981
f 2883/2885 2884/2886 2980/2983 2979/2982
f 2884/2886 2885/2887 2981/2984 2980/2983
f 2885/2887 2886/2888 2982/2985 2981/2984
f 2886/2888 2887/2889 2983/2986 2982/2985
f 2887/2889 2888/2890 2984/2987 2983/2986
f 2888/2890 2889/2891 2985/2988 2984/2987
f 2889/2891 2890/2892 2986/2989 2985/2988
f 2890/2892 2891/2893 2987/2990 2986/2989
f 2891/2893 2892/2894 2988/2991 2987/2990
f 2892/2894 2893/2895 2989/2992 2988/2991
f 2893/2895 2894/2896 2990/2993 2989/2992
f 2894/2896 2895/2897 2991/2994 2990/2993
f 2895/2897 2896/2898 2992/2995 2991/2994
f 2896/2898 2897/2899 2993/2996 2992/2995
f 2897/2899 2898/2900 2994/2997 2993/2996
f 2898/2900 2899/2901 2995/2998 2994/2997
f 2899/2901 2900/2902 2996/2999 2995/2998
f 2900/2902 2901/2903 2997/3000 2996/2999
f 2901/2903 2902/2904 2998/3001 2997/3000
f 2902/2904 2903/2905 2999/3002 2998/3001
f 2903/2905 2904/2906 3000/3003 2999/3002
f 2904/2906 2905/2907 3001/3004 3000/3003
f 2905/2907 2906/2908 3002/3005 3001/3004
f 2906/2908 2907/2909 3003/3006 3002/3005
f 2907/2909 2908/2910 3004/3007 3003/3006
f 2908/2910 2909/2911 3005/3008 3004/3007
f 2909/2911 2910/2912 3006/3009 3005/3008
f 2910/2912 2911/2913 3007/3010 3006/3009
f 2911/2913 2912/2914 3008/3011 3007/3010
f 2912/2914 2913/2915 3009/3012 3008/3011
f 2913/2915 2914/2916 3010/3013 3009/3012
f 2914/2916 2915/2917 3011/3014 3010/3013
f 2915/2917 2916/2918 3012/3015 3011/3014
f 2916/2918 2917/2919 3013/3016 3012/3015
f 2917/2919 2918/2920 3014/3017 3013/3016
f 2918/2920 2919/2921 3015/3018 3014/3017
f 2919/2921 2920/2922 3016/3019 3015/3018
f 2920/2922 2921/2923 3017/3020 3016/3019
f 2921/2923 2922/2924 3018/3021 3017/3020
f 2922/2924 2923/2925 3019/3022 3018/3021
f 2923/2925 2924/2926 3020/3023 3019/3022
f 2924/2926 2925/2927 3021/3024 3020/3023
f 2925/2927 2926/2928 3022/3025 3021/3024
f 2926/2928 2927/2929 3023/3026 3022/3025
f 2927/2929 2928/2930 3024/3027 3023/3026
f 2928/2930 2929/2931 3025/3028 3024/3027
f 2929/2931 2930/2932 3026/3029 3025/3028
f 2930/2932 2931/2933 3027/3030 3026/3029
f 2931/2933 2932/2934 3028/3031 3027/3030
f 2932/2934 2933/2935 3029/3032 3028/3031
f 2933/2935 2934/2936 3030/3033 3029/3032
f 2934/2936 2935/2937 3031/3034 3030/3033
f 2935/2937 2936/2938 3032/3035 3031/3034
f 2936/2938 2937/2939 3033/3036 3032/3035
f 2937/2939 2938/2940 3034/3037 3033/3036
f 2938/2940 2939/2941 3035/3038 3034/3037
f 2939/2941 2940/2942 3036/3039 3035/3038
f 2940/2942 2941/2943 3037/3040 3036/3039
f 2941/2943 2942/2944 3038/3041 3037/3040
f 2942/2944 2943/2945 3039/3042 3038/3041
f 2943/2945 2944/2946 3040/3043 3039/3042
f 2944/2946 2945/2947 3041/3044 3040/3043
f 2945/2947 2946/2948 3042/3045 3041/3044
f 2946/2948 2947/2949 3043/3046 3042/3045
f 2947/2949 2948/2950 3044/3047 3043/3046
f 2948/2950 2949/2951 3045/3048 3044/3047
f 2949/2951 2950/2952 3046/3049 3045/3048
f 2950/2952 2951/2953 3047/3050 3046/3049
f 2951/2953 2952/2954 3048/3051 3047/3050
f 2952/2954 2953/2955 3049/3052 3048/3051
f 2953/2955 2954/2956 3050/3053 3049/3052
f 2954/2956 2955/2957 3051/3054 3050/3053
f 2955/2957 2956/2958 3052/3055 3051/3054
f 2956/2958 2957/2959 3053/3056 3052/3055
f 2957/2959 2958/2960 3054/3057 3053/3056
f 2958/2960 2959/2961 3055/3058 3054/3057
f 2959/2961 2960/2962 3056/3059 3055/3058
f 2960/2962 2961/2963 3057/3060 3056/3059
f 2961/2963 2962/2964 3058/3061 3057/3060
f 2962/2964 2963/2965 3059/3062 3058/3061
f 2963/2965 2964/2966 3060/3063 3059/3062
f 2964/2966 2965/2967 3061/3064 3060/3063
f 2965/2967 2966/2968 3062/3065 3061/3064
f 2966/2968 2967/2969 3063/3066 3062/3065
f 2967/2969 2968/2970 3064/3067 3063/3066
f 2968/2970 2969/2971 3065/3068 3064/3067
f 2969/2971 2970/2972 3066/3069 3065/3068
f 2970/2972 2971/2973 3067/3070 3066/3069
f 2971/2973 2972/2974 3068/3071 3067/3070
f 2972/2974 2973/2975 3069/3072 3068/3071
f 2973/2975 2974/2976 3070/3073 3069/3072
f 2974/2976 2975/2977 3071/3074 3070/3073
f 2975/2977 2976/2978 3072/3075 3071/3074
f 2976/2978 2977/2979 3073/3076 3072/3075
f 2977/2979 2882/2980 2978/3077 3073/3076
usemtl Shell
f 2978/2981 2979/2982 3075/3079 3074/3078
f 2979/2982 2980/2983 3076/3080 3075/3079
f 2980/2983 2981/2984 3077/3081 3076/3080
f 2981/2984 2982/2985 3078/3082 3077/3081
f 2982/2985 2983/2986 3079/3083 3078/3082
f 2983/2986 2984/2987 3080/3084 3079/3083
f 2984/2987 2985/2988 3081/3085 3080/3084
f 2985/2988 2986/2989 3082/3086 3081/3085
f 2986/2989 2987/2990 3083/3087 3082/3086
f 2987/2990 2988/2991 3084/3088 3083/3087
f 2988/2991 2989/2992 3085/3089 3084/3088
f 2989/2992 2990/2993 3086/3090 3085/3089
f 2990/2993 2991/2994 3087/3091 3086/3090
f 2991/2994 2992/2995 3088/3092 3087/3091
f 2992/2995 2993/2996 3089/3093 3088/3092
f 2993/2996 2994/2997 3090/3094 3089/3093
f 2994/2997 2995/2998 3091/3095 3090/3094
f 2995/2998 2996/2999 3092/3096 3091/3095
f 2996/2999 2997/3000 3093/3097 3092/3096
f 2997/3000 2998/3001 3094/3098 3093/3097
f 2998/3001 2999/3002 3095/3099 3094/3098
f 2999/3002 3000/3003 3096/3100 3095/3099
f 3000/3003 3001/3004 3097/3101 3096/3100
f 3001/3004 3002/3005 3098/3102 3097/3101
f 3002/3005 3003/3006 3099/3103 3098/3102
f 3003/3006 3004/3007 3100/3104 3099/3103
f 3004/3007 3005/3008 3101/3105 3100/3104
f 3005/3008 3006/3009 3102/3106 3101/3105
f 3006/3009 3007/3010 3103/3107 3102/3106
f 3007/3010 3008/3011 3104/3108 3103/3107
f 3008/3011 3009/3012 3105/3109 3104/3108
f 3009/3012 3010/3013 3106/3110 3105/3109
f 3010/3013 3011/3014 3107/3111 3106/3110
f 3011/3014 3012/3015 3108/3112 3107/3111
f 3012/3015 3013/3016 3109/3113 3108/3112
f 3013/3016 3014/3017 3110/3114 3109/3113
f 3014/3017 3015/3018 3111/3115 3110/3114
f 3015/3018 3016/3019 3112/3116 3111/3115
f 3016/3019 3017/3020 3113/3117 3112/3116
f 3017/3020 3018/3021 3114/3118 3113/3117
f 3018/3021 3019/3022 3115/3119 3114/3118
f 3019/3022 3020/3023 3116/3120 3115/3119
f 3020/3023 3021/3024 3117/3121 3116/3120
f 3021/3024 3022/3025 3118/3122 3117/3121
f 3022/3025 3023/3026 3119/3123 3118/3122
f 3023/3026 3024/3027 3120/3124 3119/3123
f 3024/3027 3025/3028 3121/3125 3120/3124
f 3025/3028 3026/3029 3122/3126 3121/3125
f 3026/3029 3027/3030 3123/3127 3122/3126
f 3027/3030 3028/3031 3124/3128 3123/3127
f 3028/3031 3029/3032 3125/3129 3124/3128
f 3029/3032 3030/3033 3126/3130 3125/3129
f 3030/3033 3031/3034 3127/3131 3126/3130
f 3031/3034 3032/3035 3128/3132 3127/3131
f 3032/3035 3033/3036 3129/3133 3128/3132
f 3033/3036 3034/3037 3130/3134 3129/3133
f 3034/3037 3035/3038 3131/3135 3130/3134
f 3035/3038 3036/3039 3132/3136 3131/3135
f 3036/3039 3037/3040 3133/3137 3132/3136
f 3037/3040 3038/3041 3134/3138 3133/3137
f 3038/3041 3039/3042 3135/3139 3134/3138
f 3039/3042 3040/3043 3136/3140 3135/3139
f 3040/3043 3041/3044 3137/3141 3136/3140
f 3041/3044 3042/3045 3138/3142 3137/3141
f 3042/3045 3043/3046 3139/3143 3138/3142
f 3043/3046 3044/3047 3140/3144 3139/3143
f 3044/3047 3045/3048 3141/3145 3140/3144
f 3045/3048 3046/3049 3142/3146 3141/3145
f 3046/3049 3047/3050 3143/3147 3142/3146
f 3047/3050 3048/3051 3144/3148 3143/3147
f 3048/3051 3049/3052 3145/3149 3144/3148
f 3049/3052 3050/3053 3146/3150 3145/3149
f 3050/3053 3051/3054 3147/3151 3146/3150
f 3051/3054 3052/3055 3148/3152 3147/3151
f 3052/3055 3053/3056 3149/3153 3148/3152
f 3053/3056 3054/3057 3150/3154 3149/3153
f 3054/3057 3055/3058 3151/3155 3150/3154
f 3055/3058 3056/3059 3152/3156 3151/3155
f 3056/3059 3057/3060 3153/3157 3152/3156
f 3057/3060 3058/3061 3154/3158 3153/3157
f 3058/3061 3059/3062 3155/3159 3154/3158
f 3059/3062 3060/3063 3156/3160 3155/3159
f 3060/3063 3061/3064 3157/3161 3156/3160
f 3061/3064 3062/3065 3158/3162 3157/3161
f 3062/3065 3063/3066 3159/3163 3158/3162
f 3063/3066 3064/3067 3160/3164 3159/3163
f 3064/3067 3065/3068 3161/3165 3160/3164
f 3065/3068 3066/3069 3162/3166 3161/3165
f 3066/3069 3067/3070 3163/3167 3162/3166
f 3067/3070 3068/3071 3164/3168 3163/3167
f 3068/3071 3069/3072 3165/3169 3164/3168
f 3069/3072 3070/3073 3166/3170 3165/3169
f 3070/3073 3071/3074 3167/3171 3166/3170
f 3071/3074 3072/3075 3168/3172 3167/3171
f 3072/3075 3073/3076 3169/3173 3168/3172
f 3073/3076 2978/3077 3074/3174 3169/3173
f 3170/3175 3171/3176 3172/3177
f 3170/3175 3172/3177 3173/3178
f 3170/3175 3173/3178 3174/3179
f 3170/3175 3174/3179 3175/3180
f 3170/3175 3175/3180 3176/3181
f 3170/3175 3176/3181 3177/3182
f 3170/3175 3177/3182 3178/3183
f 3170/3175 3178/3183 3179/3184
f 3170/3175 3179/3184 3180/3185
f 3170/3175 3180/3185 3181/3186
f 3170/3175 3181/3186 3182/3187
f 3170/3175 3182/3187 3183/3188
f 3170/3175 3183/3188 3184/3189
f 3170/3175 3184/3189 3185/3190
f 3170/3175 3185/3190 3186/3191
f 3170/3175 3186/3191 3187/3192
f 3170/3175 3187/3192 3188/3193
f 3170/3175 3188/3193 3189/3194
f 3170/3175 3189/3194 3190/3195
f 3170/3175 3190/3195 3191/3196
f 3170/3175 3191/3196 3192/3197
f 3170/3175 3192/3197 3193/3198
f 3170/3175 3193/3198 3194/3199
f 3170/3175 3194/3199 3195/3200
f 3170/3175 3195/3200 3196/3201
f 3170/3175 3196/3201 3197/3202
f 3170/3175 3197/3202 3198/3203
f 3170/3175 3198/3203 3199/3204
f 3170/3175 3199/3204 3200/3205
f 3170/3175 3200/3205 3201/3206
f 3170/3175 3201/3206 3202/3207
f 3170/3175 3202/3207 3203/3208
f 3170/3175 3203/3208 3204/3209
f 3170/3175 3204/3209 3205/3210
f 3170/3175 3205/3210 3206/3211
f 3170/3175 3206/3211 3207/3212
f 3170/3175 3207/3212 3208/3213
f 3170/3175 3208/3213 3209/3214
f 3170/3175 3209/3214 3210/3215
f 3170/3175 3210/3215 3211/3216
f 3170/3175 3211/3216 3212/3217
f 3170/3175 3212/3217 3213/3218
f 3170/3175 3213/3218 3214/3219
f 3170/3175 3214/3219 3215/3220
f 3170/3175 3215/3220 3216/3221
f 3170/3175 3216/3221 3217/3222
f 3170/3175 3217/3222 3218/3223
f 3170/3175 3218/3223 3219/3224
f 3170/3175 3219/3224 3220/3225
f 3170/3175 3220/3225 3221/3226
f 3170/3175 3221/3226 3222/3227
f 3170/3175 3222/3227 3223/3228
f 3170/3175 3223/3228 3224/3229
f 3170/3175 3224/3229 3225/3230
f 3170/3175 3225/3230 3226/3231
f 3170/3175 3226/3231 3227/3232
f 3170/3175 3227/3232 3228/3233
f 3170/3175 3228/3233 3229/3234
f 3170/3175 3229/3234 3230/3235
f 3170/3175 3230/3235 3231/3236
f 3170/3175 3231/3236 3232/3237
f 3170/3175 3232/3237 3233/3238
f 3170/3175 3233/3238 3234/3239
f 3170/3175 3234/3239 3235/3240
f 3170/3175 3235/3240 3236/3241
f 3170/3175 3236/3241 3237/3242
f 3170/3175 3237/3242 3238/3243
f 3170/3175 3238/3243 3239/3244
f 3170/3175 3239/3244 3240/3245
f 3170/3175 3240/3245 3241/3246
f 3170/3175 3241/3246 3242/3247
f 3170/3175 3242/3247 3243/3248
f 3170/3175 3243/3248 3244/3249
f 3170/3175 3244/3249 3245/3250
f 3170/3175 3245/3250 3246/3251
f 3170/3175 3246/3251 3247/3252
f 3170/3175 3247/3252 3248/3253
f 3170/3175 3248/3253 3249/3254
f 3170/3175 3249/3254 3250/3255
f 3170/3175 3250/3255 3251/3256
f 3170/3175 3251/3256 3252/3257
f 3170/3175 3252/3257 3253/3258
f 3170/3175 3253/3258 3254/3259
f 3170/3175 3254/3259 3255/3260
f 3170/3175 3255/3260 3256/3261
f 3170/3175 3256/3261 3257/3262
f 3170/3175 3257/3262 3258/3263
f 3170/3175 3258/3263 3259/3264
f 3170/3175 3259/3264 3260/3265
f 3170/3175 3260/3265 3261/3266
f 3170/3175 3261/3266 3262/3267
f 3170/3175 3262/3267 3263/3268
f 3170/3175 3263/3268 3264/3269
f 3170/3175 3264/3269 3265/3270
f 3170/3175 3265/3270 3266/3271
f 3170/3175 3266/3271 3171/3176
