# BeybladeStadium_380mm — units: mm
o BeybladeStadium_380mm
v 0.0000 0.0000 0.0000
v 6.5972 0.0000 0.0495
v 6.5769 0.5176 0.0495
v 6.5160 1.0320 0.0495
v 6.4149 1.5401 0.0495
v 6.2743 2.0387 0.0495
v 6.0950 2.5246 0.0495
v 5.8782 2.9951 0.0495
v 5.6251 3.4470 0.0495
v 5.3373 3.8777 0.0495
v 5.0166 4.2846 0.0495
v 4.6649 4.6649 0.0495
v 4.2846 5.0166 0.0495
v 3.8777 5.3373 0.0495
v 3.4470 5.6251 0.0495
v 2.9951 5.8782 0.0495
v 2.5246 6.0950 0.0495
v 2.0387 6.2743 0.0495
v 1.5401 6.4149 0.0495
v 1.0320 6.5160 0.0495
v 0.5176 6.5769 0.0495
v 0.0000 6.5972 0.0495
v -0.5176 6.5769 0.0495
v -1.0320 6.5160 0.0495
v -1.5401 6.4149 0.0495
v -2.0387 6.2743 0.0495
v -2.5246 6.0950 0.0495
v -2.9951 5.8782 0.0495
v -3.4470 5.6251 0.0495
v -3.8777 5.3373 0.0495
v -4.2846 5.0166 0.0495
v -4.6649 4.6649 0.0495
v -5.0166 4.2846 0.0495
v -5.3373 3.8777 0.0495
v -5.6251 3.4470 0.0495
v -5.8782 2.9951 0.0495
v -6.0950 2.5246 0.0495
v -6.2743 2.0387 0.0495
v -6.4149 1.5401 0.0495
v -6.5160 1.0320 0.0495
v -6.5769 0.5176 0.0495
v -6.5972 0.0000 0.0495
v -6.5769 -0.5176 0.0495
v -6.5160 -1.0320 0.0495
v -6.4149 -1.5401 0.0495
v -6.2743 -2.0387 0.0495
v -6.0950 -2.5246 0.0495
v -5.8782 -2.9951 0.0495
v -5.6251 -3.4470 0.0495
v -5.3373 -3.8777 0.0495
v -5.0166 -4.2846 0.0495
v -4.6649 -4.6649 0.0495
v -4.2846 -5.0166 0.0495
v -3.8777 -5.3373 0.0495
v -3.4470 -5.6251 0.0495
v -2.9951 -5.8782 0.0495
v -2.5246 -6.0950 0.0495
v -2.0387 -6.2743 0.0495
v -1.5401 -6.4149 0.0495
v -1.0320 -6.5160 0.0495
v -0.5176 -6.5769 0.0495
v -0.0000 -6.5972 0.0495
v 0.5176 -6.5769 0.0495
v 1.0320 -6.5160 0.0495
v 1.5401 -6.4149 0.0495
v 2.0387 -6.2743 0.0495
v 2.5246 -6.0950 0.0495
v 2.9951 -5.8782 0.0495
v 3.4470 -5.6251 0.0495
v 3.8777 -5.3373 0.0495
v 4.2846 -5.0166 0.0495
v 4.6649 -4.6649 0.0495
v 5.0166 -4.2846 0.0495
v 5.3373 -3.8777 0.0495
v 5.6251 -3.4470 0.0495
v 5.8782 -2.9951 0.0495
v 6.0950 -2.5246 0.0495
v 6.2743 -2.0387 0.0495
v 6.4149 -1.5401 0.0495
v 6.5160 -1.0320 0.0495
v 6.5769 -0.5176 0.0495
v 13.1944 0.0000 0.1979
v 13.1538 1.0352 0.1979
v 13.0320 2.0641 0.1979
v 12.8299 3.0802 0.1979
v 12.5487 4.0773 0.1979
v 12.1901 5.0493 0.1979
v 11.7563 5.9902 0.1979
v 11.2501 6.8941 0.1979
v 10.6745 7.7555 0.1979
v 10.0331 8.5691 0.1979
v 9.3299 9.3299 0.1979
v 8.5691 10.0331 0.1979
v 7.7555 10.6745 0.1979
v 6.8941 11.2501 0.1979
v 5.9902 11.7563 0.1979
v 5.0493 12.1901 0.1979
v 4.0773 12.5487 0.1979
v 3.0802 12.8299 0.1979
v 2.0641 13.0320 0.1979
v 1.0352 13.1538 0.1979
v 0.0000 13.1944 0.1979
v -1.0352 13.1538 0.1979
v -2.0641 13.0320 0.1979
v -3.0802 12.8299 0.1979
v -4.0773 12.5487 0.1979
v -5.0493 12.1901 0.1979
v -5.9902 11.7563 0.1979
v -6.8941 11.2501 0.1979
v -7.7555 10.6745 0.1979
v -8.5691 10.0331 0.1979
v -9.3299 9.3299 0.1979
v -10.0331 8.5691 0.1979
v -10.6745 7.7555 0.1979
v -11.2501 6.8941 0.1979
v -11.7563 5.9902 0.1979
v -12.1901 5.0493 0.1979
v -12.5487 4.0773 0.1979
v -12.8299 3.0802 0.1979
v -13.0320 2.0641 0.1979
v -13.1538 1.0352 0.1979
v -13.1944 0.0000 0.1979
v -13.1538 -1.0352 0.1979
v -13.0320 -2.0641 0.1979
v -12.8299 -3.0802 0.1979
v -12.5487 -4.0773 0.1979
v -12.1901 -5.0493 0.1979
v -11.7563 -5.9902 0.1979
v -11.2501 -6.8941 0.1979
v -10.6745 -7.7555 0.1979
v -10.0331 -8.5691 0.1979
v -9.3299 -9.3299 0.1979
v -8.5691 -10.0331 0.1979
v -7.7555 -10.6745 0.1979
v -6.8941 -11.2501 0.1979
v -5.9902 -11.7563 0.1979
v -5.0493 -12.1901 0.1979
v -4.0773 -12.5487 0.1979
v -3.0802 -12.8299 0.1979
v -2.0641 -13.0320 0.1979
v -1.0352 -13.1538 0.1979
v -0.0000 -13.1944 0.1979
v 1.0352 -13.1538 0.1979
v 2.0641 -13.0320 0.1979
v 3.0802 -12.8299 0.1979
v 4.0773 -12.5487 0.1979
v 5.0493 -12.1901 0.1979
v 5.9902 -11.7563 0.1979
v 6.8941 -11.2501 0.1979
v 7.7555 -10.6745 0.1979
v 8.5691 -10.0331 0.1979
v 9.3299 -9.3299 0.1979
v 10.0331 -8.5691 0.1979
v 10.6745 -7.7555 0.1979
v 11.2501 -6.8941 0.1979
v 11.7563 -5.9902 0.1979
v 12.1901 -5.0493 0.1979
v 12.5487 -4.0773 0.1979
v 12.8299 -3.0802 0.1979
v 13.0320 -2.0641 0.1979
v 13.1538 -1.0352 0.1979
v 19.7917 0.0000 0.4453
v 19.7307 1.5528 0.4453
v 19.5480 3.0961 0.4453
v 19.2448 4.6203 0.4453
v 18.8230 6.1160 0.4453
v 18.2851 7.5739 0.4453
v 17.6345 8.9852 0.4453
v 16.8752 10.3411 0.4453
v 16.0118 11.6332 0.4453
v 15.0497 12.8537 0.4453
v 13.9948 13.9948 0.4453
v 12.8537 15.0497 0.4453
v 11.6332 16.0118 0.4453
v 10.3411 16.8752 0.4453
v 8.9852 17.6345 0.4453
v 7.5739 18.2851 0.4453
v 6.1160 18.8230 0.4453
v 4.6203 19.2448 0.4453
v 3.0961 19.5480 0.4453
v 1.5528 19.7307 0.4453
v 0.0000 19.7917 0.4453
v -1.5528 19.7307 0.4453
v -3.0961 19.5480 0.4453
v -4.6203 19.2448 0.4453
v -6.1160 18.8230 0.4453
v -7.5739 18.2851 0.4453
v -8.9852 17.6345 0.4453
v -10.3411 16.8752 0.4453
v -11.6332 16.0118 0.4453
v -12.8537 15.0497 0.4453
v -13.9948 13.9948 0.4453
v -15.0497 12.8537 0.4453
v -16.0118 11.6332 0.4453
v -16.8752 10.3411 0.4453
v -17.6345 8.9852 0.4453
v -18.2851 7.5739 0.4453
v -18.8230 6.1160 0.4453
v -19.2448 4.6203 0.4453
v -19.5480 3.0961 0.4453
v -19.7307 1.5528 0.4453
v -19.7917 0.0000 0.4453
v -19.7307 -1.5528 0.4453
v -19.5480 -3.0961 0.4453
v -19.2448 -4.6203 0.4453
v -18.8230 -6.1160 0.4453
v -18.2851 -7.5739 0.4453
v -17.6345 -8.9852 0.4453
v -16.8752 -10.3411 0.4453
v -16.0118 -11.6332 0.4453
v -15.0497 -12.8537 0.4453
v -13.9948 -13.9948 0.4453
v -12.8537 -15.0497 0.4453
v -11.6332 -16.0118 0.4453
v -10.3411 -16.8752 0.4453
v -8.9852 -17.6345 0.4453
v -7.5739 -18.2851 0.4453
v -6.1160 -18.8230 0.4453
v -4.6203 -19.2448 0.4453
v -3.0961 -19.5480 0.4453
v -1.5528 -19.7307 0.4453
v -0.0000 -19.7917 0.4453
v 1.5528 -19.7307 0.4453
v 3.0961 -19.5480 0.4453
v 4.6203 -19.2448 0.4453
v 6.1160 -18.8230 0.4453
v 7.5739 -18.2851 0.4453
v 8.9852 -17.6345 0.4453
v 10.3411 -16.8752 0.4453
v 11.6332 -16.0118 0.4453
v 12.8537 -15.0497 0.4453
v 13.9948 -13.9948 0.4453
v 15.0497 -12.8537 0.4453
v 16.0118 -11.6332 0.4453
v 16.8752 -10.3411 0.4453
v 17.6345 -8.9852 0.4453
v 18.2851 -7.5739 0.4453
v 18.8230 -6.1160 0.4453
v 19.2448 -4.6203 0.4453
v 19.5480 -3.0961 0.4453
v 19.7307 -1.5528 0.4453
v 26.3889 0.0000 0.7917
v 26.3075 2.0704 0.7917
v 26.0640 4.1281 0.7917
v 25.6598 6.1604 0.7917
v 25.0973 8.1546 0.7917
v 24.3802 10.0986 0.7917
v 23.5127 11.9803 0.7917
v 22.5002 13.7882 0.7917
v 21.3491 15.5110 0.7917
v 20.0663 17.1382 0.7917
v 18.6598 18.6598 0.7917
v 17.1382 20.0663 0.7917
v 15.5110 21.3491 0.7917
v 13.7882 22.5002 0.7917
v 11.9803 23.5127 0.7917
v 10.0986 24.3802 0.7917
v 8.1546 25.0973 0.7917
v 6.1604 25.6598 0.7917
v 4.1281 26.0640 0.7917
v 2.0704 26.3075 0.7917
v 0.0000 26.3889 0.7917
v -2.0704 26.3075 0.7917
v -4.1281 26.0640 0.7917
v -6.1604 25.6598 0.7917
v -8.1546 25.0973 0.7917
v -10.0986 24.3802 0.7917
v -11.9803 23.5127 0.7917
v -13.7882 22.5002 0.7917
v -15.5110 21.3491 0.7917
v -17.1382 20.0663 0.7917
v -18.6598 18.6598 0.7917
v -20.0663 17.1382 0.7917
v -21.3491 15.5110 0.7917
v -22.5002 13.7882 0.7917
v -23.5127 11.9803 0.7917
v -24.3802 10.0986 0.7917
v -25.0973 8.1546 0.7917
v -25.6598 6.1604 0.7917
v -26.0640 4.1281 0.7917
v -26.3075 2.0704 0.7917
v -26.3889 0.0000 0.7917
v -26.3075 -2.0704 0.7917
v -26.0640 -4.1281 0.7917
v -25.6598 -6.1604 0.7917
v -25.0973 -8.1546 0.7917
v -24.3802 -10.0986 0.7917
v -23.5127 -11.9803 0.7917
v -22.5002 -13.7882 0.7917
v -21.3491 -15.5110 0.7917
v -20.0663 -17.1382 0.7917
v -18.6598 -18.6598 0.7917
v -17.1382 -20.0663 0.7917
v -15.5110 -21.3491 0.7917
v -13.7882 -22.5002 0.7917
v -11.9803 -23.5127 0.7917
v -10.0986 -24.3802 0.7917
v -8.1546 -25.0973 0.7917
v -6.1604 -25.6598 0.7917
v -4.1281 -26.0640 0.7917
v -2.0704 -26.3075 0.7917
v -0.0000 -26.3889 0.7917
v 2.0704 -26.3075 0.7917
v 4.1281 -26.0640 0.7917
v 6.1604 -25.6598 0.7917
v 8.1546 -25.0973 0.7917
v 10.0986 -24.3802 0.7917
v 11.9803 -23.5127 0.7917
v 13.7882 -22.5002 0.7917
v 15.5110 -21.3491 0.7917
v 17.1382 -20.0663 0.7917
v 18.6598 -18.6598 0.7917
v 20.0663 -17.1382 0.7917
v 21.3491 -15.5110 0.7917
v 22.5002 -13.7882 0.7917
v 23.5127 -11.9803 0.7917
v 24.3802 -10.0986 0.7917
v 25.0973 -8.1546 0.7917
v 25.6598 -6.1604 0.7917
v 26.0640 -4.1281 0.7917
v 26.3075 -2.0704 0.7917
v 32.9861 0.0000 1.2370
v 32.8844 2.5881 1.2370
v 32.5800 5.1602 1.2370
v 32.0747 7.7005 1.2370
v 31.3717 10.1933 1.2370
v 30.4752 12.6232 1.2370
v 29.3908 14.9754 1.2370
v 28.1253 17.2352 1.2370
v 26.6863 19.3887 1.2370
v 25.0828 21.4228 1.2370
v 23.3247 23.3247 1.2370
v 21.4228 25.0828 1.2370
v 19.3887 26.6863 1.2370
v 17.2352 28.1253 1.2370
v 14.9754 29.3908 1.2370
v 12.6232 30.4752 1.2370
v 10.1933 31.3717 1.2370
v 7.7005 32.0747 1.2370
v 5.1602 32.5800 1.2370
v 2.5881 32.8844 1.2370
v 0.0000 32.9861 1.2370
v -2.5881 32.8844 1.2370
v -5.1602 32.5800 1.2370
v -7.7005 32.0747 1.2370
v -10.1933 31.3717 1.2370
v -12.6232 30.4752 1.2370
v -14.9754 29.3908 1.2370
v -17.2352 28.1253 1.2370
v -19.3887 26.6863 1.2370
v -21.4228 25.0828 1.2370
v -23.3247 23.3247 1.2370
v -25.0828 21.4228 1.2370
v -26.6863 19.3887 1.2370
v -28.1253 17.2352 1.2370
v -29.3908 14.9754 1.2370
v -30.4752 12.6232 1.2370
v -31.3717 10.1933 1.2370
v -32.0747 7.7005 1.2370
v -32.5800 5.1602 1.2370
v -32.8844 2.5881 1.2370
v -32.9861 0.0000 1.2370
v -32.8844 -2.5881 1.2370
v -32.5800 -5.1602 1.2370
v -32.0747 -7.7005 1.2370
v -31.3717 -10.1933 1.2370
v -30.4752 -12.6232 1.2370
v -29.3908 -14.9754 1.2370
v -28.1253 -17.2352 1.2370
v -26.6863 -19.3887 1.2370
v -25.0828 -21.4228 1.2370
v -23.3247 -23.3247 1.2370
v -21.4228 -25.0828 1.2370
v -19.3887 -26.6863 1.2370
v -17.2352 -28.1253 1.2370
v -14.9754 -29.3908 1.2370
v -12.6232 -30.4752 1.2370
v -10.1933 -31.3717 1.2370
v -7.7005 -32.0747 1.2370
v -5.1602 -32.5800 1.2370
v -2.5881 -32.8844 1.2370
v -0.0000 -32.9861 1.2370
v 2.5881 -32.8844 1.2370
v 5.1602 -32.5800 1.2370
v 7.7005 -32.0747 1.2370
v 10.1933 -31.3717 1.2370
v 12.6232 -30.4752 1.2370
v 14.9754 -29.3908 1.2370
v 17.2352 -28.1253 1.2370
v 19.3887 -26.6863 1.2370
v 21.4228 -25.0828 1.2370
v 23.3247 -23.3247 1.2370
v 25.0828 -21.4228 1.2370
v 26.6863 -19.3887 1.2370
v 28.1253 -17.2352 1.2370
v 29.3908 -14.9754 1.2370
v 30.4752 -12.6232 1.2370
v 31.3717 -10.1933 1.2370
v 32.0747 -7.7005 1.2370
v 32.5800 -5.1602 1.2370
v 32.8844 -2.5881 1.2370
v 39.5833 0.0000 1.7812
v 39.4613 3.1057 1.7812
v 39.0960 6.1922 1.7812
v 38.4896 9.2405 1.7812
v 37.6460 12.2319 1.7812
v 36.5702 15.1479 1.7812
v 35.2690 17.9705 1.7812
v 33.7503 20.6822 1.7812
v 32.0236 23.2665 1.7812
v 30.0994 25.7073 1.7812
v 27.9896 27.9896 1.7812
v 25.7073 30.0994 1.7812
v 23.2665 32.0236 1.7812
v 20.6822 33.7503 1.7812
v 17.9705 35.2690 1.7812
v 15.1479 36.5702 1.7812
v 12.2319 37.6460 1.7812
v 9.2405 38.4896 1.7812
v 6.1922 39.0960 1.7812
v 3.1057 39.4613 1.7812
v 0.0000 39.5833 1.7812
v -3.1057 39.4613 1.7812
v -6.1922 39.0960 1.7812
v -9.2405 38.4896 1.7812
v -12.2319 37.6460 1.7812
v -15.1479 36.5702 1.7812
v -17.9705 35.2690 1.7812
v -20.6822 33.7503 1.7812
v -23.2665 32.0236 1.7812
v -25.7073 30.0994 1.7812
v -27.9896 27.9896 1.7812
v -30.0994 25.7073 1.7812
v -32.0236 23.2665 1.7812
v -33.7503 20.6822 1.7812
v -35.2690 17.9705 1.7812
v -36.5702 15.1479 1.7812
v -37.6460 12.2319 1.7812
v -38.4896 9.2405 1.7812
v -39.0960 6.1922 1.7812
v -39.4613 3.1057 1.7812
v -39.5833 0.0000 1.7812
v -39.4613 -3.1057 1.7812
v -39.0960 -6.1922 1.7812
v -38.4896 -9.2405 1.7812
v -37.6460 -12.2319 1.7812
v -36.5702 -15.1479 1.7812
v -35.2690 -17.9705 1.7812
v -33.7503 -20.6822 1.7812
v -32.0236 -23.2665 1.7812
v -30.0994 -25.7073 1.7812
v -27.9896 -27.9896 1.7812
v -25.7073 -30.0994 1.7812
v -23.2665 -32.0236 1.7812
v -20.6822 -33.7503 1.7812
v -17.9705 -35.2690 1.7812
v -15.1479 -36.5702 1.7812
v -12.2319 -37.6460 1.7812
v -9.2405 -38.4896 1.7812
v -6.1922 -39.0960 1.7812
v -3.1057 -39.4613 1.7812
v -0.0000 -39.5833 1.7812
v 3.1057 -39.4613 1.7812
v 6.1922 -39.0960 1.7812
v 9.2405 -38.4896 1.7812
v 12.2319 -37.6460 1.7812
v 15.1479 -36.5702 1.7812
v 17.9705 -35.2690 1.7812
v 20.6822 -33.7503 1.7812
v 23.2665 -32.0236 1.7812
v 25.7073 -30.0994 1.7812
v 27.9896 -27.9896 1.7812
v 30.0994 -25.7073 1.7812
v 32.0236 -23.2665 1.7812
v 33.7503 -20.6822 1.7812
v 35.2690 -17.9705 1.7812
v 36.5702 -15.1479 1.7812
v 37.6460 -12.2319 1.7812
v 38.4896 -9.2405 1.7812
v 39.0960 -6.1922 1.7812
v 39.4613 -3.1057 1.7812
v 46.1806 0.0000 2.4245
v 46.0382 3.6233 2.4245
v 45.6120 7.2242 2.4245
v 44.9046 10.7806 2.4245
v 43.9203 14.2706 2.4245
v 42.6653 17.6725 2.4245
v 41.1472 20.9655 2.4245
v 39.3754 24.1293 2.4245
v 37.3609 27.1442 2.4245
v 35.1160 29.9919 2.4245
v 32.6546 32.6546 2.4245
v 29.9919 35.1160 2.4245
v 27.1442 37.3609 2.4245
v 24.1293 39.3754 2.4245
v 20.9655 41.1472 2.4245
v 17.6725 42.6653 2.4245
v 14.2706 43.9203 2.4245
v 10.7806 44.9046 2.4245
v 7.2242 45.6120 2.4245
v 3.6233 46.0382 2.4245
v 0.0000 46.1806 2.4245
v -3.6233 46.0382 2.4245
v -7.2242 45.6120 2.4245
v -10.7806 44.9046 2.4245
v -14.2706 43.9203 2.4245
v -17.6725 42.6653 2.4245
v -20.9655 41.1472 2.4245
v -24.1293 39.3754 2.4245
v -27.1442 37.3609 2.4245
v -29.9919 35.1160 2.4245
v -32.6546 32.6546 2.4245
v -35.1160 29.9919 2.4245
v -37.3609 27.1442 2.4245
v -39.3754 24.1293 2.4245
v -41.1472 20.9655 2.4245
v -42.6653 17.6725 2.4245
v -43.9203 14.2706 2.4245
v -44.9046 10.7806 2.4245
v -45.6120 7.2242 2.4245
v -46.0382 3.6233 2.4245
v -46.1806 0.0000 2.4245
v -46.0382 -3.6233 2.4245
v -45.6120 -7.2242 2.4245
v -44.9046 -10.7806 2.4245
v -43.9203 -14.2706 2.4245
v -42.6653 -17.6725 2.4245
v -41.1472 -20.9655 2.4245
v -39.3754 -24.1293 2.4245
v -37.3609 -27.1442 2.4245
v -35.1160 -29.9919 2.4245
v -32.6546 -32.6546 2.4245
v -29.9919 -35.1160 2.4245
v -27.1442 -37.3609 2.4245
v -24.1293 -39.3754 2.4245
v -20.9655 -41.1472 2.4245
v -17.6725 -42.6653 2.4245
v -14.2706 -43.9203 2.4245
v -10.7806 -44.9046 2.4245
v -7.2242 -45.6120 2.4245
v -3.6233 -46.0382 2.4245
v -0.0000 -46.1806 2.4245
v 3.6233 -46.0382 2.4245
v 7.2242 -45.6120 2.4245
v 10.7806 -44.9046 2.4245
v 14.2706 -43.9203 2.4245
v 17.6725 -42.6653 2.4245
v 20.9655 -41.1472 2.4245
v 24.1293 -39.3754 2.4245
v 27.1442 -37.3609 2.4245
v 29.9919 -35.1160 2.4245
v 32.6546 -32.6546 2.4245
v 35.1160 -29.9919 2.4245
v 37.3609 -27.1442 2.4245
v 39.3754 -24.1293 2.4245
v 41.1472 -20.9655 2.4245
v 42.6653 -17.6725 2.4245
v 43.9203 -14.2706 2.4245
v 44.9046 -10.7806 2.4245
v 45.6120 -7.2242 2.4245
v 46.0382 -3.6233 2.4245
v 52.7778 0.0000 3.1667
v 52.6151 4.1409 3.1667
v 52.1280 8.2563 3.1667
v 51.3195 12.3207 3.1667
v 50.1946 16.3092 3.1667
v 48.7603 20.1972 3.1667
v 47.0253 23.9606 3.1667
v 45.0005 27.5763 3.1667
v 42.6981 31.0220 3.1667
v 40.1325 34.2764 3.1667
v 37.3195 37.3195 3.1667
v 34.2764 40.1325 3.1667
v 31.0220 42.6981 3.1667
v 27.5763 45.0005 3.1667
v 23.9606 47.0253 3.1667
v 20.1972 48.7603 3.1667
v 16.3092 50.1946 3.1667
v 12.3207 51.3195 3.1667
v 8.2563 52.1280 3.1667
v 4.1409 52.6151 3.1667
v 0.0000 52.7778 3.1667
v -4.1409 52.6151 3.1667
v -8.2563 52.1280 3.1667
v -12.3207 51.3195 3.1667
v -16.3092 50.1946 3.1667
v -20.1972 48.7603 3.1667
v -23.9606 47.0253 3.1667
v -27.5763 45.0005 3.1667
v -31.0220 42.6981 3.1667
v -34.2764 40.1325 3.1667
v -37.3195 37.3195 3.1667
v -40.1325 34.2764 3.1667
v -42.6981 31.0220 3.1667
v -45.0005 27.5763 3.1667
v -47.0253 23.9606 3.1667
v -48.7603 20.1972 3.1667
v -50.1946 16.3092 3.1667
v -51.3195 12.3207 3.1667
v -52.1280 8.2563 3.1667
v -52.6151 4.1409 3.1667
v -52.7778 0.0000 3.1667
v -52.6151 -4.1409 3.1667
v -52.1280 -8.2563 3.1667
v -51.3195 -12.3207 3.1667
v -50.1946 -16.3092 3.1667
v -48.7603 -20.1972 3.1667
v -47.0253 -23.9606 3.1667
v -45.0005 -27.5763 3.1667
v -42.6981 -31.0220 3.1667
v -40.1325 -34.2764 3.1667
v -37.3195 -37.3195 3.1667
v -34.2764 -40.1325 3.1667
v -31.0220 -42.6981 3.1667
v -27.5763 -45.0005 3.1667
v -23.9606 -47.0253 3.1667
v -20.1972 -48.7603 3.1667
v -16.3092 -50.1946 3.1667
v -12.3207 -51.3195 3.1667
v -8.2563 -52.1280 3.1667
v -4.1409 -52.6151 3.1667
v -0.0000 -52.7778 3.1667
v 4.1409 -52.6151 3.1667
v 8.2563 -52.1280 3.1667
v 12.3207 -51.3195 3.1667
v 16.3092 -50.1946 3.1667
v 20.1972 -48.7603 3.1667
v 23.9606 -47.0253 3.1667
v 27.5763 -45.0005 3.1667
v 31.0220 -42.6981 3.1667
v 34.2764 -40.1325 3.1667
v 37.3195 -37.3195 3.1667
v 40.1325 -34.2764 3.1667
v 42.6981 -31.0220 3.1667
v 45.0005 -27.5763 3.1667
v 47.0253 -23.9606 3.1667
v 48.7603 -20.1972 3.1667
v 50.1946 -16.3092 3.1667
v 51.3195 -12.3207 3.1667
v 52.1280 -8.2563 3.1667
v 52.6151 -4.1409 3.1667
v 59.3750 0.0000 4.0078
v 59.1920 4.6585 4.0078
v 58.6440 9.2883 4.0078
v 57.7345 13.8608 4.0078
v 56.4690 18.3479 4.0078
v 54.8553 22.7218 4.0078
v 52.9035 26.9557 4.0078
v 50.6255 31.0234 4.0078
v 48.0354 34.8997 4.0078
v 45.1491 38.5610 4.0078
v 41.9845 41.9845 4.0078
v 38.5610 45.1491 4.0078
v 34.8997 48.0354 4.0078
v 31.0234 50.6255 4.0078
v 26.9557 52.9035 4.0078
v 22.7218 54.8553 4.0078
v 18.3479 56.4690 4.0078
v 13.8608 57.7345 4.0078
v 9.2883 58.6440 4.0078
v 4.6585 59.1920 4.0078
v 0.0000 59.3750 4.0078
v -4.6585 59.1920 4.0078
v -9.2883 58.6440 4.0078
v -13.8608 57.7345 4.0078
v -18.3479 56.4690 4.0078
v -22.7218 54.8553 4.0078
v -26.9557 52.9035 4.0078
v -31.0234 50.6255 4.0078
v -34.8997 48.0354 4.0078
v -38.5610 45.1491 4.0078
v -41.9845 41.9845 4.0078
v -45.1491 38.5610 4.0078
v -48.0354 34.8997 4.0078
v -50.6255 31.0234 4.0078
v -52.9035 26.9557 4.0078
v -54.8553 22.7218 4.0078
v -56.4690 18.3479 4.0078
v -57.7345 13.8608 4.0078
v -58.6440 9.2883 4.0078
v -59.1920 4.6585 4.0078
v -59.3750 0.0000 4.0078
v -59.1920 -4.6585 4.0078
v -58.6440 -9.2883 4.0078
v -57.7345 -13.8608 4.0078
v -56.4690 -18.3479 4.0078
v -54.8553 -22.7218 4.0078
v -52.9035 -26.9557 4.0078
v -50.6255 -31.0234 4.0078
v -48.0354 -34.8997 4.0078
v -45.1491 -38.5610 4.0078
v -41.9845 -41.9845 4.0078
v -38.5610 -45.1491 4.0078
v -34.8997 -48.0354 4.0078
v -31.0234 -50.6255 4.0078
v -26.9557 -52.9035 4.0078
v -22.7218 -54.8553 4.0078
v -18.3479 -56.4690 4.0078
v -13.8608 -57.7345 4.0078
v -9.2883 -58.6440 4.0078
v -4.6585 -59.1920 4.0078
v -0.0000 -59.3750 4.0078
v 4.6585 -59.1920 4.0078
v 9.2883 -58.6440 4.0078
v 13.8608 -57.7345 4.0078
v 18.3479 -56.4690 4.0078
v 22.7218 -54.8553 4.0078
v 26.9557 -52.9035 4.0078
v 31.0234 -50.6255 4.0078
v 34.8997 -48.0354 4.0078
v 38.5610 -45.1491 4.0078
v 41.9845 -41.9845 4.0078
v 45.1491 -38.5610 4.0078
v 48.0354 -34.8997 4.0078
v 50.6255 -31.0234 4.0078
v 52.9035 -26.9557 4.0078
v 54.8553 -22.7218 4.0078
v 56.4690 -18.3479 4.0078
v 57.7345 -13.8608 4.0078
v 58.6440 -9.2883 4.0078
v 59.1920 -4.6585 4.0078
v 65.9722 0.0000 4.9479
v 65.7689 5.1761 4.9479
v 65.1600 10.3203 4.9479
v 64.1494 15.4009 4.9479
v 62.7433 20.3865 4.9479
v 60.9504 25.2465 4.9479
v 58.7817 29.9508 4.9479
v 56.2506 34.4704 4.9479
v 53.3726 38.7775 4.9479
v 50.1657 42.8455 4.9479
v 46.6494 46.6494 4.9479
v 42.8455 50.1657 4.9479
v 38.7775 53.3726 4.9479
v 34.4704 56.2506 4.9479
v 29.9508 58.7817 4.9479
v 25.2465 60.9504 4.9479
v 20.3865 62.7433 4.9479
v 15.4009 64.1494 4.9479
v 10.3203 65.1600 4.9479
v 5.1761 65.7689 4.9479
v 0.0000 65.9722 4.9479
v -5.1761 65.7689 4.9479
v -10.3203 65.1600 4.9479
v -15.4009 64.1494 4.9479
v -20.3865 62.7433 4.9479
v -25.2465 60.9504 4.9479
v -29.9508 58.7817 4.9479
v -34.4704 56.2506 4.9479
v -38.7775 53.3726 4.9479
v -42.8455 50.1657 4.9479
v -46.6494 46.6494 4.9479
v -50.1657 42.8455 4.9479
v -53.3726 38.7775 4.9479
v -56.2506 34.4704 4.9479
v -58.7817 29.9508 4.9479
v -60.9504 25.2465 4.9479
v -62.7433 20.3865 4.9479
v -64.1494 15.4009 4.9479
v -65.1600 10.3203 4.9479
v -65.7689 5.1761 4.9479
v -65.9722 0.0000 4.9479
v -65.7689 -5.1761 4.9479
v -65.1600 -10.3203 4.9479
v -64.1494 -15.4009 4.9479
v -62.7433 -20.3865 4.9479
v -60.9504 -25.2465 4.9479
v -58.7817 -29.9508 4.9479
v -56.2506 -34.4704 4.9479
v -53.3726 -38.7775 4.9479
v -50.1657 -42.8455 4.9479
v -46.6494 -46.6494 4.9479
v -42.8455 -50.1657 4.9479
v -38.7775 -53.3726 4.9479
v -34.4704 -56.2506 4.9479
v -29.9508 -58.7817 4.9479
v -25.2465 -60.9504 4.9479
v -20.3865 -62.7433 4.9479
v -15.4009 -64.1494 4.9479
v -10.3203 -65.1600 4.9479
v -5.1761 -65.7689 4.9479
v -0.0000 -65.9722 4.9479
v 5.1761 -65.7689 4.9479
v 10.3203 -65.1600 4.9479
v 15.4009 -64.1494 4.9479
v 20.3865 -62.7433 4.9479
v 25.2465 -60.9504 4.9479
v 29.9508 -58.7817 4.9479
v 34.4704 -56.2506 4.9479
v 38.7775 -53.3726 4.9479
v 42.8455 -50.1657 4.9479
v 46.6494 -46.6494 4.9479
v 50.1657 -42.8455 4.9479
v 53.3726 -38.7775 4.9479
v 56.2506 -34.4704 4.9479
v 58.7817 -29.9508 4.9479
v 60.9504 -25.2465 4.9479
v 62.7433 -20.3865 4.9479
v 64.1494 -15.4009 4.9479
v 65.1600 -10.3203 4.9479
v 65.7689 -5.1761 4.9479
v 72.5694 0.0000 5.9870
v 72.3457 5.6937 5.9870
v 71.6760 11.3524 5.9870
v 70.5643 16.9410 5.9870
v 69.0176 22.4252 5.9870
v 67.0454 27.7711 5.9870
v 64.6598 32.9458 5.9870
v 61.8756 37.9174 5.9870
v 58.7099 42.6552 5.9870
v 55.1822 47.1301 5.9870
v 51.3143 51.3143 5.9870
v 47.1301 55.1822 5.9870
v 42.6552 58.7099 5.9870
v 37.9174 61.8756 5.9870
v 32.9458 64.6598 5.9870
v 27.7711 67.0454 5.9870
v 22.4252 69.0176 5.9870
v 16.9410 70.5643 5.9870
v 11.3524 71.6760 5.9870
v 5.6937 72.3457 5.9870
v 0.0000 72.5694 5.9870
v -5.6937 72.3457 5.9870
v -11.3524 71.6760 5.9870
v -16.9410 70.5643 5.9870
v -22.4252 69.0176 5.9870
v -27.7711 67.0454 5.9870
v -32.9458 64.6598 5.9870
v -37.9174 61.8756 5.9870
v -42.6552 58.7099 5.9870
v -47.1301 55.1822 5.9870
v -51.3143 51.3143 5.9870
v -55.1822 47.1301 5.9870
v -58.7099 42.6552 5.9870
v -61.8756 37.9174 5.9870
v -64.6598 32.9458 5.9870
v -67.0454 27.7711 5.9870
v -69.0176 22.4252 5.9870
v -70.5643 16.9410 5.9870
v -71.6760 11.3524 5.9870
v -72.3457 5.6937 5.9870
v -72.5694 0.0000 5.9870
v -72.3457 -5.6937 5.9870
v -71.6760 -11.3524 5.9870
v -70.5643 -16.9410 5.9870
v -69.0176 -22.4252 5.9870
v -67.0454 -27.7711 5.9870
v -64.6598 -32.9458 5.9870
v -61.8756 -37.9174 5.9870
v -58.7099 -42.6552 5.9870
v -55.1822 -47.1301 5.9870
v -51.3143 -51.3143 5.9870
v -47.1301 -55.1822 5.9870
v -42.6552 -58.7099 5.9870
v -37.9174 -61.8756 5.9870
v -32.9458 -64.6598 5.9870
v -27.7711 -67.0454 5.9870
v -22.4252 -69.0176 5.9870
v -16.9410 -70.5643 5.9870
v -11.3524 -71.6760 5.9870
v -5.6937 -72.3457 5.9870
v -0.0000 -72.5694 5.9870
v 5.6937 -72.3457 5.9870
v 11.3524 -71.6760 5.9870
v 16.9410 -70.5643 5.9870
v 22.4252 -69.0176 5.9870
v 27.7711 -67.0454 5.9870
v 32.9458 -64.6598 5.9870
v 37.9174 -61.8756 5.9870
v 42.6552 -58.7099 5.9870
v 47.1301 -55.1822 5.9870
v 51.3143 -51.3143 5.9870
v 55.1822 -47.1301 5.9870
v 58.7099 -42.6552 5.9870
v 61.8756 -37.9174 5.9870
v 64.6598 -32.9458 5.9870
v 67.0454 -27.7711 5.9870
v 69.0176 -22.4252 5.9870
v 70.5643 -16.9410 5.9870
v 71.6760 -11.3524 5.9870
v 72.3457 -5.6937 5.9870
v 79.1667 0.0000 7.1250
v 78.9226 6.2113 7.1250
v 78.1920 12.3844 7.1250
v 76.9793 18.4811 7.1250
v 75.2920 24.4638 7.1250
v 73.1405 30.2958 7.1250
v 70.5380 35.9409 7.1250
v 67.5007 41.3645 7.1250
v 64.0472 46.5330 7.1250
v 60.1988 51.4146 7.1250
v 55.9793 55.9793 7.1250
v 51.4146 60.1988 7.1250
v 46.5330 64.0472 7.1250
v 41.3645 67.5007 7.1250
v 35.9409 70.5380 7.1250
v 30.2958 73.1405 7.1250
v 24.4638 75.2920 7.1250
v 18.4811 76.9793 7.1250
v 12.3844 78.1920 7.1250
v 6.2113 78.9226 7.1250
v 0.0000 79.1667 7.1250
v -6.2113 78.9226 7.1250
v -12.3844 78.1920 7.1250
v -18.4811 76.9793 7.1250
v -24.4638 75.2920 7.1250
v -30.2958 73.1405 7.1250
v -35.9409 70.5380 7.1250
v -41.3645 67.5007 7.1250
v -46.5330 64.0472 7.1250
v -51.4146 60.1988 7.1250
v -55.9793 55.9793 7.1250
v -60.1988 51.4146 7.1250
v -64.0472 46.5330 7.1250
v -67.5007 41.3645 7.1250
v -70.5380 35.9409 7.1250
v -73.1405 30.2958 7.1250
v -75.2920 24.4638 7.1250
v -76.9793 18.4811 7.1250
v -78.1920 12.3844 7.1250
v -78.9226 6.2113 7.1250
v -79.1667 0.0000 7.1250
v -78.9226 -6.2113 7.1250
v -78.1920 -12.3844 7.1250
v -76.9793 -18.4811 7.1250
v -75.2920 -24.4638 7.1250
v -73.1405 -30.2958 7.1250
v -70.5380 -35.9409 7.1250
v -67.5007 -41.3645 7.1250
v -64.0472 -46.5330 7.1250
v -60.1988 -51.4146 7.1250
v -55.9793 -55.9793 7.1250
v -51.4146 -60.1988 7.1250
v -46.5330 -64.0472 7.1250
v -41.3645 -67.5007 7.1250
v -35.9409 -70.5380 7.1250
v -30.2958 -73.1405 7.1250
v -24.4638 -75.2920 7.1250
v -18.4811 -76.9793 7.1250
v -12.3844 -78.1920 7.1250
v -6.2113 -78.9226 7.1250
v -0.0000 -79.1667 7.1250
v 6.2113 -78.9226 7.1250
v 12.3844 -78.1920 7.1250
v 18.4811 -76.9793 7.1250
v 24.4638 -75.2920 7.1250
v 30.2958 -73.1405 7.1250
v 35.9409 -70.5380 7.1250
v 41.3645 -67.5007 7.1250
v 46.5330 -64.0472 7.1250
v 51.4146 -60.1988 7.1250
v 55.9793 -55.9793 7.1250
v 60.1988 -51.4146 7.1250
v 64.0472 -46.5330 7.1250
v 67.5007 -41.3645 7.1250
v 70.5380 -35.9409 7.1250
v 73.1405 -30.2958 7.1250
v 75.2920 -24.4638 7.1250
v 76.9793 -18.4811 7.1250
v 78.1920 -12.3844 7.1250
v 78.9226 -6.2113 7.1250
v 85.7639 0.0000 8.3620
v 85.4995 6.7290 8.3620
v 84.7080 13.4164 8.3620
v 83.3942 20.0212 8.3620
v 81.5663 26.5025 8.3620
v 79.2355 32.8204 8.3620
v 76.4162 38.9360 8.3620
v 73.1257 44.8115 8.3620
v 69.3844 50.4107 8.3620
v 65.2154 55.6992 8.3620
v 60.6442 60.6442 8.3620
v 55.6992 65.2154 8.3620
v 50.4107 69.3844 8.3620
v 44.8115 73.1257 8.3620
v 38.9360 76.4162 8.3620
v 32.8204 79.2355 8.3620
v 26.5025 81.5663 8.3620
v 20.0212 83.3942 8.3620
v 13.4164 84.7080 8.3620
v 6.7290 85.4995 8.3620
v 0.0000 85.7639 8.3620
v -6.7290 85.4995 8.3620
v -13.4164 84.7080 8.3620
v -20.0212 83.3942 8.3620
v -26.5025 81.5663 8.3620
v -32.8204 79.2355 8.3620
v -38.9360 76.4162 8.3620
v -44.8115 73.1257 8.3620
v -50.4107 69.3844 8.3620
v -55.6992 65.2154 8.3620
v -60.6442 60.6442 8.3620
v -65.2154 55.6992 8.3620
v -69.3844 50.4107 8.3620
v -73.1257 44.8115 8.3620
v -76.4162 38.9360 8.3620
v -79.2355 32.8204 8.3620
v -81.5663 26.5025 8.3620
v -83.3942 20.0212 8.3620
v -84.7080 13.4164 8.3620
v -85.4995 6.7290 8.3620
v -85.7639 0.0000 8.3620
v -85.4995 -6.7290 8.3620
v -84.7080 -13.4164 8.3620
v -83.3942 -20.0212 8.3620
v -81.5663 -26.5025 8.3620
v -79.2355 -32.8204 8.3620
v -76.4162 -38.9360 8.3620
v -73.1257 -44.8115 8.3620
v -69.3844 -50.4107 8.3620
v -65.2154 -55.6992 8.3620
v -60.6442 -60.6442 8.3620
v -55.6992 -65.2154 8.3620
v -50.4107 -69.3844 8.3620
v -44.8115 -73.1257 8.3620
v -38.9360 -76.4162 8.3620
v -32.8204 -79.2355 8.3620
v -26.5025 -81.5663 8.3620
v -20.0212 -83.3942 8.3620
v -13.4164 -84.7080 8.3620
v -6.7290 -85.4995 8.3620
v -0.0000 -85.7639 8.3620
v 6.7290 -85.4995 8.3620
v 13.4164 -84.7080 8.3620
v 20.0212 -83.3942 8.3620
v 26.5025 -81.5663 8.3620
v 32.8204 -79.2355 8.3620
v 38.9360 -76.4162 8.3620
v 44.8115 -73.1257 8.3620
v 50.4107 -69.3844 8.3620
v 55.6992 -65.2154 8.3620
v 60.6442 -60.6442 8.3620
v 65.2154 -55.6992 8.3620
v 69.3844 -50.4107 8.3620
v 73.1257 -44.8115 8.3620
v 76.4162 -38.9360 8.3620
v 79.2355 -32.8204 8.3620
v 81.5663 -26.5025 8.3620
v 83.3942 -20.0212 8.3620
v 84.7080 -13.4164 8.3620
v 85.4995 -6.7290 8.3620
v 92.3611 0.0000 9.6979
v 92.0764 7.2466 9.6979
v 91.2240 14.4485 9.6979
v 89.8092 21.5613 9.6979
v 87.8406 28.5412 9.6979
v 85.3305 35.3451 9.6979
v 82.2944 41.9311 9.6979
v 78.7508 48.2585 9.6979
v 74.7217 54.2885 9.6979
v 70.2319 59.9837 9.6979
v 65.3092 65.3092 9.6979
v 59.9837 70.2319 9.6979
v 54.2885 74.7217 9.6979
v 48.2585 78.7508 9.6979
v 41.9311 82.2944 9.6979
v 35.3451 85.3305 9.6979
v 28.5412 87.8406 9.6979
v 21.5613 89.8092 9.6979
v 14.4485 91.2240 9.6979
v 7.2466 92.0764 9.6979
v 0.0000 92.3611 9.6979
v -7.2466 92.0764 9.6979
v -14.4485 91.2240 9.6979
v -21.5613 89.8092 9.6979
v -28.5412 87.8406 9.6979
v -35.3451 85.3305 9.6979
v -41.9311 82.2944 9.6979
v -48.2585 78.7508 9.6979
v -54.2885 74.7217 9.6979
v -59.9837 70.2319 9.6979
v -65.3092 65.3092 9.6979
v -70.2319 59.9837 9.6979
v -74.7217 54.2885 9.6979
v -78.7508 48.2585 9.6979
v -82.2944 41.9311 9.6979
v -85.3305 35.3451 9.6979
v -87.8406 28.5412 9.6979
v -89.8092 21.5613 9.6979
v -91.2240 14.4485 9.6979
v -92.0764 7.2466 9.6979
v -92.3611 0.0000 9.6979
v -92.0764 -7.2466 9.6979
v -91.2240 -14.4485 9.6979
v -89.8092 -21.5613 9.6979
v -87.8406 -28.5412 9.6979
v -85.3305 -35.3451 9.6979
v -82.2944 -41.9311 9.6979
v -78.7508 -48.2585 9.6979
v -74.7217 -54.2885 9.6979
v -70.2319 -59.9837 9.6979
v -65.3092 -65.3092 9.6979
v -59.9837 -70.2319 9.6979
v -54.2885 -74.7217 9.6979
v -48.2585 -78.7508 9.6979
v -41.9311 -82.2944 9.6979
v -35.3451 -85.3305 9.6979
v -28.5412 -87.8406 9.6979
v -21.5613 -89.8092 9.6979
v -14.4485 -91.2240 9.6979
v -7.2466 -92.0764 9.6979
v -0.0000 -92.3611 9.6979
v 7.2466 -92.0764 9.6979
v 14.4485 -91.2240 9.6979
v 21.5613 -89.8092 9.6979
v 28.5412 -87.8406 9.6979
v 35.3451 -85.3305 9.6979
v 41.9311 -82.2944 9.6979
v 48.2585 -78.7508 9.6979
v 54.2885 -74.7217 9.6979
v 59.9837 -70.2319 9.6979
v 65.3092 -65.3092 9.6979
v 70.2319 -59.9837 9.6979
v 74.7217 -54.2885 9.6979
v 78.7508 -48.2585 9.6979
v 82.2944 -41.9311 9.6979
v 85.3305 -35.3451 9.6979
v 87.8406 -28.5412 9.6979
v 89.8092 -21.5613 9.6979
v 91.2240 -14.4485 9.6979
v 92.0764 -7.2466 9.6979
v 98.9583 0.0000 11.1328
v 98.6533 7.7642 11.1328
v 97.7400 15.4805 11.1328
v 96.2241 23.1014 11.1328
v 94.1150 30.5798 11.1328
v 91.4256 37.8697 11.1328
v 88.1725 44.9261 11.1328
v 84.3758 51.7056 11.1328
v 80.0590 58.1662 11.1328
v 75.2485 64.2683 11.1328
v 69.9741 69.9741 11.1328
v 64.2683 75.2485 11.1328
v 58.1662 80.0590 11.1328
v 51.7056 84.3758 11.1328
v 44.9261 88.1725 11.1328
v 37.8697 91.4256 11.1328
v 30.5798 94.1150 11.1328
v 23.1014 96.2241 11.1328
v 15.4805 97.7400 11.1328
v 7.7642 98.6533 11.1328
v 0.0000 98.9583 11.1328
v -7.7642 98.6533 11.1328
v -15.4805 97.7400 11.1328
v -23.1014 96.2241 11.1328
v -30.5798 94.1150 11.1328
v -37.8697 91.4256 11.1328
v -44.9261 88.1725 11.1328
v -51.7056 84.3758 11.1328
v -58.1662 80.0590 11.1328
v -64.2683 75.2485 11.1328
v -69.9741 69.9741 11.1328
v -75.2485 64.2683 11.1328
v -80.0590 58.1662 11.1328
v -84.3758 51.7056 11.1328
v -88.1725 44.9261 11.1328
v -91.4256 37.8697 11.1328
v -94.1150 30.5798 11.1328
v -96.2241 23.1014 11.1328
v -97.7400 15.4805 11.1328
v -98.6533 7.7642 11.1328
v -98.9583 0.0000 11.1328
v -98.6533 -7.7642 11.1328
v -97.7400 -15.4805 11.1328
v -96.2241 -23.1014 11.1328
v -94.1150 -30.5798 11.1328
v -91.4256 -37.8697 11.1328
v -88.1725 -44.9261 11.1328
v -84.3758 -51.7056 11.1328
v -80.0590 -58.1662 11.1328
v -75.2485 -64.2683 11.1328
v -69.9741 -69.9741 11.1328
v -64.2683 -75.2485 11.1328
v -58.1662 -80.0590 11.1328
v -51.7056 -84.3758 11.1328
v -44.9261 -88.1725 11.1328
v -37.8697 -91.4256 11.1328
v -30.5798 -94.1150 11.1328
v -23.1014 -96.2241 11.1328
v -15.4805 -97.7400 11.1328
v -7.7642 -98.6533 11.1328
v -0.0000 -98.9583 11.1328
v 7.7642 -98.6533 11.1328
v 15.4805 -97.7400 11.1328
v 23.1014 -96.2241 11.1328
v 30.5798 -94.1150 11.1328
v 37.8697 -91.4256 11.1328
v 44.9261 -88.1725 11.1328
v 51.7056 -84.3758 11.1328
v 58.1662 -80.0590 11.1328
v 64.2683 -75.2485 11.1328
v 69.9741 -69.9741 11.1328
v 75.2485 -64.2683 11.1328
v 80.0590 -58.1662 11.1328
v 84.3758 -51.7056 11.1328
v 88.1725 -44.9261 11.1328
v 91.4256 -37.8697 11.1328
v 94.1150 -30.5798 11.1328
v 96.2241 -23.1014 11.1328
v 97.7400 -15.4805 11.1328
v 98.6533 -7.7642 11.1328
v 105.5556 0.0000 12.6667
v 105.2302 8.2818 12.6667
v 104.2560 16.5125 12.6667
v 102.6390 24.6415 12.6667
v 100.3893 32.6185 12.6667
v 97.5206 40.3944 12.6667
v 94.0507 47.9212 12.6667
v 90.0009 55.1526 12.6667
v 85.3962 62.0440 12.6667
v 80.2651 68.5528 12.6667
v 74.6390 74.6390 12.6667
v 68.5528 80.2651 12.6667
v 62.0440 85.3962 12.6667
v 55.1526 90.0009 12.6667
v 47.9212 94.0507 12.6667
v 40.3944 97.5206 12.6667
v 32.6185 100.3893 12.6667
v 24.6415 102.6390 12.6667
v 16.5125 104.2560 12.6667
v 8.2818 105.2302 12.6667
v 0.0000 105.5556 12.6667
v -8.2818 105.2302 12.6667
v -16.5125 104.2560 12.6667
v -24.6415 102.6390 12.6667
v -32.6185 100.3893 12.6667
v -40.3944 97.5206 12.6667
v -47.9212 94.0507 12.6667
v -55.1526 90.0009 12.6667
v -62.0440 85.3962 12.6667
v -68.5528 80.2651 12.6667
v -74.6390 74.6390 12.6667
v -80.2651 68.5528 12.6667
v -85.3962 62.0440 12.6667
v -90.0009 55.1526 12.6667
v -94.0507 47.9212 12.6667
v -97.5206 40.3944 12.6667
v -100.3893 32.6185 12.6667
v -102.6390 24.6415 12.6667
v -104.2560 16.5125 12.6667
v -105.2302 8.2818 12.6667
v -105.5556 0.0000 12.6667
v -105.2302 -8.2818 12.6667
v -104.2560 -16.5125 12.6667
v -102.6390 -24.6415 12.6667
v -100.3893 -32.6185 12.6667
v -97.5206 -40.3944 12.6667
v -94.0507 -47.9212 12.6667
v -90.0009 -55.1526 12.6667
v -85.3962 -62.0440 12.6667
v -80.2651 -68.5528 12.6667
v -74.6390 -74.6390 12.6667
v -68.5528 -80.2651 12.6667
v -62.0440 -85.3962 12.6667
v -55.1526 -90.0009 12.6667
v -47.9212 -94.0507 12.6667
v -40.3944 -97.5206 12.6667
v -32.6185 -100.3893 12.6667
v -24.6415 -102.6390 12.6667
v -16.5125 -104.2560 12.6667
v -8.2818 -105.2302 12.6667
v -0.0000 -105.5556 12.6667
v 8.2818 -105.2302 12.6667
v 16.5125 -104.2560 12.6667
v 24.6415 -102.6390 12.6667
v 32.6185 -100.3893 12.6667
v 40.3944 -97.5206 12.6667
v 47.9212 -94.0507 12.6667
v 55.1526 -90.0009 12.6667
v 62.0440 -85.3962 12.6667
v 68.5528 -80.2651 12.6667
v 74.6390 -74.6390 12.6667
v 80.2651 -68.5528 12.6667
v 85.3962 -62.0440 12.6667
v 90.0009 -55.1526 12.6667
v 94.0507 -47.9212 12.6667
v 97.5206 -40.3944 12.6667
v 100.3893 -32.6185 12.6667
v 102.6390 -24.6415 12.6667
v 104.2560 -16.5125 12.6667
v 105.2302 -8.2818 12.6667
v 112.1528 0.0000 14.2995
v 111.8070 8.7994 14.2995
v 110.7720 17.5446 14.2995
v 109.0540 26.1815 14.2995
v 106.6636 34.6571 14.2995
v 103.6157 42.9190 14.2995
v 99.9289 50.9163 14.2995
v 95.6260 58.5997 14.2995
v 90.7335 65.9217 14.2995
v 85.2816 72.8374 14.2995
v 79.3040 79.3040 14.2995
v 72.8374 85.2816 14.2995
v 65.9217 90.7335 14.2995
v 58.5997 95.6260 14.2995
v 50.9163 99.9289 14.2995
v 42.9190 103.6157 14.2995
v 34.6571 106.6636 14.2995
v 26.1815 109.0540 14.2995
v 17.5446 110.7720 14.2995
v 8.7994 111.8070 14.2995
v 0.0000 112.1528 14.2995
v -8.7994 111.8070 14.2995
v -17.5446 110.7720 14.2995
v -26.1815 109.0540 14.2995
v -34.6571 106.6636 14.2995
v -42.9190 103.6157 14.2995
v -50.9163 99.9289 14.2995
v -58.5997 95.6260 14.2995
v -65.9217 90.7335 14.2995
v -72.8374 85.2816 14.2995
v -79.3040 79.3040 14.2995
v -85.2816 72.8374 14.2995
v -90.7335 65.9217 14.2995
v -95.6260 58.5997 14.2995
v -99.9289 50.9163 14.2995
v -103.6157 42.9190 14.2995
v -106.6636 34.6571 14.2995
v -109.0540 26.1815 14.2995
v -110.7720 17.5446 14.2995
v -111.8070 8.7994 14.2995
v -112.1528 0.0000 14.2995
v -111.8070 -8.7994 14.2995
v -110.7720 -17.5446 14.2995
v -109.0540 -26.1815 14.2995
v -106.6636 -34.6571 14.2995
v -103.6157 -42.9190 14.2995
v -99.9289 -50.9163 14.2995
v -95.6260 -58.5997 14.2995
v -90.7335 -65.9217 14.2995
v -85.2816 -72.8374 14.2995
v -79.3040 -79.3040 14.2995
v -72.8374 -85.2816 14.2995
v -65.9217 -90.7335 14.2995
v -58.5997 -95.6260 14.2995
v -50.9163 -99.9289 14.2995
v -42.9190 -103.6157 14.2995
v -34.6571 -106.6636 14.2995
v -26.1815 -109.0540 14.2995
v -17.5446 -110.7720 14.2995
v -8.7994 -111.8070 14.2995
v -0.0000 -112.1528 14.2995
v 8.7994 -111.8070 14.2995
v 17.5446 -110.7720 14.2995
v 26.1815 -109.0540 14.2995
v 34.6571 -106.6636 14.2995
v 42.9190 -103.6157 14.2995
v 50.9163 -99.9289 14.2995
v 58.5997 -95.6260 14.2995
v 65.9217 -90.7335 14.2995
v 72.8374 -85.2816 14.2995
v 79.3040 -79.3040 14.2995
v 85.2816 -72.8374 14.2995
v 90.7335 -65.9217 14.2995
v 95.6260 -58.5997 14.2995
v 99.9289 -50.9163 14.2995
v 103.6157 -42.9190 14.2995
v 106.6636 -34.6571 14.2995
v 109.0540 -26.1815 14.2995
v 110.7720 -17.5446 14.2995
v 111.8070 -8.7994 14.2995
v 118.7500 0.0000 16.0312
v 118.3839 9.3170 16.0312
v 117.2880 18.5766 16.0312
v 115.4689 27.7216 16.0312
v 112.9380 36.6958 16.0312
v 109.7107 45.4437 16.0312
v 105.8070 53.9114 16.0312
v 101.2510 62.0467 16.0312
v 96.0708 69.7995 16.0312
v 90.2982 77.1220 16.0312
v 83.9689 83.9689 16.0312
v 77.1220 90.2982 16.0312
v 69.7995 96.0708 16.0312
v 62.0467 101.2510 16.0312
v 53.9114 105.8070 16.0312
v 45.4437 109.7107 16.0312
v 36.6958 112.9380 16.0312
v 27.7216 115.4689 16.0312
v 18.5766 117.2880 16.0312
v 9.3170 118.3839 16.0312
v 0.0000 118.7500 16.0312
v -9.3170 118.3839 16.0312
v -18.5766 117.2880 16.0312
v -27.7216 115.4689 16.0312
v -36.6958 112.9380 16.0312
v -45.4437 109.7107 16.0312
v -53.9114 105.8070 16.0312
v -62.0467 101.2510 16.0312
v -69.7995 96.0708 16.0312
v -77.1220 90.2982 16.0312
v -83.9689 83.9689 16.0312
v -90.2982 77.1220 16.0312
v -96.0708 69.7995 16.0312
v -101.2510 62.0467 16.0312
v -105.8070 53.9114 16.0312
v -109.7107 45.4437 16.0312
v -112.9380 36.6958 16.0312
v -115.4689 27.7216 16.0312
v -117.2880 18.5766 16.0312
v -118.3839 9.3170 16.0312
v -118.7500 0.0000 16.0312
v -118.3839 -9.3170 16.0312
v -117.2880 -18.5766 16.0312
v -115.4689 -27.7216 16.0312
v -112.9380 -36.6958 16.0312
v -109.7107 -45.4437 16.0312
v -105.8070 -53.9114 16.0312
v -101.2510 -62.0467 16.0312
v -96.0708 -69.7995 16.0312
v -90.2982 -77.1220 16.0312
v -83.9689 -83.9689 16.0312
v -77.1220 -90.2982 16.0312
v -69.7995 -96.0708 16.0312
v -62.0467 -101.2510 16.0312
v -53.9114 -105.8070 16.0312
v -45.4437 -109.7107 16.0312
v -36.6958 -112.9380 16.0312
v -27.7216 -115.4689 16.0312
v -18.5766 -117.2880 16.0312
v -9.3170 -118.3839 16.0312
v -0.0000 -118.7500 16.0312
v 9.3170 -118.3839 16.0312
v 18.5766 -117.2880 16.0312
v 27.7216 -115.4689 16.0312
v 36.6958 -112.9380 16.0312
v 45.4437 -109.7107 16.0312
v 53.9114 -105.8070 16.0312
v 62.0467 -101.2510 16.0312
v 69.7995 -96.0708 16.0312
v 77.1220 -90.2982 16.0312
v 83.9689 -83.9689 16.0312
v 90.2982 -77.1220 16.0312
v 96.0708 -69.7995 16.0312
v 101.2510 -62.0467 16.0312
v 105.8070 -53.9114 16.0312
v 109.7107 -45.4437 16.0312
v 112.9380 -36.6958 16.0312
v 115.4689 -27.7216 16.0312
v 117.2880 -18.5766 16.0312
v 118.3839 -9.3170 16.0312
v 125.3472 0.0000 17.8620
v 124.9608 9.8346 17.8620
v 123.8040 19.6086 17.8620
v 121.8839 29.2617 17.8620
v 119.2123 38.7344 17.8620
v 115.8057 47.9683 17.8620
v 111.6852 56.9064 17.8620
v 106.8761 65.4937 17.8620
v 101.4080 73.6772 17.8620
v 95.3148 81.4065 17.8620
v 88.6339 88.6339 17.8620
v 81.4065 95.3148 17.8620
v 73.6772 101.4080 17.8620
v 65.4937 106.8761 17.8620
v 56.9064 111.6852 17.8620
v 47.9683 115.8057 17.8620
v 38.7344 119.2123 17.8620
v 29.2617 121.8839 17.8620
v 19.6086 123.8040 17.8620
v 9.8346 124.9608 17.8620
v 0.0000 125.3472 17.8620
v -9.8346 124.9608 17.8620
v -19.6086 123.8040 17.8620
v -29.2617 121.8839 17.8620
v -38.7344 119.2123 17.8620
v -47.9683 115.8057 17.8620
v -56.9064 111.6852 17.8620
v -65.4937 106.8761 17.8620
v -73.6772 101.4080 17.8620
v -81.4065 95.3148 17.8620
v -88.6339 88.6339 17.8620
v -95.3148 81.4065 17.8620
v -101.4080 73.6772 17.8620
v -106.8761 65.4937 17.8620
v -111.6852 56.9064 17.8620
v -115.8057 47.9683 17.8620
v -119.2123 38.7344 17.8620
v -121.8839 29.2617 17.8620
v -123.8040 19.6086 17.8620
v -124.9608 9.8346 17.8620
v -125.3472 0.0000 17.8620
v -124.9608 -9.8346 17.8620
v -123.8040 -19.6086 17.8620
v -121.8839 -29.2617 17.8620
v -119.2123 -38.7344 17.8620
v -115.8057 -47.9683 17.8620
v -111.6852 -56.9064 17.8620
v -106.8761 -65.4937 17.8620
v -101.4080 -73.6772 17.8620
v -95.3148 -81.4065 17.8620
v -88.6339 -88.6339 17.8620
v -81.4065 -95.3148 17.8620
v -73.6772 -101.4080 17.8620
v -65.4937 -106.8761 17.8620
v -56.9064 -111.6852 17.8620
v -47.9683 -115.8057 17.8620
v -38.7344 -119.2123 17.8620
v -29.2617 -121.8839 17.8620
v -19.6086 -123.8040 17.8620
v -9.8346 -124.9608 17.8620
v -0.0000 -125.3472 17.8620
v 9.8346 -124.9608 17.8620
v 19.6086 -123.8040 17.8620
v 29.2617 -121.8839 17.8620
v 38.7344 -119.2123 17.8620
v 47.9683 -115.8057 17.8620
v 56.9064 -111.6852 17.8620
v 65.4937 -106.8761 17.8620
v 73.6772 -101.4080 17.8620
v 81.4065 -95.3148 17.8620
v 88.6339 -88.6339 17.8620
v 95.3148 -81.4065 17.8620
v 101.4080 -73.6772 17.8620
v 106.8761 -65.4937 17.8620
v 111.6852 -56.9064 17.8620
v 115.8057 -47.9683 17.8620
v 119.2123 -38.7344 17.8620
v 121.8839 -29.2617 17.8620
v 123.8040 -19.6086 17.8620
v 124.9608 -9.8346 17.8620
v 131.9444 0.0000 19.7917
v 131.5377 10.3522 19.7917
v 130.3200 20.6407 19.7917
v 128.2988 30.8018 19.7917
v 125.4866 40.7731 19.7917
v 121.9008 50.4930 19.7917
v 117.5634 59.9015 19.7917
v 112.5011 68.9408 19.7917
v 106.7453 77.5550 19.7917
v 100.3313 85.6911 19.7917
v 93.2988 93.2988 19.7917
v 85.6911 100.3313 19.7917
v 77.5550 106.7453 19.7917
v 68.9408 112.5011 19.7917
v 59.9015 117.5634 19.7917
v 50.4930 121.9008 19.7917
v 40.7731 125.4866 19.7917
v 30.8018 128.2988 19.7917
v 20.6407 130.3200 19.7917
v 10.3522 131.5377 19.7917
v 0.0000 131.9444 19.7917
v -10.3522 131.5377 19.7917
v -20.6407 130.3200 19.7917
v -30.8018 128.2988 19.7917
v -40.7731 125.4866 19.7917
v -50.4930 121.9008 19.7917
v -59.9015 117.5634 19.7917
v -68.9408 112.5011 19.7917
v -77.5550 106.7453 19.7917
v -85.6911 100.3313 19.7917
v -93.2988 93.2988 19.7917
v -100.3313 85.6911 19.7917
v -106.7453 77.5550 19.7917
v -112.5011 68.9408 19.7917
v -117.5634 59.9015 19.7917
v -121.9008 50.4930 19.7917
v -125.4866 40.7731 19.7917
v -128.2988 30.8018 19.7917
v -130.3200 20.6407 19.7917
v -131.5377 10.3522 19.7917
v -131.9444 0.0000 19.7917
v -131.5377 -10.3522 19.7917
v -130.3200 -20.6407 19.7917
v -128.2988 -30.8018 19.7917
v -125.4866 -40.7731 19.7917
v -121.9008 -50.4930 19.7917
v -117.5634 -59.9015 19.7917
v -112.5011 -68.9408 19.7917
v -106.7453 -77.5550 19.7917
v -100.3313 -85.6911 19.7917
v -93.2988 -93.2988 19.7917
v -85.6911 -100.3313 19.7917
v -77.5550 -106.7453 19.7917
v -68.9408 -112.5011 19.7917
v -59.9015 -117.5634 19.7917
v -50.4930 -121.9008 19.7917
v -40.7731 -125.4866 19.7917
v -30.8018 -128.2988 19.7917
v -20.6407 -130.3200 19.7917
v -10.3522 -131.5377 19.7917
v -0.0000 -131.9444 19.7917
v 10.3522 -131.5377 19.7917
v 20.6407 -130.3200 19.7917
v 30.8018 -128.2988 19.7917
v 40.7731 -125.4866 19.7917
v 50.4930 -121.9008 19.7917
v 59.9015 -117.5634 19.7917
v 68.9408 -112.5011 19.7917
v 77.5550 -106.7453 19.7917
v 85.6911 -100.3313 19.7917
v 93.2988 -93.2988 19.7917
v 100.3313 -85.6911 19.7917
v 106.7453 -77.5550 19.7917
v 112.5011 -68.9408 19.7917
v 117.5634 -59.9015 19.7917
v 121.9008 -50.4930 19.7917
v 125.4866 -40.7731 19.7917
v 128.2988 -30.8018 19.7917
v 130.3200 -20.6407 19.7917
v 131.5377 -10.3522 19.7917
v 138.5417 0.0000 21.8203
v 138.1146 10.8699 21.8203
v 136.8360 21.6727 21.8203
v 134.7137 32.3419 21.8203
v 131.7610 42.8117 21.8203
v 127.9958 53.0176 21.8203
v 123.4415 62.8966 21.8203
v 118.1262 72.3878 21.8203
v 112.0826 81.4327 21.8203
v 105.3479 89.9756 21.8203
v 97.9638 97.9638 21.8203
v 89.9756 105.3479 21.8203
v 81.4327 112.0826 21.8203
v 72.3878 118.1262 21.8203
v 62.8966 123.4415 21.8203
v 53.0176 127.9958 21.8203
v 42.8117 131.7610 21.8203
v 32.3419 134.7137 21.8203
v 21.6727 136.8360 21.8203
v 10.8699 138.1146 21.8203
v 0.0000 138.5417 21.8203
v -10.8699 138.1146 21.8203
v -21.6727 136.8360 21.8203
v -32.3419 134.7137 21.8203
v -42.8117 131.7610 21.8203
v -53.0176 127.9958 21.8203
v -62.8966 123.4415 21.8203
v -72.3878 118.1262 21.8203
v -81.4327 112.0826 21.8203
v -89.9756 105.3479 21.8203
v -97.9638 97.9638 21.8203
v -105.3479 89.9756 21.8203
v -112.0826 81.4327 21.8203
v -118.1262 72.3878 21.8203
v -123.4415 62.8966 21.8203
v -127.9958 53.0176 21.8203
v -131.7610 42.8117 21.8203
v -134.7137 32.3419 21.8203
v -136.8360 21.6727 21.8203
v -138.1146 10.8699 21.8203
v -138.5417 0.0000 21.8203
v -138.1146 -10.8699 21.8203
v -136.8360 -21.6727 21.8203
v -134.7137 -32.3419 21.8203
v -131.7610 -42.8117 21.8203
v -127.9958 -53.0176 21.8203
v -123.4415 -62.8966 21.8203
v -118.1262 -72.3878 21.8203
v -112.0826 -81.4327 21.8203
v -105.3479 -89.9756 21.8203
v -97.9638 -97.9638 21.8203
v -89.9756 -105.3479 21.8203
v -81.4327 -112.0826 21.8203
v -72.3878 -118.1262 21.8203
v -62.8966 -123.4415 21.8203
v -53.0176 -127.9958 21.8203
v -42.8117 -131.7610 21.8203
v -32.3419 -134.7137 21.8203
v -21.6727 -136.8360 21.8203
v -10.8699 -138.1146 21.8203
v -0.0000 -138.5417 21.8203
v 10.8699 -138.1146 21.8203
v 21.6727 -136.8360 21.8203
v 32.3419 -134.7137 21.8203
v 42.8117 -131.7610 21.8203
v 53.0176 -127.9958 21.8203
v 62.8966 -123.4415 21.8203
v 72.3878 -118.1262 21.8203
v 81.4327 -112.0826 21.8203
v 89.9756 -105.3479 21.8203
v 97.9638 -97.9638 21.8203
v 105.3479 -89.9756 21.8203
v 112.0826 -81.4327 21.8203
v 118.1262 -72.3878 21.8203
v 123.4415 -62.8966 21.8203
v 127.9958 -53.0176 21.8203
v 131.7610 -42.8117 21.8203
v 134.7137 -32.3419 21.8203
v 136.8360 -21.6727 21.8203
v 138.1146 -10.8699 21.8203
v 145.1389 0.0000 23.9479
v 144.6915 11.3875 23.9479
v 143.3520 22.7047 23.9479
v 141.1287 33.8820 23.9479
v 138.0353 44.8504 23.9479
v 134.0908 55.5422 23.9479
v 129.3197 65.8917 23.9479
v 123.7512 75.8349 23.9479
v 117.4198 85.3105 23.9479
v 110.3645 94.2602 23.9479
v 102.6287 102.6287 23.9479
v 94.2602 110.3645 23.9479
v 85.3105 117.4198 23.9479
v 75.8349 123.7512 23.9479
v 65.8917 129.3197 23.9479
v 55.5422 134.0908 23.9479
v 44.8504 138.0353 23.9479
v 33.8820 141.1287 23.9479
v 22.7047 143.3520 23.9479
v 11.3875 144.6915 23.9479
v 0.0000 145.1389 23.9479
v -11.3875 144.6915 23.9479
v -22.7047 143.3520 23.9479
v -33.8820 141.1287 23.9479
v -44.8504 138.0353 23.9479
v -55.5422 134.0908 23.9479
v -65.8917 129.3197 23.9479
v -75.8349 123.7512 23.9479
v -85.3105 117.4198 23.9479
v -94.2602 110.3645 23.9479
v -102.6287 102.6287 23.9479
v -110.3645 94.2602 23.9479
v -117.4198 85.3105 23.9479
v -123.7512 75.8349 23.9479
v -129.3197 65.8917 23.9479
v -134.0908 55.5422 23.9479
v -138.0353 44.8504 23.9479
v -141.1287 33.8820 23.9479
v -143.3520 22.7047 23.9479
v -144.6915 11.3875 23.9479
v -145.1389 0.0000 23.9479
v -144.6915 -11.3875 23.9479
v -143.3520 -22.7047 23.9479
v -141.1287 -33.8820 23.9479
v -138.0353 -44.8504 23.9479
v -134.0908 -55.5422 23.9479
v -129.3197 -65.8917 23.9479
v -123.7512 -75.8349 23.9479
v -117.4198 -85.3105 23.9479
v -110.3645 -94.2602 23.9479
v -102.6287 -102.6287 23.9479
v -94.2602 -110.3645 23.9479
v -85.3105 -117.4198 23.9479
v -75.8349 -123.7512 23.9479
v -65.8917 -129.3197 23.9479
v -55.5422 -134.0908 23.9479
v -44.8504 -138.0353 23.9479
v -33.8820 -141.1287 23.9479
v -22.7047 -143.3520 23.9479
v -11.3875 -144.6915 23.9479
v -0.0000 -145.1389 23.9479
v 11.3875 -144.6915 23.9479
v 22.7047 -143.3520 23.9479
v 33.8820 -141.1287 23.9479
v 44.8504 -138.0353 23.9479
v 55.5422 -134.0908 23.9479
v 65.8917 -129.3197 23.9479
v 75.8349 -123.7512 23.9479
v 85.3105 -117.4198 23.9479
v 94.2602 -110.3645 23.9479
v 102.6287 -102.6287 23.9479
v 110.3645 -94.2602 23.9479
v 117.4198 -85.3105 23.9479
v 123.7512 -75.8349 23.9479
v 129.3197 -65.8917 23.9479
v 134.0908 -55.5422 23.9479
v 138.0353 -44.8504 23.9479
v 141.1287 -33.8820 23.9479
v 143.3520 -22.7047 23.9479
v 144.6915 -11.3875 23.9479
v 151.7361 0.0000 26.1745
v 151.2684 11.9051 26.1745
v 149.8680 23.7368 26.1745
v 147.5436 35.4221 26.1745
v 144.3096 46.8890 26.1745
v 140.1859 58.0669 26.1745
v 135.1979 68.8868 26.1745
v 129.3763 79.2819 26.1745
v 122.7571 89.1882 26.1745
v 115.3810 98.5447 26.1745
v 107.2936 107.2936 26.1745
v 98.5447 115.3810 26.1745
v 89.1882 122.7571 26.1745
v 79.2819 129.3763 26.1745
v 68.8868 135.1979 26.1745
v 58.0669 140.1859 26.1745
v 46.8890 144.3096 26.1745
v 35.4221 147.5436 26.1745
v 23.7368 149.8680 26.1745
v 11.9051 151.2684 26.1745
v 0.0000 151.7361 26.1745
v -11.9051 151.2684 26.1745
v -23.7368 149.8680 26.1745
v -35.4221 147.5436 26.1745
v -46.8890 144.3096 26.1745
v -58.0669 140.1859 26.1745
v -68.8868 135.1979 26.1745
v -79.2819 129.3763 26.1745
v -89.1882 122.7571 26.1745
v -98.5447 115.3810 26.1745
v -107.2936 107.2936 26.1745
v -115.3810 98.5447 26.1745
v -122.7571 89.1882 26.1745
v -129.3763 79.2819 26.1745
v -135.1979 68.8868 26.1745
v -140.1859 58.0669 26.1745
v -144.3096 46.8890 26.1745
v -147.5436 35.4221 26.1745
v -149.8680 23.7368 26.1745
v -151.2684 11.9051 26.1745
v -151.7361 0.0000 26.1745
v -151.2684 -11.9051 26.1745
v -149.8680 -23.7368 26.1745
v -147.5436 -35.4221 26.1745
v -144.3096 -46.8890 26.1745
v -140.1859 -58.0669 26.1745
v -135.1979 -68.8868 26.1745
v -129.3763 -79.2819 26.1745
v -122.7571 -89.1882 26.1745
v -115.3810 -98.5447 26.1745
v -107.2936 -107.2936 26.1745
v -98.5447 -115.3810 26.1745
v -89.1882 -122.7571 26.1745
v -79.2819 -129.3763 26.1745
v -68.8868 -135.1979 26.1745
v -58.0669 -140.1859 26.1745
v -46.8890 -144.3096 26.1745
v -35.4221 -147.5436 26.1745
v -23.7368 -149.8680 26.1745
v -11.9051 -151.2684 26.1745
v -0.0000 -151.7361 26.1745
v 11.9051 -151.2684 26.1745
v 23.7368 -149.8680 26.1745
v 35.4221 -147.5436 26.1745
v 46.8890 -144.3096 26.1745
v 58.0669 -140.1859 26.1745
v 68.8868 -135.1979 26.1745
v 79.2819 -129.3763 26.1745
v 89.1882 -122.7571 26.1745
v 98.5447 -115.3810 26.1745
v 107.2936 -107.2936 26.1745
v 115.3810 -98.5447 26.1745
v 122.7571 -89.1882 26.1745
v 129.3763 -79.2819 26.1745
v 135.1979 -68.8868 26.1745
v 140.1859 -58.0669 26.1745
v 144.3096 -46.8890 26.1745
v 147.5436 -35.4221 26.1745
v 149.8680 -23.7368 26.1745
v 151.2684 -11.9051 26.1745
v 158.3333 0.0000 28.5000
v 157.8452 12.4227 28.5000
v 156.3840 24.7688 28.5000
v 153.9586 36.9622 28.5000
v 150.5839 48.9277 28.5000
v 146.2809 60.5915 28.5000
v 141.0760 71.8818 28.5000
v 135.0014 82.7289 28.5000
v 128.0944 93.0660 28.5000
v 120.3976 102.8293 28.5000
v 111.9586 111.9586 28.5000
v 102.8293 120.3976 28.5000
v 93.0660 128.0944 28.5000
v 82.7289 135.0014 28.5000
v 71.8818 141.0760 28.5000
v 60.5915 146.2809 28.5000
v 48.9277 150.5839 28.5000
v 36.9622 153.9586 28.5000
v 24.7688 156.3840 28.5000
v 12.4227 157.8452 28.5000
v 0.0000 158.3333 28.5000
v -12.4227 157.8452 28.5000
v -24.7688 156.3840 28.5000
v -36.9622 153.9586 28.5000
v -48.9277 150.5839 28.5000
v -60.5915 146.2809 28.5000
v -71.8818 141.0760 28.5000
v -82.7289 135.0014 28.5000
v -93.0660 128.0944 28.5000
v -102.8293 120.3976 28.5000
v -111.9586 111.9586 28.5000
v -120.3976 102.8293 28.5000
v -128.0944 93.0660 28.5000
v -135.0014 82.7289 28.5000
v -141.0760 71.8818 28.5000
v -146.2809 60.5915 28.5000
v -150.5839 48.9277 28.5000
v -153.9586 36.9622 28.5000
v -156.3840 24.7688 28.5000
v -157.8452 12.4227 28.5000
v -158.3333 0.0000 28.5000
v -157.8452 -12.4227 28.5000
v -156.3840 -24.7688 28.5000
v -153.9586 -36.9622 28.5000
v -150.5839 -48.9277 28.5000
v -146.2809 -60.5915 28.5000
v -141.0760 -71.8818 28.5000
v -135.0014 -82.7289 28.5000
v -128.0944 -93.0660 28.5000
v -120.3976 -102.8293 28.5000
v -111.9586 -111.9586 28.5000
v -102.8293 -120.3976 28.5000
v -93.0660 -128.0944 28.5000
v -82.7289 -135.0014 28.5000
v -71.8818 -141.0760 28.5000
v -60.5915 -146.2809 28.5000
v -48.9277 -150.5839 28.5000
v -36.9622 -153.9586 28.5000
v -24.7688 -156.3840 28.5000
v -12.4227 -157.8452 28.5000
v -0.0000 -158.3333 28.5000
v 12.4227 -157.8452 28.5000
v 24.7688 -156.3840 28.5000
v 36.9622 -153.9586 28.5000
v 48.9277 -150.5839 28.5000
v 60.5915 -146.2809 28.5000
v 71.8818 -141.0760 28.5000
v 82.7289 -135.0014 28.5000
v 93.0660 -128.0944 28.5000
v 102.8293 -120.3976 28.5000
v 111.9586 -111.9586 28.5000
v 120.3976 -102.8293 28.5000
v 128.0944 -93.0660 28.5000
v 135.0014 -82.7289 28.5000
v 141.0760 -71.8818 28.5000
v 146.2809 -60.5915 28.5000
v 150.5839 -48.9277 28.5000
v 153.9586 -36.9622 28.5000
v 156.3840 -24.7688 28.5000
v 157.8452 -12.4227 28.5000
v 160.2333 0.0000 52.2500
v 159.7394 12.5718 52.2500
v 158.2606 25.0660 52.2500
v 155.8061 37.4057 52.2500
v 152.3910 49.5148 52.2500
v 148.0363 61.3186 52.2500
v 142.7689 72.7444 52.2500
v 136.6214 83.7217 52.2500
v 129.6315 94.1828 52.2500
v 121.8424 104.0632 52.2500
v 113.3021 113.3021 52.2500
v 104.0632 121.8424 52.2500
v 94.1828 129.6315 52.2500
v 83.7217 136.6214 52.2500
v 72.7444 142.7689 52.2500
v 61.3186 148.0363 52.2500
v 49.5148 152.3910 52.2500
v 37.4057 155.8061 52.2500
v 25.0660 158.2606 52.2500
v 12.5718 159.7394 52.2500
v 0.0000 160.2333 52.2500
v -12.5718 159.7394 52.2500
v -25.0660 158.2606 52.2500
v -37.4057 155.8061 52.2500
v -49.5148 152.3910 52.2500
v -61.3186 148.0363 52.2500
v -72.7444 142.7689 52.2500
v -83.7217 136.6214 52.2500
v -94.1828 129.6315 52.2500
v -104.0632 121.8424 52.2500
v -113.3021 113.3021 52.2500
v -121.8424 104.0632 52.2500
v -129.6315 94.1828 52.2500
v -136.6214 83.7217 52.2500
v -142.7689 72.7444 52.2500
v -148.0363 61.3186 52.2500
v -152.3910 49.5148 52.2500
v -155.8061 37.4057 52.2500
v -158.2606 25.0660 52.2500
v -159.7394 12.5718 52.2500
v -160.2333 0.0000 52.2500
v -159.7394 -12.5718 52.2500
v -158.2606 -25.0660 52.2500
v -155.8061 -37.4057 52.2500
v -152.3910 -49.5148 52.2500
v -148.0363 -61.3186 52.2500
v -142.7689 -72.7444 52.2500
v -136.6214 -83.7217 52.2500
v -129.6315 -94.1828 52.2500
v -121.8424 -104.0632 52.2500
v -113.3021 -113.3021 52.2500
v -104.0632 -121.8424 52.2500
v -94.1828 -129.6315 52.2500
v -83.7217 -136.6214 52.2500
v -72.7444 -142.7689 52.2500
v -61.3186 -148.0363 52.2500
v -49.5148 -152.3910 52.2500
v -37.4057 -155.8061 52.2500
v -25.0660 -158.2606 52.2500
v -12.5718 -159.7394 52.2500
v -0.0000 -160.2333 52.2500
v 12.5718 -159.7394 52.2500
v 25.0660 -158.2606 52.2500
v 37.4057 -155.8061 52.2500
v 49.5148 -152.3910 52.2500
v 61.3186 -148.0363 52.2500
v 72.7444 -142.7689 52.2500
v 83.7217 -136.6214 52.2500
v 94.1828 -129.6315 52.2500
v 104.0632 -121.8424 52.2500
v 113.3021 -113.3021 52.2500
v 121.8424 -104.0632 52.2500
v 129.6315 -94.1828 52.2500
v 136.6214 -83.7217 52.2500
v 142.7689 -72.7444 52.2500
v 148.0363 -61.3186 52.2500
v 152.3910 -49.5148 52.2500
v 155.8061 -37.4057 52.2500
v 158.2606 -25.0660 52.2500
v 159.7394 -12.5718 52.2500
v 163.0833 0.0000 76.0000
v 162.5806 12.7954 76.0000
v 161.0755 25.5119 76.0000
v 158.5773 38.0710 76.0000
v 155.1015 50.3955 76.0000
v 150.6694 62.4093 76.0000
v 145.3083 74.0383 76.0000
v 139.0514 85.2108 76.0000
v 131.9372 95.8580 76.0000
v 124.0095 105.9142 76.0000
v 115.3173 115.3173 76.0000
v 105.9142 124.0095 76.0000
v 95.8580 131.9372 76.0000
v 85.2108 139.0514 76.0000
v 74.0383 145.3083 76.0000
v 62.4093 150.6694 76.0000
v 50.3955 155.1015 76.0000
v 38.0710 158.5773 76.0000
v 25.5119 161.0755 76.0000
v 12.7954 162.5806 76.0000
v 0.0000 163.0833 76.0000
v -12.7954 162.5806 76.0000
v -25.5119 161.0755 76.0000
v -38.0710 158.5773 76.0000
v -50.3955 155.1015 76.0000
v -62.4093 150.6694 76.0000
v -74.0383 145.3083 76.0000
v -85.2108 139.0514 76.0000
v -95.8580 131.9372 76.0000
v -105.9142 124.0095 76.0000
v -115.3173 115.3173 76.0000
v -124.0095 105.9142 76.0000
v -131.9372 95.8580 76.0000
v -139.0514 85.2108 76.0000
v -145.3083 74.0383 76.0000
v -150.6694 62.4093 76.0000
v -155.1015 50.3955 76.0000
v -158.5773 38.0710 76.0000
v -161.0755 25.5119 76.0000
v -162.5806 12.7954 76.0000
v -163.0833 0.0000 76.0000
v -162.5806 -12.7954 76.0000
v -161.0755 -25.5119 76.0000
v -158.5773 -38.0710 76.0000
v -155.1015 -50.3955 76.0000
v -150.6694 -62.4093 76.0000
v -145.3083 -74.0383 76.0000
v -139.0514 -85.2108 76.0000
v -131.9372 -95.8580 76.0000
v -124.0095 -105.9142 76.0000
v -115.3173 -115.3173 76.0000
v -105.9142 -124.0095 76.0000
v -95.8580 -131.9372 76.0000
v -85.2108 -139.0514 76.0000
v -74.0383 -145.3083 76.0000
v -62.4093 -150.6694 76.0000
v -50.3955 -155.1015 76.0000
v -38.0710 -158.5773 76.0000
v -25.5119 -161.0755 76.0000
v -12.7954 -162.5806 76.0000
v -0.0000 -163.0833 76.0000
v 12.7954 -162.5806 76.0000
v 25.5119 -161.0755 76.0000
v 38.0710 -158.5773 76.0000
v 50.3955 -155.1015 76.0000
v 62.4093 -150.6694 76.0000
v 74.0383 -145.3083 76.0000
v 85.2108 -139.0514 76.0000
v 95.8580 -131.9372 76.0000
v 105.9142 -124.0095 76.0000
v 115.3173 -115.3173 76.0000
v 124.0095 -105.9142 76.0000
v 131.9372 -95.8580 76.0000
v 139.0514 -85.2108 76.0000
v 145.3083 -74.0383 76.0000
v 150.6694 -62.4093 76.0000
v 155.1015 -50.3955 76.0000
v 158.5773 -38.0710 76.0000
v 161.0755 -25.5119 76.0000
v 162.5806 -12.7954 76.0000
v 190.0000 0.0000 76.0000
v 189.4143 14.9072 76.0000
v 187.6608 29.7225 76.0000
v 184.7503 44.3546 76.0000
v 180.7007 58.7132 76.0000
v 175.5371 72.7099 76.0000
v 169.2912 86.2582 76.0000
v 162.0016 99.2747 76.0000
v 153.7132 111.6792 76.0000
v 144.4771 123.3951 76.0000
v 134.3503 134.3503 76.0000
v 123.3951 144.4771 76.0000
v 111.6792 153.7132 76.0000
v 99.2747 162.0016 76.0000
v 86.2582 169.2912 76.0000
v 72.7099 175.5371 76.0000
v 58.7132 180.7007 76.0000
v 44.3546 184.7503 76.0000
v 29.7225 187.6608 76.0000
v 14.9072 189.4143 76.0000
v 0.0000 190.0000 76.0000
v -14.9072 189.4143 76.0000
v -29.7225 187.6608 76.0000
v -44.3546 184.7503 76.0000
v -58.7132 180.7007 76.0000
v -72.7099 175.5371 76.0000
v -86.2582 169.2912 76.0000
v -99.2747 162.0016 76.0000
v -111.6792 153.7132 76.0000
v -123.3951 144.4771 76.0000
v -134.3503 134.3503 76.0000
v -144.4771 123.3951 76.0000
v -153.7132 111.6792 76.0000
v -162.0016 99.2747 76.0000
v -169.2912 86.2582 76.0000
v -175.5371 72.7099 76.0000
v -180.7007 58.7132 76.0000
v -184.7503 44.3546 76.0000
v -187.6608 29.7225 76.0000
v -189.4143 14.9072 76.0000
v -190.0000 0.0000 76.0000
v -189.4143 -14.9072 76.0000
v -187.6608 -29.7225 76.0000
v -184.7503 -44.3546 76.0000
v -180.7007 -58.7132 76.0000
v -175.5371 -72.7099 76.0000
v -169.2912 -86.2582 76.0000
v -162.0016 -99.2747 76.0000
v -153.7132 -111.6792 76.0000
v -144.4771 -123.3951 76.0000
v -134.3503 -134.3503 76.0000
v -123.3951 -144.4771 76.0000
v -111.6792 -153.7132 76.0000
v -99.2747 -162.0016 76.0000
v -86.2582 -169.2912 76.0000
v -72.7099 -175.5371 76.0000
v -58.7132 -180.7007 76.0000
v -44.3546 -184.7503 76.0000
v -29.7225 -187.6608 76.0000
v -14.9072 -189.4143 76.0000
v -0.0000 -190.0000 76.0000
v 14.9072 -189.4143 76.0000
v 29.7225 -187.6608 76.0000
v 44.3546 -184.7503 76.0000
v 58.7132 -180.7007 76.0000
v 72.7099 -175.5371 76.0000
v 86.2582 -169.2912 76.0000
v 99.2747 -162.0016 76.0000
v 111.6792 -153.7132 76.0000
v 123.3951 -144.4771 76.0000
v 134.3503 -134.3503 76.0000
v 144.4771 -123.3951 76.0000
v 153.7132 -111.6792 76.0000
v 162.0016 -99.2747 76.0000
v 169.2912 -86.2582 76.0000
v 175.5371 -72.7099 76.0000
v 180.7007 -58.7132 76.0000
v 184.7503 -44.3546 76.0000
v 187.6608 -29.7225 76.0000
v 189.4143 -14.9072 76.0000
v 190.0000 0.0000 -7.9167
v 189.4143 14.9072 -7.9167
v 187.6608 29.7225 -7.9167
v 184.7503 44.3546 -7.9167
v 180.7007 58.7132 -7.9167
v 175.5371 72.7099 -7.9167
v 169.2912 86.2582 -7.9167
v 162.0016 99.2747 -7.9167
v 153.7132 111.6792 -7.9167
v 144.4771 123.3951 -7.9167
v 134.3503 134.3503 -7.9167
v 123.3951 144.4771 -7.9167
v 111.6792 153.7132 -7.9167
v 99.2747 162.0016 -7.9167
v 86.2582 169.2912 -7.9167
v 72.7099 175.5371 -7.9167
v 58.7132 180.7007 -7.9167
v 44.3546 184.7503 -7.9167
v 29.7225 187.6608 -7.9167
v 14.9072 189.4143 -7.9167
v 0.0000 190.0000 -7.9167
v -14.9072 189.4143 -7.9167
v -29.7225 187.6608 -7.9167
v -44.3546 184.7503 -7.9167
v -58.7132 180.7007 -7.9167
v -72.7099 175.5371 -7.9167
v -86.2582 169.2912 -7.9167
v -99.2747 162.0016 -7.9167
v -111.6792 153.7132 -7.9167
v -123.3951 144.4771 -7.9167
v -134.3503 134.3503 -7.9167
v -144.4771 123.3951 -7.9167
v -153.7132 111.6792 -7.9167
v -162.0016 99.2747 -7.9167
v -169.2912 86.2582 -7.9167
v -175.5371 72.7099 -7.9167
v -180.7007 58.7132 -7.9167
v -184.7503 44.3546 -7.9167
v -187.6608 29.7225 -7.9167
v -189.4143 14.9072 -7.9167
v -190.0000 0.0000 -7.9167
v -189.4143 -14.9072 -7.9167
v -187.6608 -29.7225 -7.9167
v -184.7503 -44.3546 -7.9167
v -180.7007 -58.7132 -7.9167
v -175.5371 -72.7099 -7.9167
v -169.2912 -86.2582 -7.9167
v -162.0016 -99.2747 -7.9167
v -153.7132 -111.6792 -7.9167
v -144.4771 -123.3951 -7.9167
v -134.3503 -134.3503 -7.9167
v -123.3951 -144.4771 -7.9167
v -111.6792 -153.7132 -7.9167
v -99.2747 -162.0016 -7.9167
v -86.2582 -169.2912 -7.9167
v -72.7099 -175.5371 -7.9167
v -58.7132 -180.7007 -7.9167
v -44.3546 -184.7503 -7.9167
v -29.7225 -187.6608 -7.9167
v -14.9072 -189.4143 -7.9167
v -0.0000 -190.0000 -7.9167
v 14.9072 -189.4143 -7.9167
v 29.7225 -187.6608 -7.9167
v 44.3546 -184.7503 -7.9167
v 58.7132 -180.7007 -7.9167
v 72.7099 -175.5371 -7.9167
v 86.2582 -169.2912 -7.9167
v 99.2747 -162.0016 -7.9167
v 111.6792 -153.7132 -7.9167
v 123.3951 -144.4771 -7.9167
v 134.3503 -134.3503 -7.9167
v 144.4771 -123.3951 -7.9167
v 153.7132 -111.6792 -7.9167
v 162.0016 -99.2747 -7.9167
v 169.2912 -86.2582 -7.9167
v 175.5371 -72.7099 -7.9167
v 180.7007 -58.7132 -7.9167
v 184.7503 -44.3546 -7.9167
v 187.6608 -29.7225 -7.9167
v 189.4143 -14.9072 -7.9167
v 0.0000 0.0000 -7.9167
f 1 2 3
f 1 3 4
f 1 4 5
f 1 5 6
f 1 6 7
f 1 7 8
f 1 8 9
f 1 9 10
f 1 10 11
f 1 11 12
f 1 12 13
f 1 13 14
f 1 14 15
f 1 15 16
f 1 16 17
f 1 17 18
f 1 18 19
f 1 19 20
f 1 20 21
f 1 21 22
f 1 22 23
f 1 23 24
f 1 24 25
f 1 25 26
f 1 26 27
f 1 27 28
f 1 28 29
f 1 29 30
f 1 30 31
f 1 31 32
f 1 32 33
f 1 33 34
f 1 34 35
f 1 35 36
f 1 36 37
f 1 37 38
f 1 38 39
f 1 39 40
f 1 40 41
f 1 41 42
f 1 42 43
f 1 43 44
f 1 44 45
f 1 45 46
f 1 46 47
f 1 47 48
f 1 48 49
f 1 49 50
f 1 50 51
f 1 51 52
f 1 52 53
f 1 53 54
f 1 54 55
f 1 55 56
f 1 56 57
f 1 57 58
f 1 58 59
f 1 59 60
f 1 60 61
f 1 61 62
f 1 62 63
f 1 63 64
f 1 64 65
f 1 65 66
f 1 66 67
f 1 67 68
f 1 68 69
f 1 69 70
f 1 70 71
f 1 71 72
f 1 72 73
f 1 73 74
f 1 74 75
f 1 75 76
f 1 76 77
f 1 77 78
f 1 78 79
f 1 79 80
f 1 80 81
f 1 81 2
f 2 3 83 82
f 3 4 84 83
f 4 5 85 84
f 5 6 86 85
f 6 7 87 86
f 7 8 88 87
f 8 9 89 88
f 9 10 90 89
f 10 11 91 90
f 11 12 92 91
f 12 13 93 92
f 13 14 94 93
f 14 15 95 94
f 15 16 96 95
f 16 17 97 96
f 17 18 98 97
f 18 19 99 98
f 19 20 100 99
f 20 21 101 100
f 21 22 102 101
f 22 23 103 102
f 23 24 104 103
f 24 25 105 104
f 25 26 106 105
f 26 27 107 106
f 27 28 108 107
f 28 29 109 108
f 29 30 110 109
f 30 31 111 110
f 31 32 112 111
f 32 33 113 112
f 33 34 114 113
f 34 35 115 114
f 35 36 116 115
f 36 37 117 116
f 37 38 118 117
f 38 39 119 118
f 39 40 120 119
f 40 41 121 120
f 41 42 122 121
f 42 43 123 122
f 43 44 124 123
f 44 45 125 124
f 45 46 126 125
f 46 47 127 126
f 47 48 128 127
f 48 49 129 128
f 49 50 130 129
f 50 51 131 130
f 51 52 132 131
f 52 53 133 132
f 53 54 134 133
f 54 55 135 134
f 55 56 136 135
f 56 57 137 136
f 57 58 138 137
f 58 59 139 138
f 59 60 140 139
f 60 61 141 140
f 61 62 142 141
f 62 63 143 142
f 63 64 144 143
f 64 65 145 144
f 65 66 146 145
f 66 67 147 146
f 67 68 148 147
f 68 69 149 148
f 69 70 150 149
f 70 71 151 150
f 71 72 152 151
f 72 73 153 152
f 73 74 154 153
f 74 75 155 154
f 75 76 156 155
f 76 77 157 156
f 77 78 158 157
f 78 79 159 158
f 79 80 160 159
f 80 81 161 160
f 81 2 82 161
f 82 83 163 162
f 83 84 164 163
f 84 85 165 164
f 85 86 166 165
f 86 87 167 166
f 87 88 168 167
f 88 89 169 168
f 89 90 170 169
f 90 91 171 170
f 91 92 172 171
f 92 93 173 172
f 93 94 174 173
f 94 95 175 174
f 95 96 176 175
f 96 97 177 176
f 97 98 178 177
f 98 99 179 178
f 99 100 180 179
f 100 101 181 180
f 101 102 182 181
f 102 103 183 182
f 103 104 184 183
f 104 105 185 184
f 105 106 186 185
f 106 107 187 186
f 107 108 188 187
f 108 109 189 188
f 109 110 190 189
f 110 111 191 190
f 111 112 192 191
f 112 113 193 192
f 113 114 194 193
f 114 115 195 194
f 115 116 196 195
f 116 117 197 196
f 117 118 198 197
f 118 119 199 198
f 119 120 200 199
f 120 121 201 200
f 121 122 202 201
f 122 123 203 202
f 123 124 204 203
f 124 125 205 204
f 125 126 206 205
f 126 127 207 206
f 127 128 208 207
f 128 129 209 208
f 129 130 210 209
f 130 131 211 210
f 131 132 212 211
f 132 133 213 212
f 133 134 214 213
f 134 135 215 214
f 135 136 216 215
f 136 137 217 216
f 137 138 218 217
f 138 139 219 218
f 139 140 220 219
f 140 141 221 220
f 141 142 222 221
f 142 143 223 222
f 143 144 224 223
f 144 145 225 224
f 145 146 226 225
f 146 147 227 226
f 147 148 228 227
f 148 149 229 228
f 149 150 230 229
f 150 151 231 230
f 151 152 232 231
f 152 153 233 232
f 153 154 234 233
f 154 155 235 234
f 155 156 236 235
f 156 157 237 236
f 157 158 238 237
f 158 159 239 238
f 159 160 240 239
f 160 161 241 240
f 161 82 162 241
f 162 163 243 242
f 163 164 244 243
f 164 165 245 244
f 165 166 246 245
f 166 167 247 246
f 167 168 248 247
f 168 169 249 248
f 169 170 250 249
f 170 171 251 250
f 171 172 252 251
f 172 173 253 252
f 173 174 254 253
f 174 175 255 254
f 175 176 256 255
f 176 177 257 256
f 177 178 258 257
f 178 179 259 258
f 179 180 260 259
f 180 181 261 260
f 181 182 262 261
f 182 183 263 262
f 183 184 264 263
f 184 185 265 264
f 185 186 266 265
f 186 187 267 266
f 187 188 268 267
f 188 189 269 268
f 189 190 270 269
f 190 191 271 270
f 191 192 272 271
f 192 193 273 272
f 193 194 274 273
f 194 195 275 274
f 195 196 276 275
f 196 197 277 276
f 197 198 278 277
f 198 199 279 278
f 199 200 280 279
f 200 201 281 280
f 201 202 282 281
f 202 203 283 282
f 203 204 284 283
f 204 205 285 284
f 205 206 286 285
f 206 207 287 286
f 207 208 288 287
f 208 209 289 288
f 209 210 290 289
f 210 211 291 290
f 211 212 292 291
f 212 213 293 292
f 213 214 294 293
f 214 215 295 294
f 215 216 296 295
f 216 217 297 296
f 217 218 298 297
f 218 219 299 298
f 219 220 300 299
f 220 221 301 300
f 221 222 302 301
f 222 223 303 302
f 223 224 304 303
f 224 225 305 304
f 225 226 306 305
f 226 227 307 306
f 227 228 308 307
f 228 229 309 308
f 229 230 310 309
f 230 231 311 310
f 231 232 312 311
f 232 233 313 312
f 233 234 314 313
f 234 235 315 314
f 235 236 316 315
f 236 237 317 316
f 237 238 318 317
f 238 239 319 318
f 239 240 320 319
f 240 241 321 320
f 241 162 242 321
f 242 243 323 322
f 243 244 324 323
f 244 245 325 324
f 245 246 326 325
f 246 247 327 326
f 247 248 328 327
f 248 249 329 328
f 249 250 330 329
f 250 251 331 330
f 251 252 332 331
f 252 253 333 332
f 253 254 334 333
f 254 255 335 334
f 255 256 336 335
f 256 257 337 336
f 257 258 338 337
f 258 259 339 338
f 259 260 340 339
f 260 261 341 340
f 261 262 342 341
f 262 263 343 342
f 263 264 344 343
f 264 265 345 344
f 265 266 346 345
f 266 267 347 346
f 267 268 348 347
f 268 269 349 348
f 269 270 350 349
f 270 271 351 350
f 271 272 352 351
f 272 273 353 352
f 273 274 354 353
f 274 275 355 354
f 275 276 356 355
f 276 277 357 356
f 277 278 358 357
f 278 279 359 358
f 279 280 360 359
f 280 281 361 360
f 281 282 362 361
f 282 283 363 362
f 283 284 364 363
f 284 285 365 364
f 285 286 366 365
f 286 287 367 366
f 287 288 368 367
f 288 289 369 368
f 289 290 370 369
f 290 291 371 370
f 291 292 372 371
f 292 293 373 372
f 293 294 374 373
f 294 295 375 374
f 295 296 376 375
f 296 297 377 376
f 297 298 378 377
f 298 299 379 378
f 299 300 380 379
f 300 301 381 380
f 301 302 382 381
f 302 303 383 382
f 303 304 384 383
f 304 305 385 384
f 305 306 386 385
f 306 307 387 386
f 307 308 388 387
f 308 309 389 388
f 309 310 390 389
f 310 311 391 390
f 311 312 392 391
f 312 313 393 392
f 313 314 394 393
f 314 315 395 394
f 315 316 396 395
f 316 317 397 396
f 317 318 398 397
f 318 319 399 398
f 319 320 400 399
f 320 321 401 400
f 321 242 322 401
f 322 323 403 402
f 323 324 404 403
f 324 325 405 404
f 325 326 406 405
f 326 327 407 406
f 327 328 408 407
f 328 329 409 408
f 329 330 410 409
f 330 331 411 410
f 331 332 412 411
f 332 333 413 412
f 333 334 414 413
f 334 335 415 414
f 335 336 416 415
f 336 337 417 416
f 337 338 418 417
f 338 339 419 418
f 339 340 420 419
f 340 341 421 420
f 341 342 422 421
f 342 343 423 422
f 343 344 424 423
f 344 345 425 424
f 345 346 426 425
f 346 347 427 426
f 347 348 428 427
f 348 349 429 428
f 349 350 430 429
f 350 351 431 430
f 351 352 432 431
f 352 353 433 432
f 353 354 434 433
f 354 355 435 434
f 355 356 436 435
f 356 357 437 436
f 357 358 438 437
f 358 359 439 438
f 359 360 440 439
f 360 361 441 440
f 361 362 442 441
f 362 363 443 442
f 363 364 444 443
f 364 365 445 444
f 365 366 446 445
f 366 367 447 446
f 367 368 448 447
f 368 369 449 448
f 369 370 450 449
f 370 371 451 450
f 371 372 452 451
f 372 373 453 452
f 373 374 454 453
f 374 375 455 454
f 375 376 456 455
f 376 377 457 456
f 377 378 458 457
f 378 379 459 458
f 379 380 460 459
f 380 381 461 460
f 381 382 462 461
f 382 383 463 462
f 383 384 464 463
f 384 385 465 464
f 385 386 466 465
f 386 387 467 466
f 387 388 468 467
f 388 389 469 468
f 389 390 470 469
f 390 391 471 470
f 391 392 472 471
f 392 393 473 472
f 393 394 474 473
f 394 395 475 474
f 395 396 476 475
f 396 397 477 476
f 397 398 478 477
f 398 399 479 478
f 399 400 480 479
f 400 401 481 480
f 401 322 402 481
f 402 403 483 482
f 403 404 484 483
f 404 405 485 484
f 405 406 486 485
f 406 407 487 486
f 407 408 488 487
f 408 409 489 488
f 409 410 490 489
f 410 411 491 490
f 411 412 492 491
f 412 413 493 492
f 413 414 494 493
f 414 415 495 494
f 415 416 496 495
f 416 417 497 496
f 417 418 498 497
f 418 419 499 498
f 419 420 500 499
f 420 421 501 500
f 421 422 502 501
f 422 423 503 502
f 423 424 504 503
f 424 425 505 504
f 425 426 506 505
f 426 427 507 506
f 427 428 508 507
f 428 429 509 508
f 429 430 510 509
f 430 431 511 510
f 431 432 512 511
f 432 433 513 512
f 433 434 514 513
f 434 435 515 514
f 435 436 516 515
f 436 437 517 516
f 437 438 518 517
f 438 439 519 518
f 439 440 520 519
f 440 441 521 520
f 441 442 522 521
f 442 443 523 522
f 443 444 524 523
f 444 445 525 524
f 445 446 526 525
f 446 447 527 526
f 447 448 528 527
f 448 449 529 528
f 449 450 530 529
f 450 451 531 530
f 451 452 532 531
f 452 453 533 532
f 453 454 534 533
f 454 455 535 534
f 455 456 536 535
f 456 457 537 536
f 457 458 538 537
f 458 459 539 538
f 459 460 540 539
f 460 461 541 540
f 461 462 542 541
f 462 463 543 542
f 463 464 544 543
f 464 465 545 544
f 465 466 546 545
f 466 467 547 546
f 467 468 548 547
f 468 469 549 548
f 469 470 550 549
f 470 471 551 550
f 471 472 552 551
f 472 473 553 552
f 473 474 554 553
f 474 475 555 554
f 475 476 556 555
f 476 477 557 556
f 477 478 558 557
f 478 479 559 558
f 479 480 560 559
f 480 481 561 560
f 481 402 482 561
f 482 483 563 562
f 483 484 564 563
f 484 485 565 564
f 485 486 566 565
f 486 487 567 566
f 487 488 568 567
f 488 489 569 568
f 489 490 570 569
f 490 491 571 570
f 491 492 572 571
f 492 493 573 572
f 493 494 574 573
f 494 495 575 574
f 495 496 576 575
f 496 497 577 576
f 497 498 578 577
f 498 499 579 578
f 499 500 580 579
f 500 501 581 580
f 501 502 582 581
f 502 503 583 582
f 503 504 584 583
f 504 505 585 584
f 505 506 586 585
f 506 507 587 586
f 507 508 588 587
f 508 509 589 588
f 509 510 590 589
f 510 511 591 590
f 511 512 592 591
f 512 513 593 592
f 513 514 594 593
f 514 515 595 594
f 515 516 596 595
f 516 517 597 596
f 517 518 598 597
f 518 519 599 598
f 519 520 600 599
f 520 521 601 600
f 521 522 602 601
f 522 523 603 602
f 523 524 604 603
f 524 525 605 604
f 525 526 606 605
f 526 527 607 606
f 527 528 608 607
f 528 529 609 608
f 529 530 610 609
f 530 531 611 610
f 531 532 612 611
f 532 533 613 612
f 533 534 614 613
f 534 535 615 614
f 535 536 616 615
f 536 537 617 616
f 537 538 618 617
f 538 539 619 618
f 539 540 620 619
f 540 541 621 620
f 541 542 622 621
f 542 543 623 622
f 543 544 624 623
f 544 545 625 624
f 545 546 626 625
f 546 547 627 626
f 547 548 628 627
f 548 549 629 628
f 549 550 630 629
f 550 551 631 630
f 551 552 632 631
f 552 553 633 632
f 553 554 634 633
f 554 555 635 634
f 555 556 636 635
f 556 557 637 636
f 557 558 638 637
f 558 559 639 638
f 559 560 640 639
f 560 561 641 640
f 561 482 562 641
f 562 563 643 642
f 563 564 644 643
f 564 565 645 644
f 565 566 646 645
f 566 567 647 646
f 567 568 648 647
f 568 569 649 648
f 569 570 650 649
f 570 571 651 650
f 571 572 652 651
f 572 573 653 652
f 573 574 654 653
f 574 575 655 654
f 575 576 656 655
f 576 577 657 656
f 577 578 658 657
f 578 579 659 658
f 579 580 660 659
f 580 581 661 660
f 581 582 662 661
f 582 583 663 662
f 583 584 664 663
f 584 585 665 664
f 585 586 666 665
f 586 587 667 666
f 587 588 668 667
f 588 589 669 668
f 589 590 670 669
f 590 591 671 670
f 591 592 672 671
f 592 593 673 672
f 593 594 674 673
f 594 595 675 674
f 595 596 676 675
f 596 597 677 676
f 597 598 678 677
f 598 599 679 678
f 599 600 680 679
f 600 601 681 680
f 601 602 682 681
f 602 603 683 682
f 603 604 684 683
f 604 605 685 684
f 605 606 686 685
f 606 607 687 686
f 607 608 688 687
f 608 609 689 688
f 609 610 690 689
f 610 611 691 690
f 611 612 692 691
f 612 613 693 692
f 613 614 694 693
f 614 615 695 694
f 615 616 696 695
f 616 617 697 696
f 617 618 698 697
f 618 619 699 698
f 619 620 700 699
f 620 621 701 700
f 621 622 702 701
f 622 623 703 702
f 623 624 704 703
f 624 625 705 704
f 625 626 706 705
f 626 627 707 706
f 627 628 708 707
f 628 629 709 708
f 629 630 710 709
f 630 631 711 710
f 631 632 712 711
f 632 633 713 712
f 633 634 714 713
f 634 635 715 714
f 635 636 716 715
f 636 637 717 716
f 637 638 718 717
f 638 639 719 718
f 639 640 720 719
f 640 641 721 720
f 641 562 642 721
f 642 643 723 722
f 643 644 724 723
f 644 645 725 724
f 645 646 726 725
f 646 647 727 726
f 647 648 728 727
f 648 649 729 728
f 649 650 730 729
f 650 651 731 730
f 651 652 732 731
f 652 653 733 732
f 653 654 734 733
f 654 655 735 734
f 655 656 736 735
f 656 657 737 736
f 657 658 738 737
f 658 659 739 738
f 659 660 740 739
f 660 661 741 740
f 661 662 742 741
f 662 663 743 742
f 663 664 744 743
f 664 665 745 744
f 665 666 746 745
f 666 667 747 746
f 667 668 748 747
f 668 669 749 748
f 669 670 750 749
f 670 671 751 750
f 671 672 752 751
f 672 673 753 752
f 673 674 754 753
f 674 675 755 754
f 675 676 756 755
f 676 677 757 756
f 677 678 758 757
f 678 679 759 758
f 679 680 760 759
f 680 681 761 760
f 681 682 762 761
f 682 683 763 762
f 683 684 764 763
f 684 685 765 764
f 685 686 766 765
f 686 687 767 766
f 687 688 768 767
f 688 689 769 768
f 689 690 770 769
f 690 691 771 770
f 691 692 772 771
f 692 693 773 772
f 693 694 774 773
f 694 695 775 774
f 695 696 776 775
f 696 697 777 776
f 697 698 778 777
f 698 699 779 778
f 699 700 780 779
f 700 701 781 780
f 701 702 782 781
f 702 703 783 782
f 703 704 784 783
f 704 705 785 784
f 705 706 786 785
f 706 707 787 786
f 707 708 788 787
f 708 709 789 788
f 709 710 790 789
f 710 711 791 790
f 711 712 792 791
f 712 713 793 792
f 713 714 794 793
f 714 715 795 794
f 715 716 796 795
f 716 717 797 796
f 717 718 798 797
f 718 719 799 798
f 719 720 800 799
f 720 721 801 800
f 721 642 722 801
f 722 723 803 802
f 723 724 804 803
f 724 725 805 804
f 725 726 806 805
f 726 727 807 806
f 727 728 808 807
f 728 729 809 808
f 729 730 810 809
f 730 731 811 810
f 731 732 812 811
f 732 733 813 812
f 733 734 814 813
f 734 735 815 814
f 735 736 816 815
f 736 737 817 816
f 737 738 818 817
f 738 739 819 818
f 739 740 820 819
f 740 741 821 820
f 741 742 822 821
f 742 743 823 822
f 743 744 824 823
f 744 745 825 824
f 745 746 826 825
f 746 747 827 826
f 747 748 828 827
f 748 749 829 828
f 749 750 830 829
f 750 751 831 830
f 751 752 832 831
f 752 753 833 832
f 753 754 834 833
f 754 755 835 834
f 755 756 836 835
f 756 757 837 836
f 757 758 838 837
f 758 759 839 838
f 759 760 840 839
f 760 761 841 840
f 761 762 842 841
f 762 763 843 842
f 763 764 844 843
f 764 765 845 844
f 765 766 846 845
f 766 767 847 846
f 767 768 848 847
f 768 769 849 848
f 769 770 850 849
f 770 771 851 850
f 771 772 852 851
f 772 773 853 852
f 773 774 854 853
f 774 775 855 854
f 775 776 856 855
f 776 777 857 856
f 777 778 858 857
f 778 779 859 858
f 779 780 860 859
f 780 781 861 860
f 781 782 862 861
f 782 783 863 862
f 783 784 864 863
f 784 785 865 864
f 785 786 866 865
f 786 787 867 866
f 787 788 868 867
f 788 789 869 868
f 789 790 870 869
f 790 791 871 870
f 791 792 872 871
f 792 793 873 872
f 793 794 874 873
f 794 795 875 874
f 795 796 876 875
f 796 797 877 876
f 797 798 878 877
f 798 799 879 878
f 799 800 880 879
f 800 801 881 880
f 801 722 802 881
f 802 803 883 882
f 803 804 884 883
f 804 805 885 884
f 805 806 886 885
f 806 807 887 886
f 807 808 888 887
f 808 809 889 888
f 809 810 890 889
f 810 811 891 890
f 811 812 892 891
f 812 813 893 892
f 813 814 894 893
f 814 815 895 894
f 815 816 896 895
f 816 817 897 896
f 817 818 898 897
f 818 819 899 898
f 819 820 900 899
f 820 821 901 900
f 821 822 902 901
f 822 823 903 902
f 823 824 904 903
f 824 825 905 904
f 825 826 906 905
f 826 827 907 906
f 827 828 908 907
f 828 829 909 908
f 829 830 910 909
f 830 831 911 910
f 831 832 912 911
f 832 833 913 912
f 833 834 914 913
f 834 835 915 914
f 835 836 916 915
f 836 837 917 916
f 837 838 918 917
f 838 839 919 918
f 839 840 920 919
f 840 841 921 920
f 841 842 922 921
f 842 843 923 922
f 843 844 924 923
f 844 845 925 924
f 845 846 926 925
f 846 847 927 926
f 847 848 928 927
f 848 849 929 928
f 849 850 930 929
f 850 851 931 930
f 851 852 932 931
f 852 853 933 932
f 853 854 934 933
f 854 855 935 934
f 855 856 936 935
f 856 857 937 936
f 857 858 938 937
f 858 859 939 938
f 859 860 940 939
f 860 861 941 940
f 861 862 942 941
f 862 863 943 942
f 863 864 944 943
f 864 865 945 944
f 865 866 946 945
f 866 867 947 946
f 867 868 948 947
f 868 869 949 948
f 869 870 950 949
f 870 871 951 950
f 871 872 952 951
f 872 873 953 952
f 873 874 954 953
f 874 875 955 954
f 875 876 956 955
f 876 877 957 956
f 877 878 958 957
f 878 879 959 958
f 879 880 960 959
f 880 881 961 960
f 881 802 882 961
f 882 883 963 962
f 883 884 964 963
f 884 885 965 964
f 885 886 966 965
f 886 887 967 966
f 887 888 968 967
f 888 889 969 968
f 889 890 970 969
f 890 891 971 970
f 891 892 972 971
f 892 893 973 972
f 893 894 974 973
f 894 895 975 974
f 895 896 976 975
f 896 897 977 976
f 897 898 978 977
f 898 899 979 978
f 899 900 980 979
f 900 901 981 980
f 901 902 982 981
f 902 903 983 982
f 903 904 984 983
f 904 905 985 984
f 905 906 986 985
f 906 907 987 986
f 907 908 988 987
f 908 909 989 988
f 909 910 990 989
f 910 911 991 990
f 911 912 992 991
f 912 913 993 992
f 913 914 994 993
f 914 915 995 994
f 915 916 996 995
f 916 917 997 996
f 917 918 998 997
f 918 919 999 998
f 919 920 1000 999
f 920 921 1001 1000
f 921 922 1002 1001
f 922 923 1003 1002
f 923 924 1004 1003
f 924 925 1005 1004
f 925 926 1006 1005
f 926 927 1007 1006
f 927 928 1008 1007
f 928 929 1009 1008
f 929 930 1010 1009
f 930 931 1011 1010
f 931 932 1012 1011
f 932 933 1013 1012
f 933 934 1014 1013
f 934 935 1015 1014
f 935 936 1016 1015
f 936 937 1017 1016
f 937 938 1018 1017
f 938 939 1019 1018
f 939 940 1020 1019
f 940 941 1021 1020
f 941 942 1022 1021
f 942 943 1023 1022
f 943 944 1024 1023
f 944 945 1025 1024
f 945 946 1026 1025
f 946 947 1027 1026
f 947 948 1028 1027
f 948 949 1029 1028
f 949 950 1030 1029
f 950 951 1031 1030
f 951 952 1032 1031
f 952 953 1033 1032
f 953 954 1034 1033
f 954 955 1035 1034
f 955 956 1036 1035
f 956 957 1037 1036
f 957 958 1038 1037
f 958 959 1039 1038
f 959 960 1040 1039
f 960 961 1041 1040
f 961 882 962 1041
f 962 963 1043 1042
f 963 964 1044 1043
f 964 965 1045 1044
f 965 966 1046 1045
f 966 967 1047 1046
f 967 968 1048 1047
f 968 969 1049 1048
f 969 970 1050 1049
f 970 971 1051 1050
f 971 972 1052 1051
f 972 973 1053 1052
f 973 974 1054 1053
f 974 975 1055 1054
f 975 976 1056 1055
f 976 977 1057 1056
f 977 978 1058 1057
f 978 979 1059 1058
f 979 980 1060 1059
f 980 981 1061 1060
f 981 982 1062 1061
f 982 983 1063 1062
f 983 984 1064 1063
f 984 985 1065 1064
f 985 986 1066 1065
f 986 987 1067 1066
f 987 988 1068 1067
f 988 989 1069 1068
f 989 990 1070 1069
f 990 991 1071 1070
f 991 992 1072 1071
f 992 993 1073 1072
f 993 994 1074 1073
f 994 995 1075 1074
f 995 996 1076 1075
f 996 997 1077 1076
f 997 998 1078 1077
f 998 999 1079 1078
f 999 1000 1080 1079
f 1000 1001 1081 1080
f 1001 1002 1082 1081
f 1002 1003 1083 1082
f 1003 1004 1084 1083
f 1004 1005 1085 1084
f 1005 1006 1086 1085
f 1006 1007 1087 1086
f 1007 1008 1088 1087
f 1008 1009 1089 1088
f 1009 1010 1090 1089
f 1010 1011 1091 1090
f 1011 1012 1092 1091
f 1012 1013 1093 1092
f 1013 1014 1094 1093
f 1014 1015 1095 1094
f 1015 1016 1096 1095
f 1016 1017 1097 1096
f 1017 1018 1098 1097
f 1018 1019 1099 1098
f 1019 1020 1100 1099
f 1020 1021 1101 1100
f 1021 1022 1102 1101
f 1022 1023 1103 1102
f 1023 1024 1104 1103
f 1024 1025 1105 1104
f 1025 1026 1106 1105
f 1026 1027 1107 1106
f 1027 1028 1108 1107
f 1028 1029 1109 1108
f 1029 1030 1110 1109
f 1030 1031 1111 1110
f 1031 1032 1112 1111
f 1032 1033 1113 1112
f 1033 1034 1114 1113
f 1034 1035 1115 1114
f 1035 1036 1116 1115
f 1036 1037 1117 1116
f 1037 1038 1118 1117
f 1038 1039 1119 1118
f 1039 1040 1120 1119
f 1040 1041 1121 1120
f 1041 962 1042 1121
f 1042 1043 1123 1122
f 1043 1044 1124 1123
f 1044 1045 1125 1124
f 1045 1046 1126 1125
f 1046 1047 1127 1126
f 1047 1048 1128 1127
f 1048 1049 1129 1128
f 1049 1050 1130 1129
f 1050 1051 1131 1130
f 1051 1052 1132 1131
f 1052 1053 1133 1132
f 1053 1054 1134 1133
f 1054 1055 1135 1134
f 1055 1056 1136 1135
f 1056 1057 1137 1136
f 1057 1058 1138 1137
f 1058 1059 1139 1138
f 1059 1060 1140 1139
f 1060 1061 1141 1140
f 1061 1062 1142 1141
f 1062 1063 1143 1142
f 1063 1064 1144 1143
f 1064 1065 1145 1144
f 1065 1066 1146 1145
f 1066 1067 1147 1146
f 1067 1068 1148 1147
f 1068 1069 1149 1148
f 1069 1070 1150 1149
f 1070 1071 1151 1150
f 1071 1072 1152 1151
f 1072 1073 1153 1152
f 1073 1074 1154 1153
f 1074 1075 1155 1154
f 1075 1076 1156 1155
f 1076 1077 1157 1156
f 1077 1078 1158 1157
f 1078 1079 1159 1158
f 1079 1080 1160 1159
f 1080 1081 1161 1160
f 1081 1082 1162 1161
f 1082 1083 1163 1162
f 1083 1084 1164 1163
f 1084 1085 1165 1164
f 1085 1086 1166 1165
f 1086 1087 1167 1166
f 1087 1088 1168 1167
f 1088 1089 1169 1168
f 1089 1090 1170 1169
f 1090 1091 1171 1170
f 1091 1092 1172 1171
f 1092 1093 1173 1172
f 1093 1094 1174 1173
f 1094 1095 1175 1174
f 1095 1096 1176 1175
f 1096 1097 1177 1176
f 1097 1098 1178 1177
f 1098 1099 1179 1178
f 1099 1100 1180 1179
f 1100 1101 1181 1180
f 1101 1102 1182 1181
f 1102 1103 1183 1182
f 1103 1104 1184 1183
f 1104 1105 1185 1184
f 1105 1106 1186 1185
f 1106 1107 1187 1186
f 1107 1108 1188 1187
f 1108 1109 1189 1188
f 1109 1110 1190 1189
f 1110 1111 1191 1190
f 1111 1112 1192 1191
f 1112 1113 1193 1192
f 1113 1114 1194 1193
f 1114 1115 1195 1194
f 1115 1116 1196 1195
f 1116 1117 1197 1196
f 1117 1118 1198 1197
f 1118 1119 1199 1198
f 1119 1120 1200 1199
f 1120 1121 1201 1200
f 1121 1042 1122 1201
f 1122 1123 1203 1202
f 1123 1124 1204 1203
f 1124 1125 1205 1204
f 1125 1126 1206 1205
f 1126 1127 1207 1206
f 1127 1128 1208 1207
f 1128 1129 1209 1208
f 1129 1130 1210 1209
f 1130 1131 1211 1210
f 1131 1132 1212 1211
f 1132 1133 1213 1212
f 1133 1134 1214 1213
f 1134 1135 1215 1214
f 1135 1136 1216 1215
f 1136 1137 1217 1216
f 1137 1138 1218 1217
f 1138 1139 1219 1218
f 1139 1140 1220 1219
f 1140 1141 1221 1220
f 1141 1142 1222 1221
f 1142 1143 1223 1222
f 1143 1144 1224 1223
f 1144 1145 1225 1224
f 1145 1146 1226 1225
f 1146 1147 1227 1226
f 1147 1148 1228 1227
f 1148 1149 1229 1228
f 1149 1150 1230 1229
f 1150 1151 1231 1230
f 1151 1152 1232 1231
f 1152 1153 1233 1232
f 1153 1154 1234 1233
f 1154 1155 1235 1234
f 1155 1156 1236 1235
f 1156 1157 1237 1236
f 1157 1158 1238 1237
f 1158 1159 1239 1238
f 1159 1160 1240 1239
f 1160 1161 1241 1240
f 1161 1162 1242 1241
f 1162 1163 1243 1242
f 1163 1164 1244 1243
f 1164 1165 1245 1244
f 1165 1166 1246 1245
f 1166 1167 1247 1246
f 1167 1168 1248 1247
f 1168 1169 1249 1248
f 1169 1170 1250 1249
f 1170 1171 1251 1250
f 1171 1172 1252 1251
f 1172 1173 1253 1252
f 1173 1174 1254 1253
f 1174 1175 1255 1254
f 1175 1176 1256 1255
f 1176 1177 1257 1256
f 1177 1178 1258 1257
f 1178 1179 1259 1258
f 1179 1180 1260 1259
f 1180 1181 1261 1260
f 1181 1182 1262 1261
f 1182 1183 1263 1262
f 1183 1184 1264 1263
f 1184 1185 1265 1264
f 1185 1186 1266 1265
f 1186 1187 1267 1266
f 1187 1188 1268 1267
f 1188 1189 1269 1268
f 1189 1190 1270 1269
f 1190 1191 1271 1270
f 1191 1192 1272 1271
f 1192 1193 1273 1272
f 1193 1194 1274 1273
f 1194 1195 1275 1274
f 1195 1196 1276 1275
f 1196 1197 1277 1276
f 1197 1198 1278 1277
f 1198 1199 1279 1278
f 1199 1200 1280 1279
f 1200 1201 1281 1280
f 1201 1122 1202 1281
f 1202 1203 1283 1282
f 1203 1204 1284 1283
f 1204 1205 1285 1284
f 1205 1206 1286 1285
f 1206 1207 1287 1286
f 1207 1208 1288 1287
f 1208 1209 1289 1288
f 1209 1210 1290 1289
f 1210 1211 1291 1290
f 1211 1212 1292 1291
f 1212 1213 1293 1292
f 1213 1214 1294 1293
f 1214 1215 1295 1294
f 1215 1216 1296 1295
f 1216 1217 1297 1296
f 1217 1218 1298 1297
f 1218 1219 1299 1298
f 1219 1220 1300 1299
f 1220 1221 1301 1300
f 1221 1222 1302 1301
f 1222 1223 1303 1302
f 1223 1224 1304 1303
f 1224 1225 1305 1304
f 1225 1226 1306 1305
f 1226 1227 1307 1306
f 1227 1228 1308 1307
f 1228 1229 1309 1308
f 1229 1230 1310 1309
f 1230 1231 1311 1310
f 1231 1232 1312 1311
f 1232 1233 1313 1312
f 1233 1234 1314 1313
f 1234 1235 1315 1314
f 1235 1236 1316 1315
f 1236 1237 1317 1316
f 1237 1238 1318 1317
f 1238 1239 1319 1318
f 1239 1240 1320 1319
f 1240 1241 1321 1320
f 1241 1242 1322 1321
f 1242 1243 1323 1322
f 1243 1244 1324 1323
f 1244 1245 1325 1324
f 1245 1246 1326 1325
f 1246 1247 1327 1326
f 1247 1248 1328 1327
f 1248 1249 1329 1328
f 1249 1250 1330 1329
f 1250 1251 1331 1330
f 1251 1252 1332 1331
f 1252 1253 1333 1332
f 1253 1254 1334 1333
f 1254 1255 1335 1334
f 1255 1256 1336 1335
f 1256 1257 1337 1336
f 1257 1258 1338 1337
f 1258 1259 1339 1338
f 1259 1260 1340 1339
f 1260 1261 1341 1340
f 1261 1262 1342 1341
f 1262 1263 1343 1342
f 1263 1264 1344 1343
f 1264 1265 1345 1344
f 1265 1266 1346 1345
f 1266 1267 1347 1346
f 1267 1268 1348 1347
f 1268 1269 1349 1348
f 1269 1270 1350 1349
f 1270 1271 1351 1350
f 1271 1272 1352 1351
f 1272 1273 1353 1352
f 1273 1274 1354 1353
f 1274 1275 1355 1354
f 1275 1276 1356 1355
f 1276 1277 1357 1356
f 1277 1278 1358 1357
f 1278 1279 1359 1358
f 1279 1280 1360 1359
f 1280 1281 1361 1360
f 1281 1202 1282 1361
f 1282 1283 1363 1362
f 1283 1284 1364 1363
f 1284 1285 1365 1364
f 1285 1286 1366 1365
f 1286 1287 1367 1366
f 1287 1288 1368 1367
f 1288 1289 1369 1368
f 1289 1290 1370 1369
f 1290 1291 1371 1370
f 1291 1292 1372 1371
f 1292 1293 1373 1372
f 1293 1294 1374 1373
f 1294 1295 1375 1374
f 1295 1296 1376 1375
f 1296 1297 1377 1376
f 1297 1298 1378 1377
f 1298 1299 1379 1378
f 1299 1300 1380 1379
f 1300 1301 1381 1380
f 1301 1302 1382 1381
f 1302 1303 1383 1382
f 1303 1304 1384 1383
f 1304 1305 1385 1384
f 1305 1306 1386 1385
f 1306 1307 1387 1386
f 1307 1308 1388 1387
f 1308 1309 1389 1388
f 1309 1310 1390 1389
f 1310 1311 1391 1390
f 1311 1312 1392 1391
f 1312 1313 1393 1392
f 1313 1314 1394 1393
f 1314 1315 1395 1394
f 1315 1316 1396 1395
f 1316 1317 1397 1396
f 1317 1318 1398 1397
f 1318 1319 1399 1398
f 1319 1320 1400 1399
f 1320 1321 1401 1400
f 1321 1322 1402 1401
f 1322 1323 1403 1402
f 1323 1324 1404 1403
f 1324 1325 1405 1404
f 1325 1326 1406 1405
f 1326 1327 1407 1406
f 1327 1328 1408 1407
f 1328 1329 1409 1408
f 1329 1330 1410 1409
f 1330 1331 1411 1410
f 1331 1332 1412 1411
f 1332 1333 1413 1412
f 1333 1334 1414 1413
f 1334 1335 1415 1414
f 1335 1336 1416 1415
f 1336 1337 1417 1416
f 1337 1338 1418 1417
f 1338 1339 1419 1418
f 1339 1340 1420 1419
f 1340 1341 1421 1420
f 1341 1342 1422 1421
f 1342 1343 1423 1422
f 1343 1344 1424 1423
f 1344 1345 1425 1424
f 1345 1346 1426 1425
f 1346 1347 1427 1426
f 1347 1348 1428 1427
f 1348 1349 1429 1428
f 1349 1350 1430 1429
f 1350 1351 1431 1430
f 1351 1352 1432 1431
f 1352 1353 1433 1432
f 1353 1354 1434 1433
f 1354 1355 1435 1434
f 1355 1356 1436 1435
f 1356 1357 1437 1436
f 1357 1358 1438 1437
f 1358 1359 1439 1438
f 1359 1360 1440 1439
f 1360 1361 1441 1440
f 1361 1282 1362 1441
f 1362 1363 1443 1442
f 1363 1364 1444 1443
f 1364 1365 1445 1444
f 1365 1366 1446 1445
f 1366 1367 1447 1446
f 1367 1368 1448 1447
f 1368 1369 1449 1448
f 1369 1370 1450 1449
f 1370 1371 1451 1450
f 1371 1372 1452 1451
f 1372 1373 1453 1452
f 1373 1374 1454 1453
f 1374 1375 1455 1454
f 1375 1376 1456 1455
f 1376 1377 1457 1456
f 1377 1378 1458 1457
f 1378 1379 1459 1458
f 1379 1380 1460 1459
f 1380 1381 1461 1460
f 1381 1382 1462 1461
f 1382 1383 1463 1462
f 1383 1384 1464 1463
f 1384 1385 1465 1464
f 1385 1386 1466 1465
f 1386 1387 1467 1466
f 1387 1388 1468 1467
f 1388 1389 1469 1468
f 1389 1390 1470 1469
f 1390 1391 1471 1470
f 1391 1392 1472 1471
f 1392 1393 1473 1472
f 1393 1394 1474 1473
f 1394 1395 1475 1474
f 1395 1396 1476 1475
f 1396 1397 1477 1476
f 1397 1398 1478 1477
f 1398 1399 1479 1478
f 1399 1400 1480 1479
f 1400 1401 1481 1480
f 1401 1402 1482 1481
f 1402 1403 1483 1482
f 1403 1404 1484 1483
f 1404 1405 1485 1484
f 1405 1406 1486 1485
f 1406 1407 1487 1486
f 1407 1408 1488 1487
f 1408 1409 1489 1488
f 1409 1410 1490 1489
f 1410 1411 1491 1490
f 1411 1412 1492 1491
f 1412 1413 1493 1492
f 1413 1414 1494 1493
f 1414 1415 1495 1494
f 1415 1416 1496 1495
f 1416 1417 1497 1496
f 1417 1418 1498 1497
f 1418 1419 1499 1498
f 1419 1420 1500 1499
f 1420 1421 1501 1500
f 1421 1422 1502 1501
f 1422 1423 1503 1502
f 1423 1424 1504 1503
f 1424 1425 1505 1504
f 1425 1426 1506 1505
f 1426 1427 1507 1506
f 1427 1428 1508 1507
f 1428 1429 1509 1508
f 1429 1430 1510 1509
f 1430 1431 1511 1510
f 1431 1432 1512 1511
f 1432 1433 1513 1512
f 1433 1434 1514 1513
f 1434 1435 1515 1514
f 1435 1436 1516 1515
f 1436 1437 1517 1516
f 1437 1438 1518 1517
f 1438 1439 1519 1518
f 1439 1440 1520 1519
f 1440 1441 1521 1520
f 1441 1362 1442 1521
f 1442 1443 1523 1522
f 1443 1444 1524 1523
f 1444 1445 1525 1524
f 1445 1446 1526 1525
f 1446 1447 1527 1526
f 1447 1448 1528 1527
f 1448 1449 1529 1528
f 1449 1450 1530 1529
f 1450 1451 1531 1530
f 1451 1452 1532 1531
f 1452 1453 1533 1532
f 1453 1454 1534 1533
f 1454 1455 1535 1534
f 1455 1456 1536 1535
f 1456 1457 1537 1536
f 1457 1458 1538 1537
f 1458 1459 1539 1538
f 1459 1460 1540 1539
f 1460 1461 1541 1540
f 1461 1462 1542 1541
f 1462 1463 1543 1542
f 1463 1464 1544 1543
f 1464 1465 1545 1544
f 1465 1466 1546 1545
f 1466 1467 1547 1546
f 1467 1468 1548 1547
f 1468 1469 1549 1548
f 1469 1470 1550 1549
f 1470 1471 1551 1550
f 1471 1472 1552 1551
f 1472 1473 1553 1552
f 1473 1474 1554 1553
f 1474 1475 1555 1554
f 1475 1476 1556 1555
f 1476 1477 1557 1556
f 1477 1478 1558 1557
f 1478 1479 1559 1558
f 1479 1480 1560 1559
f 1480 1481 1561 1560
f 1481 1482 1562 1561
f 1482 1483 1563 1562
f 1483 1484 1564 1563
f 1484 1485 1565 1564
f 1485 1486 1566 1565
f 1486 1487 1567 1566
f 1487 1488 1568 1567
f 1488 1489 1569 1568
f 1489 1490 1570 1569
f 1490 1491 1571 1570
f 1491 1492 1572 1571
f 1492 1493 1573 1572
f 1493 1494 1574 1573
f 1494 1495 1575 1574
f 1495 1496 1576 1575
f 1496 1497 1577 1576
f 1497 1498 1578 1577
f 1498 1499 1579 1578
f 1499 1500 1580 1579
f 1500 1501 1581 1580
f 1501 1502 1582 1581
f 1502 1503 1583 1582
f 1503 1504 1584 1583
f 1504 1505 1585 1584
f 1505 1506 1586 1585
f 1506 1507 1587 1586
f 1507 1508 1588 1587
f 1508 1509 1589 1588
f 1509 1510 1590 1589
f 1510 1511 1591 1590
f 1511 1512 1592 1591
f 1512 1513 1593 1592
f 1513 1514 1594 1593
f 1514 1515 1595 1594
f 1515 1516 1596 1595
f 1516 1517 1597 1596
f 1517 1518 1598 1597
f 1518 1519 1599 1598
f 1519 1520 1600 1599
f 1520 1521 1601 1600
f 1521 1442 1522 1601
f 1522 1523 1603 1602
f 1523 1524 1604 1603
f 1524 1525 1605 1604
f 1525 1526 1606 1605
f 1526 1527 1607 1606
f 1527 1528 1608 1607
f 1528 1529 1609 1608
f 1529 1530 1610 1609
f 1530 1531 1611 1610
f 1531 1532 1612 1611
f 1532 1533 1613 1612
f 1533 1534 1614 1613
f 1534 1535 1615 1614
f 1535 1536 1616 1615
f 1536 1537 1617 1616
f 1537 1538 1618 1617
f 1538 1539 1619 1618
f 1539 1540 1620 1619
f 1540 1541 1621 1620
f 1541 1542 1622 1621
f 1542 1543 1623 1622
f 1543 1544 1624 1623
f 1544 1545 1625 1624
f 1545 1546 1626 1625
f 1546 1547 1627 1626
f 1547 1548 1628 1627
f 1548 1549 1629 1628
f 1549 1550 1630 1629
f 1550 1551 1631 1630
f 1551 1552 1632 1631
f 1552 1553 1633 1632
f 1553 1554 1634 1633
f 1554 1555 1635 1634
f 1555 1556 1636 1635
f 1556 1557 1637 1636
f 1557 1558 1638 1637
f 1558 1559 1639 1638
f 1559 1560 1640 1639
f 1560 1561 1641 1640
f 1561 1562 1642 1641
f 1562 1563 1643 1642
f 1563 1564 1644 1643
f 1564 1565 1645 1644
f 1565 1566 1646 1645
f 1566 1567 1647 1646
f 1567 1568 1648 1647
f 1568 1569 1649 1648
f 1569 1570 1650 1649
f 1570 1571 1651 1650
f 1571 1572 1652 1651
f 1572 1573 1653 1652
f 1573 1574 1654 1653
f 1574 1575 1655 1654
f 1575 1576 1656 1655
f 1576 1577 1657 1656
f 1577 1578 1658 1657
f 1578 1579 1659 1658
f 1579 1580 1660 1659
f 1580 1581 1661 1660
f 1581 1582 1662 1661
f 1582 1583 1663 1662
f 1583 1584 1664 1663
f 1584 1585 1665 1664
f 1585 1586 1666 1665
f 1586 1587 1667 1666
f 1587 1588 1668 1667
f 1588 1589 1669 1668
f 1589 1590 1670 1669
f 1590 1591 1671 1670
f 1591 1592 1672 1671
f 1592 1593 1673 1672
f 1593 1594 1674 1673
f 1594 1595 1675 1674
f 1595 1596 1676 1675
f 1596 1597 1677 1676
f 1597 1598 1678 1677
f 1598 1599 1679 1678
f 1599 1600 1680 1679
f 1600 1601 1681 1680
f 1601 1522 1602 1681
f 1602 1603 1683 1682
f 1603 1604 1684 1683
f 1604 1605 1685 1684
f 1605 1606 1686 1685
f 1606 1607 1687 1686
f 1607 1608 1688 1687
f 1608 1609 1689 1688
f 1609 1610 1690 1689
f 1610 1611 1691 1690
f 1611 1612 1692 1691
f 1612 1613 1693 1692
f 1613 1614 1694 1693
f 1614 1615 1695 1694
f 1615 1616 1696 1695
f 1616 1617 1697 1696
f 1617 1618 1698 1697
f 1618 1619 1699 1698
f 1619 1620 1700 1699
f 1620 1621 1701 1700
f 1621 1622 1702 1701
f 1622 1623 1703 1702
f 1623 1624 1704 1703
f 1624 1625 1705 1704
f 1625 1626 1706 1705
f 1626 1627 1707 1706
f 1627 1628 1708 1707
f 1628 1629 1709 1708
f 1629 1630 1710 1709
f 1630 1631 1711 1710
f 1631 1632 1712 1711
f 1632 1633 1713 1712
f 1633 1634 1714 1713
f 1634 1635 1715 1714
f 1635 1636 1716 1715
f 1636 1637 1717 1716
f 1637 1638 1718 1717
f 1638 1639 1719 1718
f 1639 1640 1720 1719
f 1640 1641 1721 1720
f 1641 1642 1722 1721
f 1642 1643 1723 1722
f 1643 1644 1724 1723
f 1644 1645 1725 1724
f 1645 1646 1726 1725
f 1646 1647 1727 1726
f 1647 1648 1728 1727
f 1648 1649 1729 1728
f 1649 1650 1730 1729
f 1650 1651 1731 1730
f 1651 1652 1732 1731
f 1652 1653 1733 1732
f 1653 1654 1734 1733
f 1654 1655 1735 1734
f 1655 1656 1736 1735
f 1656 1657 1737 1736
f 1657 1658 1738 1737
f 1658 1659 1739 1738
f 1659 1660 1740 1739
f 1660 1661 1741 1740
f 1661 1662 1742 1741
f 1662 1663 1743 1742
f 1663 1664 1744 1743
f 1664 1665 1745 1744
f 1665 1666 1746 1745
f 1666 1667 1747 1746
f 1667 1668 1748 1747
f 1668 1669 1749 1748
f 1669 1670 1750 1749
f 1670 1671 1751 1750
f 1671 1672 1752 1751
f 1672 1673 1753 1752
f 1673 1674 1754 1753
f 1674 1675 1755 1754
f 1675 1676 1756 1755
f 1676 1677 1757 1756
f 1677 1678 1758 1757
f 1678 1679 1759 1758
f 1679 1680 1760 1759
f 1680 1681 1761 1760
f 1681 1602 1682 1761
f 1682 1683 1763 1762
f 1683 1684 1764 1763
f 1684 1685 1765 1764
f 1685 1686 1766 1765
f 1686 1687 1767 1766
f 1687 1688 1768 1767
f 1688 1689 1769 1768
f 1689 1690 1770 1769
f 1690 1691 1771 1770
f 1691 1692 1772 1771
f 1692 1693 1773 1772
f 1693 1694 1774 1773
f 1694 1695 1775 1774
f 1695 1696 1776 1775
f 1696 1697 1777 1776
f 1697 1698 1778 1777
f 1698 1699 1779 1778
f 1699 1700 1780 1779
f 1700 1701 1781 1780
f 1701 1702 1782 1781
f 1702 1703 1783 1782
f 1703 1704 1784 1783
f 1704 1705 1785 1784
f 1705 1706 1786 1785
f 1706 1707 1787 1786
f 1707 1708 1788 1787
f 1708 1709 1789 1788
f 1709 1710 1790 1789
f 1710 1711 1791 1790
f 1711 1712 1792 1791
f 1712 1713 1793 1792
f 1713 1714 1794 1793
f 1714 1715 1795 1794
f 1715 1716 1796 1795
f 1716 1717 1797 1796
f 1717 1718 1798 1797
f 1718 1719 1799 1798
f 1719 1720 1800 1799
f 1720 1721 1801 1800
f 1721 1722 1802 1801
f 1722 1723 1803 1802
f 1723 1724 1804 1803
f 1724 1725 1805 1804
f 1725 1726 1806 1805
f 1726 1727 1807 1806
f 1727 1728 1808 1807
f 1728 1729 1809 1808
f 1729 1730 1810 1809
f 1730 1731 1811 1810
f 1731 1732 1812 1811
f 1732 1733 1813 1812
f 1733 1734 1814 1813
f 1734 1735 1815 1814
f 1735 1736 1816 1815
f 1736 1737 1817 1816
f 1737 1738 1818 1817
f 1738 1739 1819 1818
f 1739 1740 1820 1819
f 1740 1741 1821 1820
f 1741 1742 1822 1821
f 1742 1743 1823 1822
f 1743 1744 1824 1823
f 1744 1745 1825 1824
f 1745 1746 1826 1825
f 1746 1747 1827 1826
f 1747 1748 1828 1827
f 1748 1749 1829 1828
f 1749 1750 1830 1829
f 1750 1751 1831 1830
f 1751 1752 1832 1831
f 1752 1753 1833 1832
f 1753 1754 1834 1833
f 1754 1755 1835 1834
f 1755 1756 1836 1835
f 1756 1757 1837 1836
f 1757 1758 1838 1837
f 1758 1759 1839 1838
f 1759 1760 1840 1839
f 1760 1761 1841 1840
f 1761 1682 1762 1841
f 1762 1763 1843 1842
f 1763 1764 1844 1843
f 1764 1765 1845 1844
f 1765 1766 1846 1845
f 1766 1767 1847 1846
f 1767 1768 1848 1847
f 1768 1769 1849 1848
f 1769 1770 1850 1849
f 1770 1771 1851 1850
f 1771 1772 1852 1851
f 1772 1773 1853 1852
f 1773 1774 1854 1853
f 1774 1775 1855 1854
f 1775 1776 1856 1855
f 1776 1777 1857 1856
f 1777 1778 1858 1857
f 1778 1779 1859 1858
f 1779 1780 1860 1859
f 1780 1781 1861 1860
f 1781 1782 1862 1861
f 1782 1783 1863 1862
f 1783 1784 1864 1863
f 1784 1785 1865 1864
f 1785 1786 1866 1865
f 1786 1787 1867 1866
f 1787 1788 1868 1867
f 1788 1789 1869 1868
f 1789 1790 1870 1869
f 1790 1791 1871 1870
f 1791 1792 1872 1871
f 1792 1793 1873 1872
f 1793 1794 1874 1873
f 1794 1795 1875 1874
f 1795 1796 1876 1875
f 1796 1797 1877 1876
f 1797 1798 1878 1877
f 1798 1799 1879 1878
f 1799 1800 1880 1879
f 1800 1801 1881 1880
f 1801 1802 1882 1881
f 1802 1803 1883 1882
f 1803 1804 1884 1883
f 1804 1805 1885 1884
f 1805 1806 1886 1885
f 1806 1807 1887 1886
f 1807 1808 1888 1887
f 1808 1809 1889 1888
f 1809 1810 1890 1889
f 1810 1811 1891 1890
f 1811 1812 1892 1891
f 1812 1813 1893 1892
f 1813 1814 1894 1893
f 1814 1815 1895 1894
f 1815 1816 1896 1895
f 1816 1817 1897 1896
f 1817 1818 1898 1897
f 1818 1819 1899 1898
f 1819 1820 1900 1899
f 1820 1821 1901 1900
f 1821 1822 1902 1901
f 1822 1823 1903 1902
f 1823 1824 1904 1903
f 1824 1825 1905 1904
f 1825 1826 1906 1905
f 1826 1827 1907 1906
f 1827 1828 1908 1907
f 1828 1829 1909 1908
f 1829 1830 1910 1909
f 1830 1831 1911 1910
f 1831 1832 1912 1911
f 1832 1833 1913 1912
f 1833 1834 1914 1913
f 1834 1835 1915 1914
f 1835 1836 1916 1915
f 1836 1837 1917 1916
f 1837 1838 1918 1917
f 1838 1839 1919 1918
f 1839 1840 1920 1919
f 1840 1841 1921 1920
f 1841 1762 1842 1921
f 1842 1843 1923 1922
f 1843 1844 1924 1923
f 1844 1845 1925 1924
f 1845 1846 1926 1925
f 1846 1847 1927 1926
f 1847 1848 1928 1927
f 1848 1849 1929 1928
f 1849 1850 1930 1929
f 1850 1851 1931 1930
f 1851 1852 1932 1931
f 1852 1853 1933 1932
f 1853 1854 1934 1933
f 1854 1855 1935 1934
f 1855 1856 1936 1935
f 1856 1857 1937 1936
f 1857 1858 1938 1937
f 1858 1859 1939 1938
f 1859 1860 1940 1939
f 1860 1861 1941 1940
f 1861 1862 1942 1941
f 1862 1863 1943 1942
f 1863 1864 1944 1943
f 1864 1865 1945 1944
f 1865 1866 1946 1945
f 1866 1867 1947 1946
f 1867 1868 1948 1947
f 1868 1869 1949 1948
f 1869 1870 1950 1949
f 1870 1871 1951 1950
f 1871 1872 1952 1951
f 1872 1873 1953 1952
f 1873 1874 1954 1953
f 1874 1875 1955 1954
f 1875 1876 1956 1955
f 1876 1877 1957 1956
f 1877 1878 1958 1957
f 1878 1879 1959 1958
f 1879 1880 1960 1959
f 1880 1881 1961 1960
f 1881 1882 1962 1961
f 1882 1883 1963 1962
f 1883 1884 1964 1963
f 1884 1885 1965 1964
f 1885 1886 1966 1965
f 1886 1887 1967 1966
f 1887 1888 1968 1967
f 1888 1889 1969 1968
f 1889 1890 1970 1969
f 1890 1891 1971 1970
f 1891 1892 1972 1971
f 1892 1893 1973 1972
f 1893 1894 1974 1973
f 1894 1895 1975 1974
f 1895 1896 1976 1975
f 1896 1897 1977 1976
f 1897 1898 1978 1977
f 1898 1899 1979 1978
f 1899 1900 1980 1979
f 1900 1901 1981 1980
f 1901 1902 1982 1981
f 1902 1903 1983 1982
f 1903 1904 1984 1983
f 1904 1905 1985 1984
f 1905 1906 1986 1985
f 1906 1907 1987 1986
f 1907 1908 1988 1987
f 1908 1909 1989 1988
f 1909 1910 1990 1989
f 1910 1911 1991 1990
f 1911 1912 1992 1991
f 1912 1913 1993 1992
f 1913 1914 1994 1993
f 1914 1915 1995 1994
f 1915 1916 1996 1995
f 1916 1917 1997 1996
f 1917 1918 1998 1997
f 1918 1919 1999 1998
f 1919 1920 2000 1999
f 1920 1921 2001 2000
f 1921 1842 1922 2001
f 1922 1923 2003 2002
f 1923 1924 2004 2003
f 1924 1925 2005 2004
f 1925 1926 2006 2005
f 1926 1927 2007 2006
f 1927 1928 2008 2007
f 1928 1929 2009 2008
f 1929 1930 2010 2009
f 1930 1931 2011 2010
f 1931 1932 2012 2011
f 1932 1933 2013 2012
f 1933 1934 2014 2013
f 1934 1935 2015 2014
f 1935 1936 2016 2015
f 1936 1937 2017 2016
f 1937 1938 2018 2017
f 1938 1939 2019 2018
f 1939 1940 2020 2019
f 1940 1941 2021 2020
f 1941 1942 2022 2021
f 1942 1943 2023 2022
f 1943 1944 2024 2023
f 1944 1945 2025 2024
f 1945 1946 2026 2025
f 1946 1947 2027 2026
f 1947 1948 2028 2027
f 1948 1949 2029 2028
f 1949 1950 2030 2029
f 1950 1951 2031 2030
f 1951 1952 2032 2031
f 1952 1953 2033 2032
f 1953 1954 2034 2033
f 1954 1955 2035 2034
f 1955 1956 2036 2035
f 1956 1957 2037 2036
f 1957 1958 2038 2037
f 1958 1959 2039 2038
f 1959 1960 2040 2039
f 1960 1961 2041 2040
f 1961 1962 2042 2041
f 1962 1963 2043 2042
f 1963 1964 2044 2043
f 1964 1965 2045 2044
f 1965 1966 2046 2045
f 1966 1967 2047 2046
f 1967 1968 2048 2047
f 1968 1969 2049 2048
f 1969 1970 2050 2049
f 1970 1971 2051 2050
f 1971 1972 2052 2051
f 1972 1973 2053 2052
f 1973 1974 2054 2053
f 1974 1975 2055 2054
f 1975 1976 2056 2055
f 1976 1977 2057 2056
f 1977 1978 2058 2057
f 1978 1979 2059 2058
f 1979 1980 2060 2059
f 1980 1981 2061 2060
f 1981 1982 2062 2061
f 1982 1983 2063 2062
f 1983 1984 2064 2063
f 1984 1985 2065 2064
f 1985 1986 2066 2065
f 1986 1987 2067 2066
f 1987 1988 2068 2067
f 1988 1989 2069 2068
f 1989 1990 2070 2069
f 1990 1991 2071 2070
f 1991 1992 2072 2071
f 1992 1993 2073 2072
f 1993 1994 2074 2073
f 1994 1995 2075 2074
f 1995 1996 2076 2075
f 1996 1997 2077 2076
f 1997 1998 2078 2077
f 1998 1999 2079 2078
f 1999 2000 2080 2079
f 2000 2001 2081 2080
f 2001 1922 2002 2081
f 2002 2003 2083 2082
f 2003 2004 2084 2083
f 2004 2005 2085 2084
f 2005 2006 2086 2085
f 2006 2007 2087 2086
f 2007 2008 2088 2087
f 2008 2009 2089 2088
f 2009 2010 2090 2089
f 2010 2011 2091 2090
f 2011 2012 2092 2091
f 2012 2013 2093 2092
f 2013 2014 2094 2093
f 2014 2015 2095 2094
f 2015 2016 2096 2095
f 2016 2017 2097 2096
f 2017 2018 2098 2097
f 2018 2019 2099 2098
f 2019 2020 2100 2099
f 2020 2021 2101 2100
f 2021 2022 2102 2101
f 2022 2023 2103 2102
f 2023 2024 2104 2103
f 2024 2025 2105 2104
f 2025 2026 2106 2105
f 2026 2027 2107 2106
f 2027 2028 2108 2107
f 2028 2029 2109 2108
f 2029 2030 2110 2109
f 2030 2031 2111 2110
f 2031 2032 2112 2111
f 2032 2033 2113 2112
f 2033 2034 2114 2113
f 2034 2035 2115 2114
f 2035 2036 2116 2115
f 2036 2037 2117 2116
f 2037 2038 2118 2117
f 2038 2039 2119 2118
f 2039 2040 2120 2119
f 2040 2041 2121 2120
f 2041 2042 2122 2121
f 2042 2043 2123 2122
f 2043 2044 2124 2123
f 2044 2045 2125 2124
f 2045 2046 2126 2125
f 2046 2047 2127 2126
f 2047 2048 2128 2127
f 2048 2049 2129 2128
f 2049 2050 2130 2129
f 2050 2051 2131 2130
f 2051 2052 2132 2131
f 2052 2053 2133 2132
f 2053 2054 2134 2133
f 2054 2055 2135 2134
f 2055 2056 2136 2135
f 2056 2057 2137 2136
f 2057 2058 2138 2137
f 2058 2059 2139 2138
f 2059 2060 2140 2139
f 2060 2061 2141 2140
f 2061 2062 2142 2141
f 2062 2063 2143 2142
f 2063 2064 2144 2143
f 2064 2065 2145 2144
f 2065 2066 2146 2145
f 2066 2067 2147 2146
f 2067 2068 2148 2147
f 2068 2069 2149 2148
f 2069 2070 2150 2149
f 2070 2071 2151 2150
f 2071 2072 2152 2151
f 2072 2073 2153 2152
f 2073 2074 2154 2153
f 2074 2075 2155 2154
f 2075 2076 2156 2155
f 2076 2077 2157 2156
f 2077 2078 2158 2157
f 2078 2079 2159 2158
f 2079 2080 2160 2159
f 2080 2081 2161 2160
f 2081 2002 2082 2161
f 2082 2162 2163 2083
f 2083 2163 2164 2084
f 2084 2164 2165 2085
f 2085 2165 2166 2086
f 2086 2166 2167 2087
f 2087 2167 2168 2088
f 2088 2168 2169 2089
f 2089 2169 2170 2090
f 2090 2170 2171 2091
f 2091 2171 2172 2092
f 2092 2172 2173 2093
f 2093 2173 2174 2094
f 2094 2174 2175 2095
f 2095 2175 2176 2096
f 2096 2176 2177 2097
f 2097 2177 2178 2098
f 2098 2178 2179 2099
f 2099 2179 2180 2100
f 2100 2180 2181 2101
f 2101 2181 2182 2102
f 2102 2182 2183 2103
f 2103 2183 2184 2104
f 2104 2184 2185 2105
f 2105 2185 2186 2106
f 2106 2186 2187 2107
f 2107 2187 2188 2108
f 2108 2188 2189 2109
f 2109 2189 2190 2110
f 2110 2190 2191 2111
f 2111 2191 2192 2112
f 2112 2192 2193 2113
f 2113 2193 2194 2114
f 2114 2194 2195 2115
f 2115 2195 2196 2116
f 2116 2196 2197 2117
f 2117 2197 2198 2118
f 2118 2198 2199 2119
f 2119 2199 2200 2120
f 2120 2200 2201 2121
f 2121 2201 2202 2122
f 2122 2202 2203 2123
f 2123 2203 2204 2124
f 2124 2204 2205 2125
f 2125 2205 2206 2126
f 2126 2206 2207 2127
f 2127 2207 2208 2128
f 2128 2208 2209 2129
f 2129 2209 2210 2130
f 2130 2210 2211 2131
f 2131 2211 2212 2132
f 2132 2212 2213 2133
f 2133 2213 2214 2134
f 2134 2214 2215 2135
f 2135 2215 2216 2136
f 2136 2216 2217 2137
f 2137 2217 2218 2138
f 2138 2218 2219 2139
f 2139 2219 2220 2140
f 2140 2220 2221 2141
f 2141 2221 2222 2142
f 2142 2222 2223 2143
f 2143 2223 2224 2144
f 2144 2224 2225 2145
f 2145 2225 2226 2146
f 2146 2226 2227 2147
f 2147 2227 2228 2148
f 2148 2228 2229 2149
f 2149 2229 2230 2150
f 2150 2230 2231 2151
f 2151 2231 2232 2152
f 2152 2232 2233 2153
f 2153 2233 2234 2154
f 2154 2234 2235 2155
f 2155 2235 2236 2156
f 2156 2236 2237 2157
f 2157 2237 2238 2158
f 2158 2238 2239 2159
f 2159 2239 2240 2160
f 2160 2240 2241 2161
f 2161 2241 2162 2082
f 2242 2163 2162
f 2242 2164 2163
f 2242 2165 2164
f 2242 2166 2165
f 2242 2167 2166
f 2242 2168 2167
f 2242 2169 2168
f 2242 2170 2169
f 2242 2171 2170
f 2242 2172 2171
f 2242 2173 2172
f 2242 2174 2173
f 2242 2175 2174
f 2242 2176 2175
f 2242 2177 2176
f 2242 2178 2177
f 2242 2179 2178
f 2242 2180 2179
f 2242 2181 2180
f 2242 2182 2181
f 2242 2183 2182
f 2242 2184 2183
f 2242 2185 2184
f 2242 2186 2185
f 2242 2187 2186
f 2242 2188 2187
f 2242 2189 2188
f 2242 2190 2189
f 2242 2191 2190
f 2242 2192 2191
f 2242 2193 2192
f 2242 2194 2193
f 2242 2195 2194
f 2242 2196 2195
f 2242 2197 2196
f 2242 2198 2197
f 2242 2199 2198
f 2242 2200 2199
f 2242 2201 2200
f 2242 2202 2201
f 2242 2203 2202
f 2242 2204 2203
f 2242 2205 2204
f 2242 2206 2205
f 2242 2207 2206
f 2242 2208 2207
f 2242 2209 2208
f 2242 2210 2209
f 2242 2211 2210
f 2242 2212 2211
f 2242 2213 2212
f 2242 2214 2213
f 2242 2215 2214
f 2242 2216 2215
f 2242 2217 2216
f 2242 2218 2217
f 2242 2219 2218
f 2242 2220 2219
f 2242 2221 2220
f 2242 2222 2221
f 2242 2223 2222
f 2242 2224 2223
f 2242 2225 2224
f 2242 2226 2225
f 2242 2227 2226
f 2242 2228 2227
f 2242 2229 2228
f 2242 2230 2229
f 2242 2231 2230
f 2242 2232 2231
f 2242 2233 2232
f 2242 2234 2233
f 2242 2235 2234
f 2242 2236 2235
f 2242 2237 2236
f 2242 2238 2237
f 2242 2239 2238
f 2242 2240 2239
f 2242 2241 2240
f 2242 2162 2241
